"点位Key","源点位ID","类型","国家","源地区","地区ID","地区代码","源分层values","源分层路径","音乐细地点（填写）","音乐目录Key（填写）","补充说明（填写）","原始坐标1","原始坐标2","地下点","点位说明","数据版本","来源"
"kongying:7760","7760","传送锚点","璃月","璃月","2","A:LY:LIYUE","","","","","","-863.5","-2086","否","【璃月 珉林】","1","https://v3.yuanshen.site/"
"kongying:57943","57943","传送锚点","枫丹","枫丹动能工程科学研究院区、黎翡区","29","A:FD:FENGDAN2","MEROPIDE_FORTRESS_RECEPTION_ROOM","枫丹 / 枫丹动能工程科学研究院区、黎翡区 / 梅洛彼得堡 / 梅洛彼得堡 · 接待处","","","","-5508.417977048846","-6645.090341584576","是","【枫丹 黎翡区】（水下「梅洛彼得堡 · 接待处」）","5","https://v3.yuanshen.site/"
"kongying:19608","19608","传送锚点","稻妻","渊下宫","15","A:DQ:YUANXIAGONG","","","","","","3147.3339638669986","1495","否","【稻妻 大日御舆】","1","https://v3.yuanshen.site/"
"kongying:76436","76436","传送锚点","希穆兰卡","希穆兰卡(4.8)","43","A:SIMULANKA:4_8","","","","","","2346.94822462547","-2461.259420561964","否","【希穆兰卡 铃风王国】

注：进行世界任务【森林与公主】时，随进度来到此处解锁","8","https://v3.yuanshen.site/"
"kongying:76435","76435","传送锚点","希穆兰卡","希穆兰卡(4.8)","43","A:SIMULANKA:4_8","","","","","","1897.25","-2420.5","否","【希穆兰卡 铃风王国】","1","https://v3.yuanshen.site/"
"kongying:76434","76434","传送锚点","希穆兰卡","希穆兰卡(4.8)","43","A:SIMULANKA:4_8","","","","","","1849.852157451328","-2682.93740725354","否","【希穆兰卡 铃风王国】","2","https://v3.yuanshen.site/"
"kongying:76431","76431","传送锚点","希穆兰卡","希穆兰卡(4.8)","43","A:SIMULANKA:4_8","","","","","","1948.847106817443","-1373.7291910970544","否","【希穆兰卡 赐福森林】","1","https://v3.yuanshen.site/"
"kongying:76433","76433","传送锚点","希穆兰卡","希穆兰卡(4.8)","43","A:SIMULANKA:4_8","","","","","","1755.8069555535167","-1933.7577617968","否","【希穆兰卡 雨歌塘】","2","https://v3.yuanshen.site/"
"kongying:76432","76432","传送锚点","希穆兰卡","希穆兰卡(4.8)","43","A:SIMULANKA:4_8","","","","","","1970.5","-1847.25","否","【希穆兰卡 赐福小屋】","1","https://v3.yuanshen.site/"
"kongying:76438","76438","传送锚点","希穆兰卡","希穆兰卡(4.8)","43","A:SIMULANKA:4_8","","","","","","330.63323807203005","-2646.1678438422464","否","【希穆兰卡 星轨王城】

注：进行活动剧情任务【欢夏！邪龙？童话国！第二页】「他们行过星空」时，解锁【星轨王城】区域","7","https://v3.yuanshen.site/"
"kongying:76442","76442","传送锚点","希穆兰卡","希穆兰卡(4.8)","43","A:SIMULANKA:4_8","","","","","","-938.6234341578229","-3930.62731186761","否","【希穆兰卡 叠架村】

注：进行活动剧情任务【欢夏！邪龙？童话国！第三页】「直至世界尽头」时，解锁【破碎之海】区域","10","https://v3.yuanshen.site/"
"kongying:76439","76439","传送锚点","希穆兰卡","希穆兰卡(4.8)","43","A:SIMULANKA:4_8","","","","","","143.50117158884177","-2817.6666564941406","否","【希穆兰卡 星轨王城】

注：进行活动剧情任务【欢夏！邪龙？童话国！第二页】「他们行过星空」时，解锁【星轨王城】区域","8","https://v3.yuanshen.site/"
"kongying:76440","76440","传送锚点","希穆兰卡","希穆兰卡(4.8)","43","A:SIMULANKA:4_8","CONSTEL_METROPOLE_ASTRAL_GARDEN","希穆兰卡 / 希穆兰卡(4.8) / 星轨王城 / 星间庭园","","","","106.25","-2818.5","是","【希穆兰卡 星轨王城】（空中「星间庭园」）

注：进行活动剧情任务【欢夏！邪龙？童话国！第二页】「他们行过星空」时，解锁【星轨王城】区域","12","https://v3.yuanshen.site/"
"kongying:76446","76446","传送锚点","希穆兰卡","希穆兰卡(4.8)","43","A:SIMULANKA:4_8","","","","","","1251.75","-2165.75","否","【希穆兰卡 赐福森林】","4","https://v3.yuanshen.site/"
"kongying:76441","76441","传送锚点","希穆兰卡","希穆兰卡(4.8)","43","A:SIMULANKA:4_8","","","","","","64.75","-3178","否","【希穆兰卡 星轨王城】

注：进行活动剧情任务【欢夏！邪龙？童话国！第二页】「他们行过星空」时，解锁【星轨王城】区域","7","https://v3.yuanshen.site/"
"kongying:76445","76445","传送锚点","希穆兰卡","希穆兰卡(4.8)","43","A:SIMULANKA:4_8","","","","","","-1063.25","-4901","否","【希穆兰卡 碎裂的积木矿窟】

注：进行活动剧情任务【欢夏！邪龙？童话国！第三页】「直至世界尽头」时，解锁【破碎之海】区域","10","https://v3.yuanshen.site/"
"kongying:76444","76444","传送锚点","希穆兰卡","希穆兰卡(4.8)","43","A:SIMULANKA:4_8","","","","","","-997.5","-4531.5","否","【希穆兰卡 碎裂的积木矿窟】

注：进行活动剧情任务【欢夏！邪龙？童话国！第三页】「直至世界尽头」时，解锁【破碎之海】区域","10","https://v3.yuanshen.site/"
"kongying:76443","76443","传送锚点","希穆兰卡","希穆兰卡(4.8)","43","A:SIMULANKA:4_8","","","","","","-1285.5","-4522.25","否","【希穆兰卡 碎裂的积木矿窟】

注：进行活动剧情任务【欢夏！邪龙？童话国！第三页】「直至世界尽头」时，解锁【破碎之海】区域","10","https://v3.yuanshen.site/"
"kongying:13406","13406","七天神像","稻妻","鸣神岛、神无冢、八酝岛","12","A:DQ:1","","","","","","3484.500030517578","4108.897034441858","否","【稻妻 绯木村】","2","https://v3.yuanshen.site/"
"kongying:13896","13896","传送锚点","稻妻","清籁岛、海祇岛","13","A:DQ:2","","","","","","2286","4211","否","【稻妻 海祇岛】","1","https://v3.yuanshen.site/"
"kongying:13898","13898","传送锚点","稻妻","清籁岛、海祇岛","13","A:DQ:2","","","","","","1537.666786668692","4512","否","【稻妻 海祇岛】","1","https://v3.yuanshen.site/"
"kongying:24143","24143","传送锚点","金苹果群岛","金苹果群岛(2.8)","10","A:APPLE:2_8","","","","","","1827.5999755859375","-1495.4409612790932","否","【金苹果群岛 布丁岛】","2","https://v3.yuanshen.site/"
"kongying:24622","24622","传送锚点","须弥","诸法丛林","19","A:XM:FOREST","","","","","","-3070.7866656233587","201.35090518792458","否","【须弥 道成林】","1","https://v3.yuanshen.site/"
"kongying:34914","34914","传送锚点","须弥","千壑沙地","22","A:XM:DESERT2","","","","","","-6406.219179849827","964.2916877361477","否","【须弥 千壑沙地】","1","https://v3.yuanshen.site/"
"kongying:34918","34918","传送锚点","须弥","千壑沙地","22","A:XM:DESERT2","","","","","","-6543.706906546834","-546.0534173120313","否","【须弥 千壑沙地】","1","https://v3.yuanshen.site/"
"kongying:34919","34919","传送锚点","须弥","千壑沙地","22","A:XM:DESERT2","","","","","","-6379.552795489321","-158.54189041838254","否","【须弥 千壑沙地】","1","https://v3.yuanshen.site/"
"kongying:34920","34920","传送锚点","须弥","千壑沙地","22","A:XM:DESERT2","","","","","","-6077.729942821079","100.05546694233635","否","【须弥 千壑沙地】","1","https://v3.yuanshen.site/"
"kongying:60406","60406","传送锚点","枫丹","枫丹廷区、白露区、苍晶区","28","A:FD:FENGDAN","TULPA_SWADDLE","枫丹 / 枫丹廷区、白露区、苍晶区 / 大枫丹湖 / 幻人的襁褓","","","","-6404.912406120428","-5313.896980112238","是","（4.2版本新增）
【枫丹 苍晶区】（水下「幻人的襁褓」）","14","https://v3.yuanshen.site/"
"kongying:60462","60462","传送锚点","枫丹","莫尔泰区、伊黎耶林区","30","A:FD:FENGDAN3","","","","","","-3973.5","-4423.500030517578","否","【枫丹 卡布狄斯堡遗迹】","2","https://v3.yuanshen.site/"
"kongying:60461","60461","传送锚点","枫丹","莫尔泰区、伊黎耶林区","30","A:FD:FENGDAN3","GRAND_FONTAINE_LAKE","枫丹 / 莫尔泰区、伊黎耶林区 / 大枫丹湖","","","","-4340.000030517578","-4694.5","是","【枫丹 莫尔泰区】（水下「万水之源 · 大枫丹湖」）","3","https://v3.yuanshen.site/"
"kongying:60460","60460","传送锚点","枫丹","莫尔泰区、伊黎耶林区","30","A:FD:FENGDAN3","GRAND_FONTAINE_LAKE","枫丹 / 莫尔泰区、伊黎耶林区 / 大枫丹湖","","","","-4333.5","-4078.999984741211","是","【枫丹 莫尔泰区】（水下「万水之源 · 大枫丹湖」）","3","https://v3.yuanshen.site/"
"kongying:60465","60465","传送锚点","枫丹","莫尔泰区、伊黎耶林区","30","A:FD:FENGDAN3","GRAND_FONTAINE_LAKE","枫丹 / 莫尔泰区、伊黎耶林区 / 大枫丹湖","","","","-3587.5","-4345.000015258789","是","【枫丹 莫尔泰区】（水下「万水之源 · 大枫丹湖」）","3","https://v3.yuanshen.site/"
"kongying:60457","60457","传送锚点","枫丹","莫尔泰区、伊黎耶林区","30","A:FD:FENGDAN3","","","","","","-4695.128209211357","-4250.881533118911","否","【枫丹 秋分山东侧】","2","https://v3.yuanshen.site/"
"kongying:60463","60463","传送锚点","枫丹","莫尔泰区、伊黎耶林区","30","A:FD:FENGDAN3","MOOR_CAVE_QUAD_WILL","枫丹 / 莫尔泰区、伊黎耶林区 / 愿望之象限 / 荒野的洞窟","","","","-3945","-4492.000030517578","是","【枫丹 卡布狄斯堡遗迹】（地下「荒野的洞窟」）","8","https://v3.yuanshen.site/"
"kongying:60458","60458","传送锚点","枫丹","莫尔泰区、伊黎耶林区","30","A:FD:FENGDAN3","MOOR_CAVE_QUAD_SOUL","枫丹 / 莫尔泰区、伊黎耶林区 / 灵魂之象限 / 荒野的洞窟","","","","-4697.5","-4052","是","【枫丹 莫尔泰区】（地下「荒野的洞窟」）","4","https://v3.yuanshen.site/"
"kongying:105707","105707","传送锚点","挪德卡莱","伦波岛、希汐岛、帕哈岛","51","A:NDKL:NDKL","KUUVAHKI_BUREAU_ANNEX","挪德卡莱 / 伦波岛、希汐岛、帕哈岛 / 月矩力试验设计局 / 月矩力试验设计局 · 销毁车间","","","","-12713","-5129.5","是","【挪德卡莱 月矩力试验设计局】（空中「月矩力试验设计局 · 销毁车间」）

注：进行世界任务【月之东，日之西】「鞋匠的孩子总是光脚」时，随任务进度自动解锁","6","https://v3.yuanshen.site/"
"kongying:105850","105850","传送锚点","挪德卡莱","伦波岛、希汐岛、帕哈岛","51","A:NDKL:NDKL","KUUVAHKI_BUREAU_SOUTH","挪德卡莱 / 伦波岛、希汐岛、帕哈岛 / 月矩力试验设计局 / 月矩力试验设计局 · 南区","","","","-12687.210179895466","-5002.6658624042775","是","【挪德卡莱 月矩力试验设计局】（空中「月矩力试验设计局 · 南区」）","8","https://v3.yuanshen.site/"
"kongying:105847","105847","传送锚点","挪德卡莱","伦波岛、希汐岛、帕哈岛","51","A:NDKL:NDKL","NOD_KRAI_UG_RESEARCH_CENTER","挪德卡莱 / 伦波岛、希汐岛、帕哈岛 / 帕哈岛 / 地下研究所","","","","-13043.25","-5196","是","【挪德卡莱 月矩力试验设计局】（地下「地下研究所」）","4","https://v3.yuanshen.site/"
"kongying:105824","105824","传送锚点","挪德卡莱","伦波岛、希汐岛、帕哈岛","51","A:NDKL:NDKL","BASATAN_HALL_UG2","挪德卡莱 / 伦波岛、希汐岛、帕哈岛 / 希汐岛 / 「蟹之主的宫殿 · 下层」","","","","-13419.894616412184","-3355.4556649895712","是","【挪德卡莱 希汐岛】（地下『「蟹之主的宫殿 · 下层」』）

注：进行世界任务【月谕的半步舞】「镜子、迷宫与国王」时，随进度进入","7","https://v3.yuanshen.site/"
"kongying:52125","52125","传送锚点","枫丹","枫丹动能工程科学研究院区、黎翡区","29","A:FD:FENGDAN2","","","","","","-4710.331005006868","-6466.989539794735","否","【枫丹 枫丹动能工程科学研究院区】","2","https://v3.yuanshen.site/"
"kongying:24563","24563","七天神像","须弥","诸法丛林","19","A:XM:FOREST","","","","","","-2597","-805","否","【须弥 无郁稠林】","2","https://v3.yuanshen.site/"
"kongying:6290","6290","传送锚点","蒙德","蒙德","6","A:MD:MENGDE","","","","","","2568.5660610573","-3457.1337743964","否","【蒙德 坠星山谷】","1","https://v3.yuanshen.site/"
"kongying:6292","6292","传送锚点","蒙德","蒙德","6","A:MD:MENGDE","","","","","","2540.3336677791","-3883.6666717529","否","【蒙德 摘星崖】","1","https://v3.yuanshen.site/"
"kongying:6295","6295","传送锚点","蒙德","蒙德","6","A:MD:MENGDE","","","","","","2711.8336677791","-4398.3333435059","否","【蒙德 海岸到嘹望台】","1","https://v3.yuanshen.site/"
"kongying:52127","52127","传送锚点","枫丹","枫丹动能工程科学研究院区、黎翡区","29","A:FD:FENGDAN2","","","","","","-4309","-7201.5","否","【枫丹 枫丹动能工程科学研究院区】","1","https://v3.yuanshen.site/"
"kongying:52126","52126","传送锚点","枫丹","枫丹动能工程科学研究院区、黎翡区","29","A:FD:FENGDAN2","","","","","","-4307.5","-6733.5","否","【枫丹 枫丹动能工程科学研究院区】","1","https://v3.yuanshen.site/"
"kongying:24616","24616","传送锚点","须弥","诸法丛林","19","A:XM:FOREST","","","","","","-3198.537811414582","1568.4963163943848","否","【须弥 阿陀河谷】","1","https://v3.yuanshen.site/"
"kongying:24617","24617","传送锚点","须弥","诸法丛林","19","A:XM:FOREST","","","","","","-3050.751113415902","1768.1822814547331","否","【须弥 奥摩斯港】","1","https://v3.yuanshen.site/"
"kongying:77679","77679","传送锚点","纳塔","万火之瓯、坚岩隘谷、踞石山、涌流地","45","A:NT:NATA","SACRED_FLAME_ARENA_FAIR_FANE","纳塔 / 万火之瓯、坚岩隘谷、踞石山、涌流地 / 万火之瓯 / 圣火竞技场 · 市集与神庙","","","","-11539.833295701943","1640.6637728447276","是","【纳塔 圣火竞技场 · 楚汶市集】（地下「市集与神庙」）","38","https://v3.yuanshen.site/"
"kongying:24606","24606","传送锚点","须弥","诸法丛林","19","A:XM:FOREST","","","","","","-4201.088868695445","1839.8332847930042","否","【须弥 善见地】","1","https://v3.yuanshen.site/"
"kongying:34910","34910","传送锚点","须弥","千壑沙地","22","A:XM:DESERT2","","","","","","-7155.557536606795","925.619200531828","否","【须弥 「神的棋盘」】","4","https://v3.yuanshen.site/"
"kongying:13897","13897","传送锚点","稻妻","清籁岛、海祇岛","13","A:DQ:2","","","","","","1938.833408596115","4442.167144243302","否","【稻妻 海祇岛】","1","https://v3.yuanshen.site/"
"kongying:13916","13916","传送锚点","稻妻","清籁岛、海祇岛","13","A:DQ:2","","","","","","6498.32987856782","5277.019753690338","否","【稻妻 天云峠】","1","https://v3.yuanshen.site/"
"kongying:13917","13917","传送锚点","稻妻","清籁岛、海祇岛","13","A:DQ:2","","","","","","6200.666200874271","5567","否","【稻妻 天云峠】（空中）

注：进行世界任务【清籁逐雷记 · 其四】时，来到空中解锁","2","https://v3.yuanshen.site/"
"kongying:6562","6562","传送锚点","蒙德","龙脊雪山","17","A:MD:XUESHAN","","","","","","1588.5","-2212","否","【蒙德 龙脊雪山】

注：进行世界任务【山中之物】时，随进度来到此处","3","https://v3.yuanshen.site/"
"kongying:13901","13901","七天神像","稻妻","清籁岛、海祇岛","13","A:DQ:2","","","","","","5902.333603860921","5090.6678758614635","否","【稻妻 越石村】","2","https://v3.yuanshen.site/"
"kongying:24562","24562","七天神像","须弥","诸法丛林","19","A:XM:FOREST","","","","","","-4045.291278232016","-674.406278280775","否","【须弥 桓那兰那】

注：进行世界任务【森林书 第二章】「梦中的苗圃」「兰那罗的世界」时，随进度来到此处","3","https://v3.yuanshen.site/"
"kongying:6557","6557","七天神像","蒙德","蒙德","6","A:MD:MENGDE","","","","","","2293","-4244","否","【蒙德 星落湖】","2","https://v3.yuanshen.site/"
"kongying:10301","10301","传送锚点","稻妻","鸣神岛、神无冢、八酝岛","12","A:DQ:1","","","","","","6519.3334085961","3467.3328405035","否","【稻妻 稻妻城】","1","https://v3.yuanshen.site/"
"kongying:52120","52120","七天神像","枫丹","枫丹动能工程科学研究院区、黎翡区","29","A:FD:FENGDAN2","","","","","","-4632.5","-6824","否","【枫丹 玛丽安纪念公园】","2","https://v3.yuanshen.site/"
"kongying:28844","28844","传送锚点","须弥","大赤沙海","21","A:XM:DESERT","","","","","","-4856.916884301096","2472.4178758614635","否","【须弥 下风蚀地】","1","https://v3.yuanshen.site/"
"kongying:28845","28845","传送锚点","须弥","大赤沙海","21","A:XM:DESERT","","","","","","-5404.165517447447","2463.172829537254","否","【须弥 下风蚀地】","1","https://v3.yuanshen.site/"
"kongying:128120","128120","传送锚点","至冬","永凝冻土、古兽冰原、焰羽谷、白桦雪葬地、霜殛寒峰","58","A:ZD:ZHIDONG1","","","","","","-7842.857744011545","-11034.087475109616","否","（7.1版本新增）
【至冬 霜殛寒峰】","5","https://v3.yuanshen.site/"
"kongying:26042","26042","七天神像","须弥","诸法丛林","19","A:XM:FOREST","","","","","","-4865.304167691271","140.64036478200978","否","【须弥 失梦的国土】

注：进行世界任务【森林书 第三章】「失梦的苗圃」「为了过去的孩子们」时，随进度来到此处","6","https://v3.yuanshen.site/"
"kongying:6289","6289","传送锚点","蒙德","蒙德","6","A:MD:MENGDE","","","","","","3199.3316836234","-2744.2115340797","否","【蒙德 誓言岬】","1","https://v3.yuanshen.site/"
"kongying:111871","111871","传送锚点","挪德卡莱","虚海望、逐浪野、烟硌山峰","52","A:NDKL:NDKL2","FETID_DEPTHS","挪德卡莱 / 虚海望、逐浪野、烟硌山峰 / 烟硌山峰 / 靡穷深壑","","","","-12675.25004088889","-9333.260859909617","是","【挪德卡莱 靡穷深壑】（地下「靡穷深壑」）

注：进行世界任务【夜莺之歌 · 第二章】「多鲁德的长诗」「战歌吟唱时」时，随进度进入","3","https://v3.yuanshen.site/"
"kongying:116172","116172","传送锚点","蒙德","空之神殿","55","A:MD:SHENDIAN","SAMBODHI_CHAMBER","蒙德 / 空之神殿 / 摹忆中枢 / 正觉之间","","","","-705.58565946502","-3421.397168108665","是","【空之神殿 柱殿中央区】（空中「正觉之间」）

注：进行世界任务【山中好长日 · 第三章】【审判】「最后的审判」时，随进度出现并解锁","14","https://v3.yuanshen.site/"
"kongying:25585","25585","传送锚点","须弥","诸法丛林","19","A:XM:FOREST","OLD_CAVE_BLIND_PATH","须弥 / 诸法丛林 / 降诸魔山 / 旧窟暗道","","","","-2821","1159.0000610351562","是","【须弥 降诸魔山】（地下「旧窟暗道」）

注：进行世界任务【吉祥具书】「吉祥具书 · 加扎里篇」时，随进度进入","7","https://v3.yuanshen.site/"
"kongying:47675","47675","传送锚点","须弥","苍漠囿土","23","A:XM:DESERT3","","","","","","-6795.169557517958","-2745.4346926575163","否","（4.0版本新增）
【须弥 浮罗囿】

注：完成魔神任务【序章 第三幕】「巨龙与自由之歌」后，自动解锁","3","https://v3.yuanshen.site/"
"kongying:60464","60464","传送锚点","枫丹","莫尔泰区、伊黎耶林区","30","A:FD:FENGDAN3","","","","","","-4078","-3876","否","【枫丹 莫尔泰区】","1","https://v3.yuanshen.site/"
"kongying:60454","60454","传送锚点","枫丹","莫尔泰区、伊黎耶林区","30","A:FD:FENGDAN3","WATER_LAND_EYE_UPPER","枫丹 / 莫尔泰区、伊黎耶林区 / 水与土之眼 / 水与土之眼 · 上部","","","","-3594.162950903902","-5312.602365070512","是","【枫丹 伊黎耶林区】（地下「水与土之眼 · 上部」）

注：由【南侧「锈舵」】与【佩尔曼雅】对话【正确回答3个问题】后，操作【危险的自动舰炮】击碎巨石后可见","4","https://v3.yuanshen.site/"
"kongying:34911","34911","传送锚点","须弥","千壑沙地","22","A:XM:DESERT2","DAMAVAND_MT_UG2","须弥 / 千壑沙地 / 达马山 / 达马山遗迹 · 下层","","","","-7518.000585794422","278.25054901479234","是","【须弥 千壑沙地】（地下「达马山遗迹 · 下层」）

注：进行世界任务【比勒琪丝的哀歌】「埋葬丰饶的沙丘 · 下」时，随进度进入","3","https://v3.yuanshen.site/"
"kongying:6284","6284","传送锚点","蒙德","蒙德","6","A:MD:MENGDE","","","","","","1226.9417838044","-3730.38146687","否","【蒙德 苍风高地】","1","https://v3.yuanshen.site/"
"kongying:48802","48802","传送锚点","枫丹","枫丹廷区、白露区、苍晶区","28","A:FD:FENGDAN","GRAND_FONTAINE_LAKE","枫丹 / 枫丹廷区、白露区、苍晶区 / 大枫丹湖","","","","-5233.659726612104","-6114","是","【枫丹 塔拉塔海谷】（水下「万水之源 · 大枫丹湖」）","1","https://v3.yuanshen.site/"
"kongying:77749","77749","传送锚点","纳塔","万火之瓯、坚岩隘谷、踞石山、涌流地","45","A:NT:NATA","RIVER_UNDER_FLOW_FLAME_POOL_UG2","纳塔 / 万火之瓯、坚岩隘谷、踞石山、涌流地 / 涌流地 / 流炎地下河 · 下层","","","","-11020.75","2825.25","是","【纳塔 涌流地】（地下「流炎地下河 · 下层」）

注：进行世界任务【火中取梦的故事】「溯往者不可追」时，随进度进入","44","https://v3.yuanshen.site/"
"kongying:82868","82868","传送锚点","纳塔","万火之瓯、坚岩隘谷、踞石山、涌流地","45","A:NT:NATA","THOUSAND_GROTTO","纳塔 / 万火之瓯、坚岩隘谷、踞石山、涌流地 / 涌流地 / 漫野的洞窟","","","","-10584.620589714112","2732.5050378794313","是","（5.1版本新增）
【纳塔 涌流地】（地下「漫野的洞窟」）","9","https://v3.yuanshen.site/"
"kongying:116389","116389","传送锚点","蒙德","空之神殿","55","A:MD:SHENDIAN","NEITHER_BE_NOR_NONBE_CAGE_PARTIAL_ABBEY","蒙德 / 空之神殿 / 摹忆中枢 / 非有非无有之笼 · 偏观","","","","-740.4927519954044","-3376.4627027727947","是","【空之神殿 非有非无有之笼 · 偏观】（空中「非有非无有之笼 · 偏观」）

注：进行世界任务【山中好长日 · 第三章】【审判】「最后的审判」时，自动解锁","6","https://v3.yuanshen.site/"
"kongying:90023","90023","传送锚点","纳塔","镜璧山、翘枝崖、奥奇卡纳塔","46","A:NT:NATA2","CULTIVATE_SANCTUARY","纳塔 / 镜璧山、翘枝崖、奥奇卡纳塔 / 镜璧山 / 隐世修行之处","","","","-12277.27169538412","1651.1678375251122","是","（5.3版本新增）
【纳塔 漫曛谷】（地下「隐世修行之处」）","5","https://v3.yuanshen.site/"
"kongying:34917","34917","传送锚点","须弥","千壑沙地","22","A:XM:DESERT2","","","","","","-6902","-269","否","【须弥 酣乐之殿】","2","https://v3.yuanshen.site/"
"kongying:84663","84663","传送锚点","纳塔","镜璧山、翘枝崖、奥奇卡纳塔","46","A:NT:NATA2","","","","","","-12816.603144529448","-373.1079235126981","否","【纳塔 奥奇卡纳塔】","3","https://v3.yuanshen.site/"
"kongying:84664","84664","传送锚点","纳塔","镜璧山、翘枝崖、奥奇卡纳塔","46","A:NT:NATA2","","","","","","-13172.5","-552.5","否","【纳塔 奥奇卡纳塔】","4","https://v3.yuanshen.site/"
"kongying:84665","84665","传送锚点","纳塔","镜璧山、翘枝崖、奥奇卡纳塔","46","A:NT:NATA2","","","","","","-12964.5","-646","否","【纳塔 空梦的起始】","3","https://v3.yuanshen.site/"
"kongying:84666","84666","传送锚点","纳塔","镜璧山、翘枝崖、奥奇卡纳塔","46","A:NT:NATA2","","","","","","-12743.5","-536.5","否","【纳塔 空梦的起始】","3","https://v3.yuanshen.site/"
"kongying:84668","84668","传送锚点","纳塔","镜璧山、翘枝崖、奥奇卡纳塔","46","A:NT:NATA2","","","","","","-12762.5","-1164","否","【纳塔 奥奇卡纳塔】

注：由【西侧】【地下「烬火炽燃所其二 · 上层」】将1个【镌光铭印】送回至铁门旁后，传送至此处","5","https://v3.yuanshen.site/"
"kongying:84677","84677","传送锚点","纳塔","镜璧山、翘枝崖、奥奇卡纳塔","46","A:NT:NATA2","LEGEND_SKYSERPENT_SHIP","纳塔 / 镜璧山、翘枝崖、奥奇卡纳塔 / 奥奇卡纳塔 / 传说中的天蛇船","","","","-12700","-408","是","【纳塔 传说中的天蛇船】（空中「传说中的天蛇船」）

注：进行世界任务【流灰之国的迷旅人 · 第三章】「天蛇颤动」「天空的另一侧」时，随进度解锁","11","https://v3.yuanshen.site/"
"kongying:84687","84687","传送锚点","纳塔","镜璧山、翘枝崖、奥奇卡纳塔","46","A:NT:NATA2","NIGHTMARES_NURSERY","纳塔 / 镜璧山、翘枝崖、奥奇卡纳塔 / 奥奇卡纳塔 / 噩梦的温床","","","","-13610","-1443","是","【纳塔 噩梦的温床】（地下「噩梦的温床」）

注：随世界任务【流灰之国的迷旅人 · 第三章】「天蛇颤动」「梦醒时分」进度可解锁","8","https://v3.yuanshen.site/"
"kongying:52133","52133","传送锚点","枫丹","枫丹动能工程科学研究院区、黎翡区","29","A:FD:FENGDAN2","MILLENNIAL_PEARL_SEAHORSE","枫丹 / 枫丹动能工程科学研究院区、黎翡区 / 大枫丹湖 / 「千年珍珠骏麟王庭」","","","","-5937","-7227","是","【枫丹 黎翡区】（水下「千年珍珠骏麟王庭」）","1","https://v3.yuanshen.site/"
"kongying:86224","86224","传送锚点","纳塔","镜璧山、翘枝崖、奥奇卡纳塔","46","A:NT:NATA2","","","","","","-12906.052152349548","-538.570931889536","否","【纳塔 空梦的起始】","3","https://v3.yuanshen.site/"
"kongying:86247","86247","传送锚点","纳塔","镜璧山、翘枝崖、奥奇卡纳塔","46","A:NT:NATA2","","","","","","-11728.014621322362","-783.0705259202432","否","【纳塔 奥奇卡纳塔】（空中）

注：由【东南侧】地面岛屿攻击「游光靶标」出现并不断攻击【12个】「游光靶标」，出现并乘【游隙灵道】到达此处","8","https://v3.yuanshen.site/"
"kongying:84686","84686","传送锚点","纳塔","镜璧山、翘枝崖、奥奇卡纳塔","46","A:NT:NATA2","DARK_CURRENT_CANYON","纳塔 / 镜璧山、翘枝崖、奥奇卡纳塔 / 统律之心 / 暗流的峡谷","","","","-12848","-605","是","【纳塔 奥奇卡纳塔】（地下「暗流的峡谷」）

注：进行【流灰之国的迷旅人 · 第二章】「遥望苍天之梦」「幻蛇的宫殿」时，随进度出现","9","https://v3.yuanshen.site/"
"kongying:121703","121703","传送锚点","至冬","永凝冻土、古兽冰原、焰羽谷、白桦雪葬地、霜殛寒峰","58","A:ZD:ZHIDONG1","WING_SHADOWED_TOWN","至冬 / 永凝冻土、古兽冰原、焰羽谷、白桦雪葬地、霜殛寒峰 / 焰羽谷 / 受翼遮蔽的小镇","","","","-10450.406773615174","-12993.464212885905","是","【至冬 焰羽谷】（地下「受翼遮蔽的小镇」）","4","https://v3.yuanshen.site/"
"kongying:60466","60466","传送锚点","枫丹","莫尔泰区、伊黎耶林区","30","A:FD:FENGDAN3","","","","","","-3811.5","-4767","否","【枫丹 卡布狄斯堡遗迹】","2","https://v3.yuanshen.site/"
"kongying:60455","60455","传送锚点","枫丹","莫尔泰区、伊黎耶林区","30","A:FD:FENGDAN3","HAUTECLAIRE","枫丹 / 莫尔泰区、伊黎耶林区 / 伊黎耶岛地下 / 欧蒂克莱尔","","","","-4095","-5740.5","是","【枫丹 伊黎耶之根】（地下「欧蒂克莱尔」）

注：进行世界任务【伊黎耶的野精灵】「在伊黎耶深处」时，随进度解锁","6","https://v3.yuanshen.site/"
"kongying:93664","93664","传送锚点","纳塔","安饶之野","47","A:NT:NATA3","","","","","","-11847.5","2057.75","否","【纳塔 安饶之野】

注：5.5版本更新后，完成魔神任务【序章 第三幕】「巨龙与自由之歌」后，自动解锁","5","https://v3.yuanshen.site/"
"kongying:93817","93817","传送锚点","纳塔","安饶之野","47","A:NT:NATA3","FRAME_CROWN","纳塔 / 安饶之野 / 安饶之野 / 「天火之冠」","","","","-13315.5","3012.5","是","【纳塔 「天火之冠」】（空中「天火之冠」）

注：进行世界任务【朝向炎崖之路】「纳华钦之跃」时，随进度解锁","8","https://v3.yuanshen.site/"
"kongying:93591","93591","传送锚点","纳塔","安饶之野","47","A:NT:NATA3","MOLTEN_FLAME_FISSURE","纳塔 / 安饶之野 / 安饶之野 / 熔裂的罅隙","","","","-12656.65579054257","2121.358939681897","是","【纳塔 安饶之野】（地下「熔裂的罅隙」）","4","https://v3.yuanshen.site/"
"kongying:94066","94066","传送锚点","纳塔","安饶之野","47","A:NT:NATA3","SCORCH_FIRE_EXPERIMENT_SITE_UPPER","纳塔 / 安饶之野 / 流火的实验地 / 流火的实验地 · 浅层","","","","-12331","2918.499984741211","是","【纳塔 觐山古道】（地下「流火的实验地 · 浅层」）","4","https://v3.yuanshen.site/"
"kongying:119981","119981","传送锚点","挪德卡莱","杜南纳深坑","53","A:NDKL:NDKL3","DUNANNA_FORWARD_POST_UG2","挪德卡莱 / 杜南纳深坑 / 杜南纳前进站 / 杜南纳前进站 · 下层","","","","-11038.16803650476","-8361.53804520724","是","【挪德卡莱 杜南纳深坑】（地下「杜南纳前进站 · 下层」）","3","https://v3.yuanshen.site/"
"kongying:84670","84670","传送锚点","纳塔","镜璧山、翘枝崖、奥奇卡纳塔","46","A:NT:NATA2","","","","","","-12369.004552038365","-1048.3949211250374","否","【纳塔 托佐兹之岛】","3","https://v3.yuanshen.site/"
"kongying:84667","84667","传送锚点","纳塔","镜璧山、翘枝崖、奥奇卡纳塔","46","A:NT:NATA2","","","","","","-12906.5","-851.5","否","【纳塔 奥奇卡纳塔】","3","https://v3.yuanshen.site/"
"kongying:84669","84669","传送锚点","纳塔","镜璧山、翘枝崖、奥奇卡纳塔","46","A:NT:NATA2","","","","","","-12409.498437881544","-899.5011102208837","否","【纳塔 奥奇卡纳塔】（空中）

注：进行世界任务【流灰之国的迷旅人 · 第二章】「被灰烬掩埋的城市」「启程，苍天航路」时，随进度到达

注：也可魂附【绒翼龙】或使用「花羽会」部族成员借助浮石间的「聚流焚风」飞到此处","12","https://v3.yuanshen.site/"
"kongying:121651","121651","七天神像","至冬","永凝冻土、古兽冰原、焰羽谷、白桦雪葬地、霜殛寒峰","58","A:ZD:ZHIDONG1","","","","","","-9926.648517727806","-10965.796197993302","否","【至冬 凝露镇】","3","https://v3.yuanshen.site/"
"kongying:121661","121661","七天神像","至冬","永凝冻土、古兽冰原、焰羽谷、白桦雪葬地、霜殛寒峰","58","A:ZD:ZHIDONG1","","","","","","-8478.718147241667","-13460.561767839832","否","【至冬 至冬堡】","3","https://v3.yuanshen.site/"
"kongying:84671","84671","传送锚点","纳塔","镜璧山、翘枝崖、奥奇卡纳塔","46","A:NT:NATA2","","","","","","-12046.210306426705","-351.54117747610144","否","【纳塔 奥奇卡纳塔】","3","https://v3.yuanshen.site/"
"kongying:121653","121653","传送锚点","至冬","永凝冻土、古兽冰原、焰羽谷、白桦雪葬地、霜殛寒峰","58","A:ZD:ZHIDONG1","","","","","","-11051.846199097155","-10193.441588616724","否","【至冬 古兽冰原】

注：7.0版本更新后，完成魔神任务【序章 第三幕】「巨龙与自由之歌」后，自动解锁","3","https://v3.yuanshen.site/"
"kongying:84675","84675","传送锚点","纳塔","镜璧山、翘枝崖、奥奇卡纳塔","46","A:NT:NATA2","NATLAN_BURIED_UG_RUIN","纳塔 / 镜璧山、翘枝崖、奥奇卡纳塔 / 旧日的统律之心 / 淹埋的地下遗迹","","","","-12380.000030517578","-309.25","是","【纳塔 旧日的统律之心】（地下「淹埋的地下遗迹」）","6","https://v3.yuanshen.site/"
"kongying:84673","84673","传送锚点","纳塔","镜璧山、翘枝崖、奥奇卡纳塔","46","A:NT:NATA2","","","","","","-12631.25","-295","否","【纳塔 火鹦之塔】

注：进行世界任务【流灰之国的迷旅人 · 第一章】【被灰烬掩埋的城市】「翻越朝霭之墙」时，
随进度由【上层】【激活】机关后解锁","6","https://v3.yuanshen.site/"
"kongying:84662","84662","传送锚点","纳塔","镜璧山、翘枝崖、奥奇卡纳塔","46","A:NT:NATA2","","","","","","-13024.492538198294","-291.08355847424446","否","【纳塔 奥奇卡纳塔】","2","https://v3.yuanshen.site/"
"kongying:121654","121654","七天神像","至冬","永凝冻土、古兽冰原、焰羽谷、白桦雪葬地、霜殛寒峰","58","A:ZD:ZHIDONG1","","","","","","-8347.752253729635","-11922.384720987586","否","【至冬 霜殛寒峰】","4","https://v3.yuanshen.site/"
"kongying:121662","121662","七天神像","至冬","永凝冻土、古兽冰原、焰羽谷、白桦雪葬地、霜殛寒峰","58","A:ZD:ZHIDONG1","","","","","","-7071.690663469455","-13779.986422883496","否","【至冬 白冕宫】","3","https://v3.yuanshen.site/"
"kongying:121657","121657","七天神像","至冬","永凝冻土、古兽冰原、焰羽谷、白桦雪葬地、霜殛寒峰","58","A:ZD:ZHIDONG1","","","","","","-9997.240117508816","-13203.502953444888","否","【至冬 焰羽谷】","3","https://v3.yuanshen.site/"
"kongying:121671","121671","传送锚点","至冬","永凝冻土、古兽冰原、焰羽谷、白桦雪葬地、霜殛寒峰","58","A:ZD:ZHIDONG1","","","","","","-9696.973473257896","-11121.467094966774","否","【至冬 凝露镇】","2","https://v3.yuanshen.site/"
"kongying:84672","84672","传送锚点","纳塔","镜璧山、翘枝崖、奥奇卡纳塔","46","A:NT:NATA2","","","","","","-11728.25","-55.5","否","【纳塔 烬火炽燃所】","4","https://v3.yuanshen.site/"
"kongying:84647","84647","七天神像","纳塔","镜璧山、翘枝崖、奥奇卡纳塔","46","A:NT:NATA2","","","","","","-12480","-4","否","【纳塔 奥奇卡纳塔】

注：进行世界任务【流灰之国的迷旅人 · 第一章】「被灰烬掩埋的城市」「翻越朝霭之墙」时，【启动机关】掉进遗迹中可解锁","9","https://v3.yuanshen.site/"
"kongying:84661","84661","传送锚点","纳塔","镜璧山、翘枝崖、奥奇卡纳塔","46","A:NT:NATA2","","","","","","-12851","27.5","否","【纳塔 奥奇卡纳塔】","3","https://v3.yuanshen.site/"
"kongying:121680","121680","传送锚点","至冬","永凝冻土、古兽冰原、焰羽谷、白桦雪葬地、霜殛寒峰","58","A:ZD:ZHIDONG1","","","","","","-10295.88548296671","-11437.697025766634","否","【至冬 古兽冰原】","2","https://v3.yuanshen.site/"
"kongying:84660","84660","传送锚点","纳塔","镜璧山、翘枝崖、奥奇卡纳塔","46","A:NT:NATA2","","","","","","-12430","300","否","【纳塔 翘枝崖】","3","https://v3.yuanshen.site/"
"kongying:121670","121670","传送锚点","至冬","永凝冻土、古兽冰原、焰羽谷、白桦雪葬地、霜殛寒峰","58","A:ZD:ZHIDONG1","","","","","","-10108.559340940577","-10826.378652563246","否","【至冬 古兽冰原】","2","https://v3.yuanshen.site/"
"kongying:121685","121685","传送锚点","至冬","永凝冻土、古兽冰原、焰羽谷、白桦雪葬地、霜殛寒峰","58","A:ZD:ZHIDONG1","","","","","","-9245.978914581974","-12406.75996230017","否","【至冬 永凝冻土】","1","https://v3.yuanshen.site/"
"kongying:121686","121686","传送锚点","至冬","永凝冻土、古兽冰原、焰羽谷、白桦雪葬地、霜殛寒峰","58","A:ZD:ZHIDONG1","","","","","","-8982.808329196638","-12775.699823381954","否","【至冬 永凝冻土】","2","https://v3.yuanshen.site/"
"kongying:84659","84659","传送锚点","纳塔","镜璧山、翘枝崖、奥奇卡纳塔","46","A:NT:NATA2","","","","","","-12196","661.5","否","【纳塔 「花羽会」】","3","https://v3.yuanshen.site/"
"kongying:84646","84646","七天神像","纳塔","镜璧山、翘枝崖、奥奇卡纳塔","46","A:NT:NATA2","","","","","","-12609","896","否","【纳塔 翘枝崖】","2","https://v3.yuanshen.site/"
"kongying:84658","84658","传送锚点","纳塔","镜璧山、翘枝崖、奥奇卡纳塔","46","A:NT:NATA2","","","","","","-12256.613243770627","893.8710636938258","否","【纳塔 「花羽会」】","4","https://v3.yuanshen.site/"
"kongying:84657","84657","传送锚点","纳塔","镜璧山、翘枝崖、奥奇卡纳塔","46","A:NT:NATA2","NATLAN_CORROD_STONE_CHAMBER","纳塔 / 镜璧山、翘枝崖、奥奇卡纳塔 / 翘枝崖 / 受侵蚀的石室","","","","-11942.5","954","是","【纳塔 翘枝崖】（地下「受侵蚀的石室」）","4","https://v3.yuanshen.site/"
"kongying:84655","84655","传送锚点","纳塔","镜璧山、翘枝崖、奥奇卡纳塔","46","A:NT:NATA2","","","","","","-11879.999969482422","1072.25","否","【纳塔 翘枝崖】","3","https://v3.yuanshen.site/"
"kongying:84656","84656","传送锚点","纳塔","镜璧山、翘枝崖、奥奇卡纳塔","46","A:NT:NATA2","NATLAN_CORROD_STONE_CHAMBER","纳塔 / 镜璧山、翘枝崖、奥奇卡纳塔 / 翘枝崖 / 受侵蚀的石室","","","","-11986.5","1169","是","【纳塔 翘枝崖】（地下「受侵蚀的石室」）","4","https://v3.yuanshen.site/"
"kongying:84654","84654","传送锚点","纳塔","镜璧山、翘枝崖、奥奇卡纳塔","46","A:NT:NATA2","","","","","","-12425","1248.5","否","【纳塔 「烟谜主」】","3","https://v3.yuanshen.site/"
"kongying:121682","121682","传送锚点","至冬","永凝冻土、古兽冰原、焰羽谷、白桦雪葬地、霜殛寒峰","58","A:ZD:ZHIDONG1","","","","","","-10463.67463426633","-11709.703066564047","否","【至冬 古兽冰原】","1","https://v3.yuanshen.site/"
"kongying:84653","84653","传送锚点","纳塔","镜璧山、翘枝崖、奥奇卡纳塔","46","A:NT:NATA2","","","","","","-12394.25","1340.25","否","【纳塔 「烟谜主」】","2","https://v3.yuanshen.site/"
"kongying:84652","84652","传送锚点","纳塔","镜璧山、翘枝崖、奥奇卡纳塔","46","A:NT:NATA2","","","","","","-12766.5","1318","否","【纳塔 镜璧山】","3","https://v3.yuanshen.site/"
"kongying:121684","121684","传送锚点","至冬","永凝冻土、古兽冰原、焰羽谷、白桦雪葬地、霜殛寒峰","58","A:ZD:ZHIDONG1","","","","","","-9549.657497321728","-12215.861718247863","否","【至冬 永凝冻土】","3","https://v3.yuanshen.site/"
"kongying:121690","121690","传送锚点","至冬","永凝冻土、古兽冰原、焰羽谷、白桦雪葬地、霜殛寒峰","58","A:ZD:ZHIDONG1","","","","","","-9015.06231096297","-13240.021747317209","否","【至冬 永凝冻土】","2","https://v3.yuanshen.site/"
"kongying:84648","84648","传送锚点","纳塔","镜璧山、翘枝崖、奥奇卡纳塔","46","A:NT:NATA2","","","","","","-12097.47554806273","1399.2552019521972","否","【纳塔 镜璧山】","3","https://v3.yuanshen.site/"
"kongying:84644","84644","传送锚点","纳塔","镜璧山、翘枝崖、奥奇卡纳塔","46","A:NT:NATA2","","","","","","-11775.5","1492","否","【纳塔 镜璧山】

注：5.2版本更新后，完成魔神任务【序章 第三幕】「巨龙与自由之歌」后，自动解锁","5","https://v3.yuanshen.site/"
"kongying:84651","84651","传送锚点","纳塔","镜璧山、翘枝崖、奥奇卡纳塔","46","A:NT:NATA2","","","","","","-12517","1530.75","否","【纳塔 镜璧山】","2","https://v3.yuanshen.site/"
"kongying:84645","84645","七天神像","纳塔","镜璧山、翘枝崖、奥奇卡纳塔","46","A:NT:NATA2","","","","","","-12163.5","1547.5","否","【纳塔 镜璧山】","2","https://v3.yuanshen.site/"
"kongying:84649","84649","传送锚点","纳塔","镜璧山、翘枝崖、奥奇卡纳塔","46","A:NT:NATA2","","","","","","-11997.066341975868","1582.7494332492934","否","【纳塔 镜璧山】","2","https://v3.yuanshen.site/"
"kongying:121698","121698","传送锚点","至冬","永凝冻土、古兽冰原、焰羽谷、白桦雪葬地、霜殛寒峰","58","A:ZD:ZHIDONG1","","","","","","-9571.894420304885","-13703.530694980278","否","【至冬 海屑镇】","1","https://v3.yuanshen.site/"
"kongying:84650","84650","传送锚点","纳塔","镜璧山、翘枝崖、奥奇卡纳塔","46","A:NT:NATA2","","","","","","-12329.5","1668","否","【纳塔 镜璧山】","3","https://v3.yuanshen.site/"
"kongying:121722","121722","传送锚点","至冬","永凝冻土、古兽冰原、焰羽谷、白桦雪葬地、霜殛寒峰","58","A:ZD:ZHIDONG1","","","","","","-8395.738019554858","-13654.012884763899","否","【至冬 至冬堡】","1","https://v3.yuanshen.site/"
"kongying:121713","121713","传送锚点","至冬","永凝冻土、古兽冰原、焰羽谷、白桦雪葬地、霜殛寒峰","58","A:ZD:ZHIDONG1","PRAYER_HALL","至冬 / 永凝冻土、古兽冰原、焰羽谷、白桦雪葬地、霜殛寒峰 / 奥古洛夫镇 / 祷告的大礼堂","","","","-10800.81801023562","-12534.524215105606","是","【至冬 奥古洛夫镇】（地下「祷告的大礼堂」）","3","https://v3.yuanshen.site/"
"kongying:121737","121737","传送锚点","至冬","永凝冻土、古兽冰原、焰羽谷、白桦雪葬地、霜殛寒峰","58","A:ZD:ZHIDONG1","MOUNTAIN_HOUSE_HALL","至冬 / 永凝冻土、古兽冰原、焰羽谷、白桦雪葬地、霜殛寒峰 / 赫斯珀利德斯之馆 / 山中之馆的前厅","","","","-7810.064740173861","-11946.60942985639","是","【至冬 赫斯珀利德斯之馆】（空中「山中之馆的前厅」）","6","https://v3.yuanshen.site/"
"kongying:121734","121734","传送锚点","至冬","永凝冻土、古兽冰原、焰羽谷、白桦雪葬地、霜殛寒峰","58","A:ZD:ZHIDONG1","","","","","","-7909.388310258888","-11993.810228956987","否","【至冬 霜殛寒峰】","2","https://v3.yuanshen.site/"
"kongying:121726","121726","传送锚点","至冬","永凝冻土、古兽冰原、焰羽谷、白桦雪葬地、霜殛寒峰","58","A:ZD:ZHIDONG1","TRAIN_TERMINAL_ARRIVALS","至冬 / 永凝冻土、古兽冰原、焰羽谷、白桦雪葬地、霜殛寒峰 / 永凝冻土 / 列车总站出站层","","","","-8693.587513384547","-13211.9282226722","是","【至冬 列车总站】（地下「列车总站出站层」）","2","https://v3.yuanshen.site/"
"kongying:121717","121717","传送锚点","至冬","永凝冻土、古兽冰原、焰羽谷、白桦雪葬地、霜殛寒峰","58","A:ZD:ZHIDONG1","","","","","","-8723.646140552626","-13531.180473861634","否","【至冬 至冬堡】","1","https://v3.yuanshen.site/"
"kongying:121730","121730","传送锚点","至冬","永凝冻土、古兽冰原、焰羽谷、白桦雪葬地、霜殛寒峰","58","A:ZD:ZHIDONG1","","","","","","-8728.990905111987","-12456.79810393515","否","【至冬 霜殛寒峰】","2","https://v3.yuanshen.site/"
"kongying:95173","95173","传送锚点","纳塔","远古圣山","48","A:NT:NATA4","ANCIENT_SACRED_MT_DRAGON_LAIR","纳塔 / 远古圣山 / 远古圣山 / 远古圣山的龙居地","","","","1102.5797263970744","-3272.425207451064","是","【纳塔 远古圣山】（地下「远古圣山的龙居地」）","10","https://v3.yuanshen.site/"
"kongying:95177","95177","传送锚点","纳塔","远古圣山","48","A:NT:NATA4","SACRED_MT_HEART","纳塔 / 远古圣山 / 远古圣山 / 圣山之心","","","","1396.7463846985238","-3036.8443404478144","是","【纳塔 圣山之心】（地下「圣山之心」）

注：进行世界任务【荒落之城的记述人】「如烈日彻照阴霾」时，随进度解锁","10","https://v3.yuanshen.site/"
"kongying:95175","95175","传送锚点","纳塔","远古圣山","48","A:NT:NATA4","ANCIENT_SACRED_MT_DRAGON_LAIR","纳塔 / 远古圣山 / 远古圣山 / 远古圣山的龙居地","","","","1396.5","-2659.999969482422","是","【纳塔 远古圣山】（地下「远古圣山的龙居地」）","9","https://v3.yuanshen.site/"
"kongying:95159","95159","传送锚点","纳塔","远古圣山","48","A:NT:NATA4","","","","","","441","-3680","否","【纳塔 候召的厅堂】","7","https://v3.yuanshen.site/"
"kongying:95164","95164","传送锚点","纳塔","远古圣山","48","A:NT:NATA4","","","","","","709.25","-1700.25","否","【纳塔 远古圣山】","7","https://v3.yuanshen.site/"
"kongying:95160","95160","传送锚点","纳塔","远古圣山","48","A:NT:NATA4","","","","","","905.1574977860992","-2910.2722266154224","否","【纳塔 远古圣山】","10","https://v3.yuanshen.site/"
"kongying:95172","95172","传送锚点","纳塔","远古圣山","48","A:NT:NATA4","ANCIENT_SACRED_MT_DRAGON_LAIR","纳塔 / 远古圣山 / 远古圣山 / 远古圣山的龙居地","","","","709","-3459.499969482422","是","【纳塔 远古圣山】（地下「远古圣山的龙居地」）","9","https://v3.yuanshen.site/"
"kongying:95167","95167","传送锚点","纳塔","远古圣山","48","A:NT:NATA4","ANCIENT_SACRED_MT_DRAGON_LAIR","纳塔 / 远古圣山 / 远古圣山 / 远古圣山的龙居地","","","","841","-2791.5","是","【纳塔 远古圣山】（地下「远古圣山的龙居地」）","12","https://v3.yuanshen.site/"
"kongying:95171","95171","传送锚点","纳塔","远古圣山","48","A:NT:NATA4","ANCIENT_SACRED_MT_DRAGON_LAIR","纳塔 / 远古圣山 / 远古圣山 / 远古圣山的龙居地","","","","511","-3209.5","是","【纳塔 远古圣山】（地下「远古圣山的龙居地」）","9","https://v3.yuanshen.site/"
"kongying:95170","95170","传送锚点","纳塔","远古圣山","48","A:NT:NATA4","ANCIENT_SACRED_MT_DRAGON_LAIR","纳塔 / 远古圣山 / 远古圣山 / 远古圣山的龙居地","","","","1","-2876","是","【纳塔 力向逆心】（地下「远古圣山的龙居地」）

注：进行世界任务【荒落之城的记述人】「昔时逆转力向之处」时，随进度解锁","10","https://v3.yuanshen.site/"
"kongying:95176","95176","传送锚点","纳塔","远古圣山","48","A:NT:NATA4","DELIBERATE_COURT","纳塔 / 远古圣山 / 远古圣山 / 审议之庭","","","","804","-2708","是","【纳塔 审议之庭】（地下「审议之庭」）

注：进行世界任务【荒落之城的记述人】「昔时裁决的圣座」时，随进度进入","9","https://v3.yuanshen.site/"
"kongying:121733","121733","传送锚点","至冬","永凝冻土、古兽冰原、焰羽谷、白桦雪葬地、霜殛寒峰","58","A:ZD:ZHIDONG1","","","","","","-8429.996739892129","-11677.036063273226","否","【至冬 霜殛寒峰】","2","https://v3.yuanshen.site/"
"kongying:95174","95174","传送锚点","纳塔","远古圣山","48","A:NT:NATA4","ANCIENT_SACRED_MT_DRAGON_LAIR","纳塔 / 远古圣山 / 远古圣山 / 远古圣山的龙居地","","","","1525","-3131","是","【纳塔 远古圣山】（地下「远古圣山的龙居地」）","9","https://v3.yuanshen.site/"
"kongying:121693","121693","传送锚点","至冬","永凝冻土、古兽冰原、焰羽谷、白桦雪葬地、霜殛寒峰","58","A:ZD:ZHIDONG1","","","","","","-9545.93596550726","-13115.688583609859","否","【至冬 永凝冻土】","2","https://v3.yuanshen.site/"
"kongying:121676","121676","传送锚点","至冬","永凝冻土、古兽冰原、焰羽谷、白桦雪葬地、霜殛寒峰","58","A:ZD:ZHIDONG1","","","","","","-8998.406902536834","-11360.536077363746","否","【至冬 古兽冰原】","2","https://v3.yuanshen.site/"
"kongying:121683","121683","传送锚点","至冬","永凝冻土、古兽冰原、焰羽谷、白桦雪葬地、霜殛寒峰","58","A:ZD:ZHIDONG1","","","","","","-9896.481180222001","-12193.51345686164","否","【至冬 曙光车站】","4","https://v3.yuanshen.site/"
"kongying:121678","121678","传送锚点","至冬","永凝冻土、古兽冰原、焰羽谷、白桦雪葬地、霜殛寒峰","58","A:ZD:ZHIDONG1","","","","","","-9419.534888004446","-11437.851555946223","否","【至冬 古兽冰原】","3","https://v3.yuanshen.site/"
"kongying:121719","121719","传送锚点","至冬","永凝冻土、古兽冰原、焰羽谷、白桦雪葬地、霜殛寒峰","58","A:ZD:ZHIDONG1","","","","","","-8626.594258039417","-13711.700173008016","否","【至冬 炉灰区】","1","https://v3.yuanshen.site/"
"kongying:93481","93481","传送锚点","纳塔","安饶之野","47","A:NT:NATA3","","","","","","-12159.458656624332","2119.4179844024657","否","【纳塔 安饶之野】","3","https://v3.yuanshen.site/"
"kongying:93562","93562","传送锚点","纳塔","安饶之野","47","A:NT:NATA3","","","","","","-12584.023151421045","2315.6356617887977","否","【纳塔 安饶之野】","2","https://v3.yuanshen.site/"
"kongying:93615","93615","传送锚点","纳塔","安饶之野","47","A:NT:NATA3","","","","","","-14044.319006761434","2339.596627931489","否","【纳塔 安饶之野】","3","https://v3.yuanshen.site/"
"kongying:93561","93561","传送锚点","纳塔","安饶之野","47","A:NT:NATA3","","","","","","-12387.444272753553","2383.542241180541","否","【纳塔 安饶之野】","2","https://v3.yuanshen.site/"
"kongying:93595","93595","传送锚点","纳塔","安饶之野","47","A:NT:NATA3","","","","","","-13151.55992232351","2549.387874393984","否","【纳塔 安饶之野】","3","https://v3.yuanshen.site/"
"kongying:121723","121723","传送锚点","至冬","永凝冻土、古兽冰原、焰羽谷、白桦雪葬地、霜殛寒峰","58","A:ZD:ZHIDONG1","","","","","","-8238.176722076769","-13584.251936575583","否","【至冬 至冬堡】","1","https://v3.yuanshen.site/"
"kongying:93471","93471","七天神像","纳塔","安饶之野","47","A:NT:NATA3","","","","","","-12837.884574296659","2658.2383473189766","否","【纳塔 安饶之野】","3","https://v3.yuanshen.site/"
"kongying:93596","93596","传送锚点","纳塔","安饶之野","47","A:NT:NATA3","","","","","","-13599.30371189164","2725.7273550630052","否","【纳塔 安饶之野】","2","https://v3.yuanshen.site/"
"kongying:93805","93805","传送锚点","纳塔","安饶之野","47","A:NT:NATA3","","","","","","-12548.639077478107","2741.2103824105197","否","【纳塔 安饶之野】","3","https://v3.yuanshen.site/"
"kongying:93806","93806","传送锚点","纳塔","安饶之野","47","A:NT:NATA3","","","","","","-12547.5","2965.500015258789","否","【纳塔 安饶之野】","2","https://v3.yuanshen.site/"
"kongying:121725","121725","传送锚点","至冬","永凝冻土、古兽冰原、焰羽谷、白桦雪葬地、霜殛寒峰","58","A:ZD:ZHIDONG1","","","","","","-8159.423411262704","-13302.14332590974","否","【至冬 科洛列夫茨基剧院】","2","https://v3.yuanshen.site/"
"kongying:121752","121752","传送锚点","至冬","永凝冻土、古兽冰原、焰羽谷、白桦雪葬地、霜殛寒峰","58","A:ZD:ZHIDONG1","","","","","","-7621.606173354856","-12863.84148300461","否","【至冬 霜精的村落】","1","https://v3.yuanshen.site/"
"kongying:121753","121753","传送锚点","至冬","永凝冻土、古兽冰原、焰羽谷、白桦雪葬地、霜殛寒峰","58","A:ZD:ZHIDONG1","","","","","","-8695.878600256829","-14260.392015665446","否","【至冬 永凝冻土】","1","https://v3.yuanshen.site/"
"kongying:93808","93808","传送锚点","纳塔","安饶之野","47","A:NT:NATA3","","","","","","-13031.210095777938","3210.8627753521323","否","【纳塔 孑遗的留迹】","6","https://v3.yuanshen.site/"
"kongying:93810","93810","传送锚点","纳塔","安饶之野","47","A:NT:NATA3","","","","","","-13859.232093389013","3259.653143254003","否","【纳塔 安饶之野】","2","https://v3.yuanshen.site/"
"kongying:93815","93815","传送锚点","纳塔","安饶之野","47","A:NT:NATA3","FRAME_CROWN","纳塔 / 安饶之野 / 安饶之野 / 「天火之冠」","","","","-13170","3323","是","【纳塔 「天火之冠」】（空中「天火之冠」）","7","https://v3.yuanshen.site/"
"kongying:93816","93816","传送锚点","纳塔","安饶之野","47","A:NT:NATA3","FRAME_CROWN","纳塔 / 安饶之野 / 安饶之野 / 「天火之冠」","","","","-13574.25","3346.5","是","【纳塔 「天火之冠」】（空中「天火之冠」）","8","https://v3.yuanshen.site/"
"kongying:121747","121747","传送锚点","至冬","永凝冻土、古兽冰原、焰羽谷、白桦雪葬地、霜殛寒峰","58","A:ZD:ZHIDONG1","","","","","","-7615.499446379632","-11736.290360860938","否","【至冬 赫斯珀利德斯之馆】

注：进行世界任务【爱憎的赫斯珀利德斯】「暮色苍茫，晚钟敲响」时，随进度自动解锁","3","https://v3.yuanshen.site/"
"kongying:121749","121749","传送锚点","至冬","永凝冻土、古兽冰原、焰羽谷、白桦雪葬地、霜殛寒峰","58","A:ZD:ZHIDONG1","","","","","","-8336.417583950475","-11176.33260576789","否","【至冬 霜殛寒峰】","2","https://v3.yuanshen.site/"
"kongying:7759","7759","传送锚点","璃月","璃月","2","A:LY:LIYUE","","","","","","-1692","-1345.5","否","【璃月 珉林】","1","https://v3.yuanshen.site/"
"kongying:93807","93807","传送锚点","纳塔","安饶之野","47","A:NT:NATA3","","","","","","-12693","3543.5","否","【纳塔 安饶之野】","5","https://v3.yuanshen.site/"
"kongying:93809","93809","传送锚点","纳塔","安饶之野","47","A:NT:NATA3","","","","","","-13288.250030517578","3606.25","否","【纳塔 安饶之野】","2","https://v3.yuanshen.site/"
"kongying:93811","93811","传送锚点","纳塔","安饶之野","47","A:NT:NATA3","","","","","","-14157.873619466982","4182.518295205253","否","【纳塔 安饶之野】","4","https://v3.yuanshen.site/"
"kongying:121751","121751","传送锚点","至冬","永凝冻土、古兽冰原、焰羽谷、白桦雪葬地、霜殛寒峰","58","A:ZD:ZHIDONG1","","","","","","-8200.490236886231","-12391.701995765026","否","【至冬 彩冰镇】","1","https://v3.yuanshen.site/"
"kongying:121756","121756","传送锚点","至冬","永凝冻土、古兽冰原、焰羽谷、白桦雪葬地、霜殛寒峰","58","A:ZD:ZHIDONG1","","","","","","-8379.762857820664","-14044.33996418434","否","【至冬 格鲁波夫】","1","https://v3.yuanshen.site/"
"kongying:121762","121762","传送锚点","至冬","永凝冻土、古兽冰原、焰羽谷、白桦雪葬地、霜殛寒峰","58","A:ZD:ZHIDONG1","","","","","","-7449.589219285492","-13324.776608283359","否","【至冬 白桦雪葬地】","1","https://v3.yuanshen.site/"
"kongying:121764","121764","传送锚点","至冬","永凝冻土、古兽冰原、焰羽谷、白桦雪葬地、霜殛寒峰","58","A:ZD:ZHIDONG1","","","","","","-7296.661443000368","-13358.153038342218","否","【至冬 谒圣山峡】","1","https://v3.yuanshen.site/"
"kongying:121759","121759","传送锚点","至冬","永凝冻土、古兽冰原、焰羽谷、白桦雪葬地、霜殛寒峰","58","A:ZD:ZHIDONG1","","","","","","-8118.926689513217","-14169.952306401978","否","【至冬 永凝冻土】","3","https://v3.yuanshen.site/"
"kongying:6554","6554","七天神像","蒙德","蒙德","6","A:MD:MENGDE","","","","","","294","-4343.5","否","【蒙德 风龙废墟】","2","https://v3.yuanshen.site/"
"kongying:121765","121765","传送锚点","至冬","永凝冻土、古兽冰原、焰羽谷、白桦雪葬地、霜殛寒峰","58","A:ZD:ZHIDONG1","","","","","","-6857.558999250179","-14257.066158475216","否","【至冬 白桦雪葬地】","2","https://v3.yuanshen.site/"
"kongying:105710","105710","传送锚点","挪德卡莱","伦波岛、希汐岛、帕哈岛","51","A:NDKL:NDKL","KUUVAHKI_BUREAU_UG0","挪德卡莱 / 伦波岛、希汐岛、帕哈岛 / 月矩力试验设计局 / 月矩力试验设计局 · 顶层","","","","-12744","-5289","是","【挪德卡莱 月矩力试验设计局】（空中「月矩力试验设计局 · 顶层」）","4","https://v3.yuanshen.site/"
"kongying:105848","105848","传送锚点","挪德卡莱","伦波岛、希汐岛、帕哈岛","51","A:NDKL:NDKL","NOD_KRAI_UG_RESEARCH_CENTER","挪德卡莱 / 伦波岛、希汐岛、帕哈岛 / 帕哈岛 / 地下研究所","","","","-13079.25","-5248.25","是","【挪德卡莱 月矩力试验设计局】（地下「地下研究所」）

注：进行世界任务【要事优先】时，随进度进入","5","https://v3.yuanshen.site/"
"kongying:121774","121774","传送锚点","至冬","永凝冻土、古兽冰原、焰羽谷、白桦雪葬地、霜殛寒峰","58","A:ZD:ZHIDONG1","ONCE_CAREFREE_LIGHT_COURTYARD","至冬 / 永凝冻土、古兽冰原、焰羽谷、白桦雪葬地、霜殛寒峰 / 白冕宫 / 曾为无忧的庭院","","","","-6774.840507792864","-14579.876694008743","是","【至冬 永恒无忧的庭院】（空中「曾为无忧的庭院」）","3","https://v3.yuanshen.site/"
"kongying:105840","105840","传送锚点","挪德卡莱","伦波岛、希汐岛、帕哈岛","51","A:NDKL:NDKL","","","","","","-12268.5","-5348.25","否","【挪德卡莱 帕哈岛】","3","https://v3.yuanshen.site/"
"kongying:105812","105812","传送锚点","挪德卡莱","伦波岛、希汐岛、帕哈岛","51","A:NDKL:NDKL","","","","","","-11724.127769580446","-4620.811453730157","否","【挪德卡莱 空寂走廊】","4","https://v3.yuanshen.site/"
"kongying:105805","105805","传送锚点","挪德卡莱","伦波岛、希汐岛、帕哈岛","51","A:NDKL:NDKL","","","","","","-11256.5","-3762.500030517578","否","【挪德卡莱 刻菈蒂之眼】","3","https://v3.yuanshen.site/"
"kongying:105839","105839","传送锚点","挪德卡莱","伦波岛、希汐岛、帕哈岛","51","A:NDKL:NDKL","","","","","","-11882","-5549","否","【挪德卡莱 绯沙盐沼】","3","https://v3.yuanshen.site/"
"kongying:6580","6580","传送锚点","璃月","璃月","2","A:LY:LIYUE","","","","","","88.66684152087419","-1995.0833435059003","否","【璃月 望舒客栈】","2","https://v3.yuanshen.site/"
"kongying:106240","106240","传送锚点","挪德卡莱","伦波岛、希汐岛、帕哈岛","51","A:NDKL:NDKL","KUUVAHKI_BUREAU_ANNEX","挪德卡莱 / 伦波岛、希汐岛、帕哈岛 / 月矩力试验设计局 / 月矩力试验设计局 · 销毁车间","","","","-12452.176287188611","-5208.842151432751","是","【挪德卡莱 月矩力试验设计局】（空中「月矩力试验设计局 · 销毁车间」）","9","https://v3.yuanshen.site/"
"kongying:103305","103305","传送锚点","纳塔","悠悠度假村","49","A:NT:NATA5","","","","","","-19517.854109834356","-2607.9189270319685","否","【纳塔 提提岛】

注：进行传说任务【绘夏！烈日？度假村！其二】「畅玩！举目之处皆为画布！」时，随进度开放【提提岛】区域。","8","https://v3.yuanshen.site/"
"kongying:103306","103306","传送锚点","纳塔","悠悠度假村","49","A:NT:NATA5","","","","","","-19727.157717065576","-2715.3991577723236","否","【纳塔 提提岛】

注：进行传说任务【绘夏！烈日？度假村！其二】「畅玩！举目之处皆为画布！」时，随进度开放【提提岛】区域。","7","https://v3.yuanshen.site/"
"kongying:102246","102246","传送锚点","纳塔","安饶之野","47","A:NT:NATA3","","","","","","-15415.161913769325","4026.3011699433428","否","（5.6版本新增）
【纳塔 安饶之野】","1","https://v3.yuanshen.site/"
"kongying:95169","95169","传送锚点","纳塔","远古圣山","48","A:NT:NATA4","ANCIENT_SACRED_MT_DRAGON_LAIR","纳塔 / 远古圣山 / 远古圣山 / 远古圣山的龙居地","","","","305.5","-2787","是","【纳塔 力向逆心】（地下「远古圣山的龙居地」）","9","https://v3.yuanshen.site/"
"kongying:95161","95161","传送锚点","纳塔","远古圣山","48","A:NT:NATA4","","","","","","134.41110629276272","-2605.5092039240203","否","【纳塔 分流识海】","7","https://v3.yuanshen.site/"
"kongying:95162","95162","传送锚点","纳塔","远古圣山","48","A:NT:NATA4","","","","","","-240.70904112670087","-2263.623086009918","否","【纳塔 分流识海】","7","https://v3.yuanshen.site/"
"kongying:95166","95166","传送锚点","纳塔","远古圣山","48","A:NT:NATA4","","","","","","1617","-2192.000015258789","否","【纳塔 远古圣山】","7","https://v3.yuanshen.site/"
"kongying:95163","95163","传送锚点","纳塔","远古圣山","48","A:NT:NATA4","","","","","","135.47176646454227","-2107.706029968691","否","【纳塔 远古圣山】","8","https://v3.yuanshen.site/"
"kongying:95165","95165","传送锚点","纳塔","远古圣山","48","A:NT:NATA4","","","","","","1031.25","-1601.25","否","【纳塔 远古圣山】","7","https://v3.yuanshen.site/"
"kongying:119915","119915","传送锚点","挪德卡莱","霜月","56","A:NDKL:SY","STAR_CREATURE_CAPTURE_STATION","挪德卡莱 / 霜月 / 乌吉恩圈 / 星空生物捕捉站","","","","9252.998056001086","-1504.6953508642173","是","【星空生物捕捉站】（空中「星空生物捕捉站」）","4","https://v3.yuanshen.site/"
"kongying:119899","119899","传送锚点","挪德卡莱","霜月","56","A:NDKL:SY","UNDERGROUND_POWER_PLANT","挪德卡莱 / 霜月 / 伊比尼伯龙之眼 / 地下能源发生站","","","","10404.340595768346","-701.4616407700105","是","【伊比尼伯龙之眼】（地下「地下能源发生站」）","3","https://v3.yuanshen.site/"
"kongying:119898","119898","传送锚点","挪德卡莱","霜月","56","A:NDKL:SY","","","","","","10083.968041994696","-601.8115146983828","否","【伊比尼伯龙之眼】","2","https://v3.yuanshen.site/"
"kongying:119907","119907","传送锚点","挪德卡莱","霜月","56","A:NDKL:SY","","","","","","9131.08836316265","-1777.5081503537986","否","【乌吉恩圈】","2","https://v3.yuanshen.site/"
"kongying:119924","119924","传送锚点","挪德卡莱","霜月","56","A:NDKL:SY","","","","","","6832.043870849338","-3763.185793429248","否","【月荡海】","3","https://v3.yuanshen.site/"
"kongying:119923","119923","传送锚点","挪德卡莱","霜月","56","A:NDKL:SY","","","","","","7188.373058624851","-3785.331969410972","否","【月荡海】","3","https://v3.yuanshen.site/"
"kongying:119939","119939","传送锚点","挪德卡莱","霜月","56","A:NDKL:SY","","","","","","10458.139972125671","-512.281751932609","否","【伊比尼伯龙之眼】","2","https://v3.yuanshen.site/"
"kongying:119935","119935","传送锚点","挪德卡莱","霜月","56","A:NDKL:SY","MOON_CORE_PIT","挪德卡莱 / 霜月 / 月之暗面 / 月心深坑","","","","1158.480809385821","-1566.1372322397674","是","【月之暗面】（地下「月心深坑」）","3","https://v3.yuanshen.site/"
"kongying:119951","119951","传送锚点","挪德卡莱","霜月","56","A:NDKL:SY","NUUR_STONE_CIRCLE","挪德卡莱 / 霜月 / 努尔寂石阵列","","","","11647.082070519984","-1823.0207582026205","是","【月之高地】（地下「努尔寂石阵列」）

注：将【古月遗痕】【「努尔寂石阵列」】升至【5级】后，可由【西南侧】（ID：120679）进入","6","https://v3.yuanshen.site/"
"kongying:119952","119952","传送锚点","挪德卡莱","杜南纳深坑","53","A:NDKL:NDKL3","","","","","","-11540.927409313816","-7988.035471031201","否","【挪德卡莱 杜南纳深坑】

注：「月之八」版本更新后，完成魔神任务【序章 第三幕】「巨龙与自由之歌」后，自动解锁","3","https://v3.yuanshen.site/"
"kongying:119996","119996","传送锚点","挪德卡莱","杜南纳深坑","53","A:NDKL:NDKL3","","","","","","-10774.503546222306","-8356.327137510549","否","【挪德卡莱 杜南纳深坑】","1","https://v3.yuanshen.site/"
"kongying:119979","119979","传送锚点","挪德卡莱","杜南纳深坑","53","A:NDKL:NDKL3","DUNANNA_FORWARD_POST_UG1","挪德卡莱 / 杜南纳深坑 / 杜南纳前进站 / 杜南纳前进站 · 上层","","","","-11103.324611934158","-8574.576286757254","是","【挪德卡莱 杜南纳深坑】（地下「杜南纳前进站 · 上层」）","3","https://v3.yuanshen.site/"
"kongying:121707","121707","传送锚点","至冬","永凝冻土、古兽冰原、焰羽谷、白桦雪葬地、霜殛寒峰","58","A:ZD:ZHIDONG1","SNOWMELT_DRAINAGE_CHANNEL_UG1","至冬 / 永凝冻土、古兽冰原、焰羽谷、白桦雪葬地、霜殛寒峰 / 奥古洛夫镇 / 融雪引流道上层","","","","-10678.426438417428","-12976.479410768923","是","【至冬 焰羽谷】（地下「融雪引流道上层」）","5","https://v3.yuanshen.site/"
"kongying:105810","105810","传送锚点","挪德卡莱","伦波岛、希汐岛、帕哈岛","51","A:NDKL:NDKL","","","","","","-11753.5","-4183.5","否","【挪德卡莱 苔骨荒原】","4","https://v3.yuanshen.site/"
"kongying:105808","105808","传送锚点","挪德卡莱","伦波岛、希汐岛、帕哈岛","51","A:NDKL:NDKL","WATER_DRIFT_CAVE","挪德卡莱 / 伦波岛、希汐岛、帕哈岛 / 伦波岛 / 徒水岩窟","","","","-11828.18348058196","-4125.548950575786","是","【挪德卡莱 苔骨荒原】（地下「徒水岩窟」）","8","https://v3.yuanshen.site/"
"kongying:107940","107940","传送锚点","挪德卡莱","伦波岛、希汐岛、帕哈岛","51","A:NDKL:NDKL","NOD_KRAI_RUINED_WORKSHOP","挪德卡莱 / 伦波岛、希汐岛、帕哈岛 / 伦波岛 / 废弃的工坊","","","","-11640.487269426258","-3813.6841302751286","是","【挪德卡莱 蓝珀湖】（地下「废弃的工坊」）

注：进行世界任务【月之东，日之西】「告密的心」时，随进度可解锁","8","https://v3.yuanshen.site/"
"kongying:107938","107938","传送锚点","挪德卡莱","伦波岛、希汐岛、帕哈岛","51","A:NDKL:NDKL","SILVER_MOON_COURT","挪德卡莱 / 伦波岛、希汐岛、帕哈岛 / 希汐岛 / 银月之庭","","","","-14353.78359348001","-3504.3140217642535","是","【挪德卡莱 银月之庭】（地下「银月之庭」）

注：进行魔神任务【空月之歌 第一幕】「雪浪与苍林之舞」「于月光下重逢」时，随进度进入。","9","https://v3.yuanshen.site/"
"kongying:107941","107941","传送锚点","挪德卡莱","伦波岛、希汐岛、帕哈岛","51","A:NDKL:NDKL","NOD_KRAI_ABYSSAL_DEPTHS","挪德卡莱 / 伦波岛、希汐岛、帕哈岛 / 伦波岛 / 绝海之下","","","","-11490.498290333471","-3664.713359791449","是","【挪德卡莱 伦波岛】（地下「绝海之下」）

注：进行世界任务【月之东，日之西】「浪底的低语」时，随进度进入","6","https://v3.yuanshen.site/"
"kongying:105807","105807","传送锚点","挪德卡莱","伦波岛、希汐岛、帕哈岛","51","A:NDKL:NDKL","","","","","","-11806.5","-3954","否","【挪德卡莱 伦波岛】","3","https://v3.yuanshen.site/"
"kongying:10293","10293","传送锚点","稻妻","鸣神岛、神无冢、八酝岛","12","A:DQ:1","","","","","","6025.5","1537.8332063126","否","【稻妻 刃连岛】","1","https://v3.yuanshen.site/"
"kongying:105804","105804","传送锚点","挪德卡莱","伦波岛、希汐岛、帕哈岛","51","A:NDKL:NDKL","","","","","","-11599.75","-3888","否","【挪德卡莱 蓝珀湖】","3","https://v3.yuanshen.site/"
"kongying:105826","105826","传送锚点","挪德卡莱","伦波岛、希汐岛、帕哈岛","51","A:NDKL:NDKL","","","","","","-13862.5","-3857.999984741211","否","【挪德卡莱 希汐岛】","3","https://v3.yuanshen.site/"
"kongying:105803","105803","传送锚点","挪德卡莱","伦波岛、希汐岛、帕哈岛","51","A:NDKL:NDKL","","","","","","-11778","-3809.25","否","【挪德卡莱 蓝珀湖】","3","https://v3.yuanshen.site/"
"kongying:119908","119908","传送锚点","挪德卡莱","霜月","56","A:NDKL:SY","WATER_SOURCE_FLOAT_ISLAND","挪德卡莱 / 霜月 / 乌吉恩圈 其他 / 水源浮岛","","","","9189.096945864538","-1364.4604133884432","是","【乌吉恩圈】（空中「水源浮岛」）","4","https://v3.yuanshen.site/"
"kongying:111865","111865","传送锚点","挪德卡莱","虚海望、逐浪野、烟硌山峰","52","A:NDKL:NDKL2","","","","","","-12370.293104627355","-8886.58920343265","否","【挪德卡莱 安瓦蒂尼尔湖】

注：进行世界任务【放逐者的荒歌】时，随进度自动解锁","2","https://v3.yuanshen.site/"
"kongying:33183","33183","传送锚点","稻妻","渊下宫","15","A:DQ:YUANXIAGONG","","","","","","7413.002343177684","-2412.66693102574","否","【稻妻 渊下宫】

注：进行世界任务【厄瑞玻斯的秘密】时，随进度解锁","1","https://v3.yuanshen.site/"
"kongying:103308","103308","传送锚点","纳塔","悠悠度假村","49","A:NT:NATA5","","","","","","-19745.542493376426","-2995.4134431221964","否","【纳塔 提提岛】

注：进行传说任务【绘夏！烈日？度假村！其二】「畅玩！举目之处皆为画布！」时，随进度开放【提提岛】区域。","7","https://v3.yuanshen.site/"
"kongying:103307","103307","传送锚点","纳塔","悠悠度假村","49","A:NT:NATA5","","","","","","-19540.360206488767","-2957.6763760792237","否","【纳塔 提提岛】

注：进行传说任务【绘夏！烈日？度假村！其二】「畅玩！举目之处皆为画布！」时，随进度开放【提提岛】区域。","8","https://v3.yuanshen.site/"
"kongying:103304","103304","传送锚点","纳塔","悠悠度假村","49","A:NT:NATA5","","","","","","-18206.5","-2327.25","否","【纳塔 刺梨岩】","2","https://v3.yuanshen.site/"
"kongying:103298","103298","传送锚点","纳塔","悠悠度假村","49","A:NT:NATA5","","","","","","-18993.5","-2147","否","【纳塔 浪浪湾】","2","https://v3.yuanshen.site/"
"kongying:103299","103299","传送锚点","纳塔","悠悠度假村","49","A:NT:NATA5","","","","","","-18713.25","-1876.75","否","【纳塔 浪浪湾】","2","https://v3.yuanshen.site/"
"kongying:103301","103301","传送锚点","纳塔","悠悠度假村","49","A:NT:NATA5","","","","","","-18293.75","-1831","否","【纳塔 呼呼丘】","2","https://v3.yuanshen.site/"
"kongying:103302","103302","传送锚点","纳塔","悠悠度假村","49","A:NT:NATA5","","","","","","-18054.25","-1711.75","否","【纳塔 彩彩崖】","2","https://v3.yuanshen.site/"
"kongying:103300","103300","传送锚点","纳塔","悠悠度假村","49","A:NT:NATA5","","","","","","-18437.59210735727","-1891.35528828727","否","【纳塔 浪浪湾】","3","https://v3.yuanshen.site/"
"kongying:103303","103303","传送锚点","纳塔","悠悠度假村","49","A:NT:NATA5","","","","","","-17781.25","-1948.9687247913607","否","【纳塔 彩彩崖】","3","https://v3.yuanshen.site/"
"kongying:103297","103297","传送锚点","纳塔","悠悠度假村","49","A:NT:NATA5","","","","","","-19114.078406274373","-1791.215937256262","否","【纳塔 浪浪湾】","3","https://v3.yuanshen.site/"
"kongying:103295","103295","传送锚点","纳塔","悠悠度假村","49","A:NT:NATA5","","","","","","-18524.015528876665","-1645.5465978370776","否","【纳塔 浪浪湾】","2","https://v3.yuanshen.site/"
"kongying:103296","103296","传送锚点","纳塔","悠悠度假村","49","A:NT:NATA5","","","","","","-19009.75","-1548.5","否","【纳塔 悠悠度假村】","2","https://v3.yuanshen.site/"
"kongying:103294","103294","传送锚点","纳塔","悠悠度假村","49","A:NT:NATA5","","","","","","-18358.21087400552","-1661.1920869014193","否","【纳塔 悠悠度假村】","3","https://v3.yuanshen.site/"
"kongying:103292","103292","传送锚点","纳塔","悠悠度假村","49","A:NT:NATA5","","","","","","-18105.5","-1441.25","否","【纳塔 悠悠集市】","2","https://v3.yuanshen.site/"
"kongying:103293","103293","传送锚点","纳塔","悠悠度假村","49","A:NT:NATA5","","","","","","-18342","-1386","否","【纳塔 悠悠度假村】","2","https://v3.yuanshen.site/"
"kongying:103209","103209","传送锚点","纳塔","悠悠度假村","49","A:NT:NATA5","","","","","","-17812.75","-1337.5","否","【纳塔 悠悠集市】","3","https://v3.yuanshen.site/"
"kongying:103258","103258","传送锚点","纳塔","悠悠度假村","49","A:NT:NATA5","","","","","","-17624.5","-1331.5","否","【纳塔 悠悠度假村】","2","https://v3.yuanshen.site/"
"kongying:103291","103291","传送锚点","纳塔","悠悠度假村","49","A:NT:NATA5","","","","","","-18025.50524814015","-1252.3952274973572","否","【纳塔 悠悠度假村】","2","https://v3.yuanshen.site/"
"kongying:103097","103097","七天神像","纳塔","悠悠度假村","49","A:NT:NATA5","","","","","","-17601","-604.5","否","【纳塔 悠悠度假村】","2","https://v3.yuanshen.site/"
"kongying:103098","103098","传送锚点","纳塔","悠悠度假村","49","A:NT:NATA5","","","","","","-17630.5","-377.5","否","【纳塔 悠悠度假村】

注：5.8版本更新后，完成魔神任务【序章 第三幕】「巨龙与自由之歌」后，自动解锁","3","https://v3.yuanshen.site/"
"kongying:104506","104506","传送锚点","纳塔","悠悠度假村","49","A:NT:NATA5","ROXBURGH_INNER_N","纳塔 / 悠悠度假村 / 刺梨岩内部洞穴 / 刺梨岩内部洞穴 · 北区","","","","-18035.40474307676","-2861.0631546967525","是","【纳塔 刺梨镇】（地下「刺梨岩内部洞穴 · 北区」）

注：进行传说任务【绘夏！烈日？度假村！其二】「目标！刺梨岩！」时，随任务进度自动解锁","2","https://v3.yuanshen.site/"
"kongying:104499","104499","传送锚点","纳塔","悠悠度假村","49","A:NT:NATA5","ROXBURGH_INNER_N","纳塔 / 悠悠度假村 / 刺梨岩内部洞穴 / 刺梨岩内部洞穴 · 北区","","","","-18122.7324305533","-2750.400943441058","是","【纳塔 刺梨镇】（地下「刺梨岩内部洞穴 · 北区」）

注：进行传说任务【绘夏！烈日？度假村！其二】「目标！刺梨岩！」时，随任务进度自动解锁","3","https://v3.yuanshen.site/"
"kongying:104521","104521","传送锚点","纳塔","悠悠度假村","49","A:NT:NATA5","ROXBURGH_INNER_W","纳塔 / 悠悠度假村 / 刺梨岩内部洞穴 / 刺梨岩内部洞穴 · 西区","","","","-18445","-2709.5","是","【纳塔 刺梨镇】（地下「刺梨岩内部洞穴 · 西区」）","1","https://v3.yuanshen.site/"
"kongying:34921","34921","传送锚点","须弥","千壑沙地","22","A:XM:DESERT2","","","","","","-5828.907014878059","488.2635839029963","否","【须弥 亡者狭廊】","2","https://v3.yuanshen.site/"
"kongying:21493","21493","传送锚点","璃月","地下矿区","4","A:LY:CENGYAN_UG","","","","","","1039.3742494643093","-2149.3402024447187","否","【璃月 层岩巨渊 · 地下矿区】","1","https://v3.yuanshen.site/"
"kongying:24625","24625","传送锚点","须弥","诸法丛林","19","A:XM:FOREST","","","","","","-3191.166786668692","-182.42149088463884","否","【须弥 须弥城】","1","https://v3.yuanshen.site/"
"kongying:111873","111873","传送锚点","挪德卡莱","虚海望、逐浪野、烟硌山峰","52","A:NDKL:NDKL2","NOD_KRAI_LAST_VAULT_TERMINAL","挪德卡莱 / 虚海望、逐浪野、烟硌山峰 / 虚海望 / 最后的藏宝地 · 终点","","","","-12065.37066514592","-8191.853414280287","是","【挪德卡莱 雷德·米勒的「伟大财宝」】（地下「最后的藏宝地 · 终点」）

注：进行世界任务【月之东，日之西】「寒鸦的系谱」时，随进度解锁","6","https://v3.yuanshen.site/"
"kongying:6566","6566","传送锚点","蒙德","龙脊雪山","17","A:MD:XUESHAN","","","","","","1270","-2472","否","【蒙德 龙脊雪山】","1","https://v3.yuanshen.site/"
"kongying:6567","6567","传送锚点","蒙德","龙脊雪山","17","A:MD:XUESHAN","","","","","","1296.5","-2770","否","【蒙德 龙脊雪山】","1","https://v3.yuanshen.site/"
"kongying:10890","10890","传送锚点","稻妻","鸣神岛、神无冢、八酝岛","12","A:DQ:1","","","","","","4180","3724","否","【稻妻 名椎滩】","1","https://v3.yuanshen.site/"
"kongying:33184","33184","传送锚点","稻妻","渊下宫","15","A:DQ:YUANXIAGONG","","","","","","4783.741885469235","5059.657449357737","否","【稻妻 岐之地】

注：进行世界任务【厄瑞玻斯的秘密】时，随进度解锁","1","https://v3.yuanshen.site/"
"kongying:13908","13908","传送锚点","稻妻","清籁岛、海祇岛","13","A:DQ:2","","","","","","5465.000390529614","5431.167525305589","否","【稻妻 浅濑神社】","1","https://v3.yuanshen.site/"
"kongying:20698","20698","传送锚点","稻妻","三界路飨祭(2.5)","16","A:DQ:SANJIE","","","","","","5838","197.999755859375","否","【三界路飨祭 渊下宫】
消耗【渊海髓矿×5】、【常世之荚×5】驱散黑雾解封","5","https://v3.yuanshen.site/"
"kongying:13909","13909","传送锚点","稻妻","清籁岛、海祇岛","13","A:DQ:2","","","","","","5435","4888.5","否","【稻妻 清籁岛】","1","https://v3.yuanshen.site/"
"kongying:10297","10297","传送锚点","稻妻","鸣神岛、神无冢、八酝岛","12","A:DQ:1","","","","","","5915.5","2720.833206312571","否","【稻妻 鸣神岛】","1","https://v3.yuanshen.site/"
"kongying:10306","10306","传送锚点","稻妻","鸣神岛、神无冢、八酝岛","12","A:DQ:1","","","","","","6638.6665914039","2616.8343037398","否","【稻妻 鸣神岛】","1","https://v3.yuanshen.site/"
"kongying:48779","48779","传送锚点","枫丹","枫丹廷区、白露区、苍晶区","28","A:FD:FENGDAN","","","","","","-5965.9068586870735","-3823.3927591104857","否","【枫丹 苍晶区】","1","https://v3.yuanshen.site/"
"kongying:48776","48776","传送锚点","枫丹","枫丹廷区、白露区、苍晶区","28","A:FD:FENGDAN","","","","","","-5340.667207721844","-3867.5","否","【枫丹 秋分山西侧】","1","https://v3.yuanshen.site/"
"kongying:48762","48762","传送锚点","枫丹","枫丹廷区、白露区、苍晶区","28","A:FD:FENGDAN","","","","","","-5954.0278252349935","-6045.141920323922","否","【枫丹 枫丹廷区】","1","https://v3.yuanshen.site/"
"kongying:13911","13911","传送锚点","稻妻","清籁岛、海祇岛","13","A:DQ:2","","","","","","5718.499804735193","5038.5","否","【稻妻 清籁岛】","1","https://v3.yuanshen.site/"
"kongying:52136","52136","传送锚点","枫丹","枫丹动能工程科学研究院区、黎翡区","29","A:FD:FENGDAN2","","","","","","-6132.5","-6762.5","否","【枫丹 芒索斯山东麓】","1","https://v3.yuanshen.site/"
"kongying:48784","48784","传送锚点","枫丹","枫丹廷区、白露区、苍晶区","28","A:FD:FENGDAN","","","","","","-5736.35550404284","-4765.611816012787","否","【枫丹 厄里那斯】","1","https://v3.yuanshen.site/"
"kongying:67223","67223","传送锚点","璃月","沉玉谷","34","A:LY:CHENYUGU","","","","","","-2983.929798739912","-2864.598688602685","否","【璃月 锦落庭】

注：完成世界任务【沉玉祝珑】「祀珑在昔，灵锦歆诚」后，雾气散去解锁【来歆山】区域；并解锁此锚点","3","https://v3.yuanshen.site/"
"kongying:67195","67195","传送锚点","璃月","沉玉谷","34","A:LY:CHENYUGU","","","","","","-1804.122134330157","-3927.3801807260656","否","【璃月 沉玉谷 · 上谷】","1","https://v3.yuanshen.site/"
"kongying:67197","67197","传送锚点","璃月","沉玉谷","34","A:LY:CHENYUGU","","","","","","-2334.452220220068","-4046.1741199654057","否","【璃月 沉玉谷 · 上谷】","1","https://v3.yuanshen.site/"
"kongying:67201","67201","传送锚点","璃月","沉玉谷","34","A:LY:CHENYUGU","","","","","","-2619.062699647653","-4045.8205665748123","否","【璃月 沉玉谷 · 上谷】","1","https://v3.yuanshen.site/"
"kongying:67211","67211","传送锚点","璃月","沉玉谷","34","A:LY:CHENYUGU","","","","","","-2220.5","-3225","否","【璃月 沉玉谷 · 南陵】","1","https://v3.yuanshen.site/"
"kongying:67215","67215","传送锚点","璃月","沉玉谷","34","A:LY:CHENYUGU","","","","","","-1960.7462863629773","-2944.5017764559507","否","【璃月 沉玉谷 · 南陵】","1","https://v3.yuanshen.site/"
"kongying:67209","67209","传送锚点","璃月","沉玉谷","34","A:LY:CHENYUGU","","","","","","-2758.0091821508095","-3225.2231470078236","否","【璃月 沉玉谷 · 南陵】","1","https://v3.yuanshen.site/"
"kongying:67204","67204","传送锚点","璃月","沉玉谷","34","A:LY:CHENYUGU","","","","","","-2393.5","-3629.5","否","【璃月 沉玉谷 · 上谷】","4","https://v3.yuanshen.site/"
"kongying:67187","67187","七天神像","璃月","沉玉谷","34","A:LY:CHENYUGU","","","","","","-1417","-3495.5","否","【璃月 沉玉谷 · 上谷】","1","https://v3.yuanshen.site/"
"kongying:67200","67200","传送锚点","璃月","沉玉谷","34","A:LY:CHENYUGU","","","","","","-2753.0594346825037","-4225.779242386789","否","【璃月 沉玉谷 · 上谷】","1","https://v3.yuanshen.site/"
"kongying:67206","67206","传送锚点","璃月","沉玉谷","34","A:LY:CHENYUGU","","","","","","-2140","-3599.5","否","【璃月 沉玉谷 · 上谷】","1","https://v3.yuanshen.site/"
"kongying:67212","67212","传送锚点","璃月","沉玉谷","34","A:LY:CHENYUGU","","","","","","-1723.5119612748906","-3267.295978909237","否","【璃月 古茶树坡】","1","https://v3.yuanshen.site/"
"kongying:67188","67188","七天神像","璃月","沉玉谷","34","A:LY:CHENYUGU","","","","","","-2570","-2962","否","【璃月 沉玉谷 · 南陵】","1","https://v3.yuanshen.site/"
"kongying:67191","67191","传送锚点","璃月","沉玉谷","34","A:LY:CHENYUGU","","","","","","-1537.5428778228286","-3820.96061015749","否","【璃月 翘英庄】","1","https://v3.yuanshen.site/"
"kongying:67208","67208","传送锚点","璃月","沉玉谷","34","A:LY:CHENYUGU","","","","","","-2966.252129210248","-3555.4420138219416","否","【璃月 暝垣山】","5","https://v3.yuanshen.site/"
"kongying:67207","67207","传送锚点","璃月","沉玉谷","34","A:LY:CHENYUGU","","","","","","-2701.087086265293","-3498.166364545831","否","【璃月 沉珑渊】","2","https://v3.yuanshen.site/"
"kongying:67194","67194","传送锚点","璃月","沉玉谷","34","A:LY:CHENYUGU","","","","","","-1767.70613509905","-3651.9620894539057","否","【璃月 沉玉谷 · 上谷】","2","https://v3.yuanshen.site/"
"kongying:67196","67196","传送锚点","璃月","沉玉谷","34","A:LY:CHENYUGU","","","","","","-2108.1780502403726","-3948.593384161662","否","【璃月 沉玉谷 · 上谷】","1","https://v3.yuanshen.site/"
"kongying:67213","67213","传送锚点","璃月","沉玉谷","34","A:LY:CHENYUGU","","","","","","-1725.6332816184502","-3021.9299474166914","否","【璃月 药蝶谷】","1","https://v3.yuanshen.site/"
"kongying:67199","67199","传送锚点","璃月","沉玉谷","34","A:LY:CHENYUGU","","","","","","-2959","-3994","否","【璃月 暝垣山】","2","https://v3.yuanshen.site/"
"kongying:67192","67192","传送锚点","璃月","沉玉谷","34","A:LY:CHENYUGU","","","","","","-950.2906960474006","-3417.909744881158","否","【璃月 沉玉谷 · 上谷】

注：4.4版本更新后，完成魔神任务【序章 第三幕】「巨龙与自由之歌」后，自动解锁","4","https://v3.yuanshen.site/"
"kongying:67216","67216","传送锚点","璃月","沉玉谷","34","A:LY:CHENYUGU","","","","","","-2228.3862030420855","-2797.069990999369","否","【璃月 沉玉谷 · 南陵】","1","https://v3.yuanshen.site/"
"kongying:67217","67217","传送锚点","璃月","沉玉谷","34","A:LY:CHENYUGU","","","","","","-2420.5","-2489","否","【璃月 沉玉谷 · 南陵】","1","https://v3.yuanshen.site/"
"kongying:67220","67220","传送锚点","璃月","沉玉谷","34","A:LY:CHENYUGU","","","","","","-2015.1935085143418","-2420.889183408127","否","【璃月 悬练山】","1","https://v3.yuanshen.site/"
"kongying:67221","67221","传送锚点","璃月","沉玉谷","34","A:LY:CHENYUGU","","","","","","-2478.34845019153","-2061.32539596436","否","【璃月 沉玉谷 · 南陵】","2","https://v3.yuanshen.site/"
"kongying:67228","67228","传送锚点","璃月","沉玉谷","34","A:LY:CHENYUGU","","","","","","-1717.5015536348053","-2678.9831585412167","否","【璃月 悬练山】","1","https://v3.yuanshen.site/"
"kongying:67203","67203","传送锚点","璃月","沉玉谷","34","A:LY:CHENYUGU","WANGSHAN_HALL_SECRET","璃月 / 沉玉谷 / 沉玉谷 · 上谷 / 王山厅 · 秘阁","","","","-2169.548282706686","-3735.164958601274","是","【璃月 沉玉谷 · 上谷】（地下「王山厅 · 秘阁」）

注：进行世界任务【秘谷侠隐】时，随进度解锁","14","https://v3.yuanshen.site/"
"kongying:67225","67225","传送锚点","璃月","沉玉谷","34","A:LY:CHENYUGU","","","","","","-3309.9060248669102","-2817.2225342631855","否","【璃月 锦落庭】

注：进行世界任务【沉玉祝珑】「祀珑在昔，灵锦歆诚」时，随进度解锁

注：完成世界任务【沉玉祝珑】「祀珑在昔，灵锦歆诚」后，雾气散去解锁【来歆山】区域","3","https://v3.yuanshen.site/"
"kongying:67227","67227","传送锚点","璃月","沉玉谷","34","A:LY:CHENYUGU","FALLEN_BROCADE_COURTYARD","璃月 / 沉玉谷 / 来歆山 / 锦落庭","","","","-3187.5765517216373","-2852.9314267131067","是","【璃月 锦落庭】（地下「锦落庭」）

注：进行世界任务【沉玉祝珑】「赤望所居，锦落云程」时，随进度解锁

注：完成世界任务【沉玉祝珑】「祀珑在昔，灵锦歆诚」后，雾气散去解锁【来歆山】区域","6","https://v3.yuanshen.site/"
"kongying:116987","116987","传送锚点","蒙德","风息山","54","A:MD:FENGXISHAN","","","","","","786.1078981907249","-5877.062407083085","否","【蒙德 风息山】","1","https://v3.yuanshen.site/"
"kongying:116988","116988","传送锚点","蒙德","风息山","54","A:MD:FENGXISHAN","","","","","","1213.5160914452526","-5627.5984575290095","否","【蒙德 风息山】","1","https://v3.yuanshen.site/"
"kongying:48772","48772","传送锚点","枫丹","枫丹廷区、白露区、苍晶区","28","A:FD:FENGDAN","","","","","","-4522.358420706021","-5876.232137918506","否","【枫丹 茉洁站】

注：4.2版本更新后，完成魔神任务【序章 第三幕】「巨龙与自由之歌」后，自动解锁","5","https://v3.yuanshen.site/"
"kongying:116359","116359","传送锚点","蒙德","空之神殿","55","A:MD:SHENDIAN","","","","","","-969.3524030462936","-3327.6893661396753","否","【空之神殿 柱殿中央区】","2","https://v3.yuanshen.site/"
"kongying:116365","116365","传送锚点","蒙德","空之神殿","55","A:MD:SHENDIAN","","","","","","247.02648506935793","-3565.8750628658436","否","【空之神殿 麓阳书院】","4","https://v3.yuanshen.site/"
"kongying:6577","6577","传送锚点","璃月","璃月","2","A:LY:LIYUE","","","","","","-537","-3208.1666717529","否","【璃月 碧水原】","1","https://v3.yuanshen.site/"
"kongying:6578","6578","传送锚点","璃月","璃月","2","A:LY:LIYUE","","","","","","-593.33342839178","-2860.6666717529","否","【璃月 碧水原】","1","https://v3.yuanshen.site/"
"kongying:43514","43514","传送锚点","琉形蜃境","琉形蜃境(3.8)","26","A:VELURIYAM:3_8","","","","","","3838.3776421366865","1162.4187152819268","否","【琉形蜃境 寄想者剧场】

注：进行活动剧情【梦与最初的故事！】「树屋剧场，烛影摇晃舞台」（【清夏！乐园？大秘境！其三】）时解锁【寄想者剧场】区域","2","https://v3.yuanshen.site/"
"kongying:115472","115472","传送锚点","蒙德","风息山","54","A:MD:FENGXISHAN","","","","","","862.0076526159046","-5614.003686720545","否","【蒙德 荆夫港】","2","https://v3.yuanshen.site/"
"kongying:116326","116326","传送锚点","蒙德","空之神殿","55","A:MD:SHENDIAN","","","","","","-1996.984145346521","-2603.592705000952","否","【空之神殿 大方广】","3","https://v3.yuanshen.site/"
"kongying:119916","119916","传送锚点","挪德卡莱","霜月","56","A:NDKL:SY","STAR_CREATURE_CAPTURE_STATION","挪德卡莱 / 霜月 / 乌吉恩圈 / 星空生物捕捉站","","","","8787.883995040424","-2479.30252065976","是","【望月者号】（空中「星空生物捕捉站」）","5","https://v3.yuanshen.site/"
"kongying:6607","6607","传送锚点","璃月","璃月","2","A:LY:LIYUE","","","","","","-1170.1668415209","-2901.1666641235","否","【璃月 碧水原】","1","https://v3.yuanshen.site/"
"kongying:40050","40050","传送锚点","须弥","苍漠囿土","23","A:XM:DESERT3","","","","","","-7550.89579801652","-1948.8392432001674","否","【须弥 浮罗囿】","1","https://v3.yuanshen.site/"
"kongying:6555","6555","七天神像","蒙德","蒙德","6","A:MD:MENGDE","","","","","","1295","-3297.8333435059","否","【蒙德 苍风高地】
击败附近的【狂风之核】可解除【狂风屏障】并激活。","3","https://v3.yuanshen.site/"
"kongying:10891","10891","传送锚点","稻妻","鸣神岛、神无冢、八酝岛","12","A:DQ:1","","","","","","3913.5","3901","否","【稻妻 名椎滩】","1","https://v3.yuanshen.site/"
"kongying:10895","10895","传送锚点","稻妻","鸣神岛、神无冢、八酝岛","12","A:DQ:1","","","","","","3732.5","4409","否","【稻妻 八酝岛】","1","https://v3.yuanshen.site/"
"kongying:52121","52121","传送锚点","枫丹","枫丹动能工程科学研究院区、黎翡区","29","A:FD:FENGDAN2","","","","","","-5007","-6713","否","【枫丹 学术会堂】","1","https://v3.yuanshen.site/"
"kongying:39412","39412","七天神像","须弥","苍漠囿土","23","A:XM:DESERT3","","","","","","-7715.652336866759","-1463.0225867494828","否","【须弥 荒石苍漠】","3","https://v3.yuanshen.site/"
"kongying:34908","34908","七天神像","须弥","千壑沙地","22","A:XM:DESERT2","","","","","","-6236.458818504007","1293.4440523942412","否","【须弥 塔尼特露营地】","2","https://v3.yuanshen.site/"
"kongying:17136","17136","传送锚点","稻妻","鹤观","14","A:DQ:HEGUAN","","","","","","3994.667192460075","8103.417334774445","否","【稻妻 鹤观】","1","https://v3.yuanshen.site/"
"kongying:24135","24135","传送锚点","金苹果群岛","金苹果群岛(2.8)","10","A:APPLE:2_8","","","","","","-329","-1613.9110758920306","否","【金苹果群岛 危危岛】","2","https://v3.yuanshen.site/"
"kongying:48766","48766","传送锚点","枫丹","枫丹廷区、白露区、苍晶区","28","A:FD:FENGDAN","","","","","","-5672.784561870834","-5447.229122173502","否","【枫丹 枫丹廷区 · 纳博内区】","1","https://v3.yuanshen.site/"
"kongying:48767","48767","传送锚点","枫丹","枫丹廷区、白露区、苍晶区","28","A:FD:FENGDAN","","","","","","-5799.277202855244","-5465.549411331346","否","【枫丹 枫丹廷区】","1","https://v3.yuanshen.site/"
"kongying:40063","40063","传送锚点","须弥","苍漠囿土","23","A:XM:DESERT3","","","","","","-7453.317823674159","-400.73165779780265","否","【须弥 荒石苍漠】","1","https://v3.yuanshen.site/"
"kongying:6585","6585","传送锚点","璃月","璃月","2","A:LY:LIYUE","","","","","","455.83342839178","-1005.8333435059","否","【璃月 云来海】","1","https://v3.yuanshen.site/"
"kongying:24605","24605","传送锚点","须弥","诸法丛林","19","A:XM:FOREST","","","","","","-4114.965683372659","-5.191845408058725","否","【须弥 二净甸】

注：由【东侧】【较高处遗迹内】击败【遗迹机兵】解锁并开启【机关】降下水位。
再由水面游至【南侧山体中】激活【4个】【草元素方碑】后，解锁并开启机关【第2次】降下水位后，可解锁","3","https://v3.yuanshen.site/"
"kongying:7758","7758","传送锚点","璃月","璃月","2","A:LY:LIYUE","","","","","","-1052.5","-1658.5","否","【璃月 绝云间】","1","https://v3.yuanshen.site/"
"kongying:39547","39547","传送锚点","须弥","苍漠囿土","23","A:XM:DESERT3","","","","","","-7929.749984741211","-1812.75","否","【须弥 浮罗囿】","1","https://v3.yuanshen.site/"
"kongying:7290","7290","传送锚点","蒙德","蒙德","6","A:MD:MENGDE","","","","","","2037.5834085960996","-2950.8350506112","否","【蒙德 苍风高地】","2","https://v3.yuanshen.site/"
"kongying:10892","10892","传送锚点","稻妻","鸣神岛、神无冢、八酝岛","12","A:DQ:1","","","","","","3457.5","3825.5","否","【稻妻 八酝岛】","1","https://v3.yuanshen.site/"
"kongying:10893","10893","传送锚点","稻妻","鸣神岛、神无冢、八酝岛","12","A:DQ:1","","","","","","3144.5","3939.5","否","【稻妻 藤兜砦】","1","https://v3.yuanshen.site/"
"kongying:19607","19607","传送锚点","稻妻","渊下宫","15","A:DQ:YUANXIAGONG","","","","","","3488.1439101627393","215.85623703142483","否","【稻妻 大日御舆】（较低处）","1","https://v3.yuanshen.site/"
"kongying:53552","53552","传送锚点","枫丹","枫丹动能工程科学研究院区、黎翡区","29","A:FD:FENGDAN2","MEROPIDE_FORTRESS_PRODUCING_AREA_UG2","枫丹 / 枫丹动能工程科学研究院区、黎翡区 / 梅洛彼得堡 / 梅洛彼得堡 · 生产区下层","","","","-5656","-6828","是","【枫丹 生产区】（水下「梅洛彼得堡 · 生产区下层」）","2","https://v3.yuanshen.site/"
"kongying:34740","34740","传送锚点","须弥","大赤沙海","21","A:XM:DESERT","GURABAD_RUIN_TEMPLE_UG1","须弥 / 大赤沙海 / 居尔城墟神殿 / 居尔城墟神殿 · 上层","","","","-7114.021467081539","1585.3421509205818","是","【须弥 列柱沙原】（地下「居尔城墟神殿 · 上层」）
（3.4版本新增）

注：进行世界任务【比勒琪丝的哀歌】「流沙如泪的神殿」时，随进度进入","11","https://v3.yuanshen.site/"
"kongying:34915","34915","传送锚点","须弥","千壑沙地","22","A:XM:DESERT2","DAMAVAND_MT_UG2","须弥 / 千壑沙地 / 达马山 / 达马山遗迹 · 下层","","","","-6689.640655430169","186.14573912289507","是","【须弥 达马山】（地下「达马山遗迹 · 下层」）

注：进行世界任务【比勒琪丝的哀歌】「埋葬丰饶的沙丘 · 下」时，随进度进入","3","https://v3.yuanshen.site/"
"kongying:43509","43509","传送锚点","琉形蜃境","琉形蜃境(3.8)","26","A:VELURIYAM:3_8","","","","","","2130.5234317768372","340.9300921163913","否","【琉形蜃境 银瓶庭院】","1","https://v3.yuanshen.site/"
"kongying:43508","43508","传送锚点","琉形蜃境","琉形蜃境(3.8)","26","A:VELURIYAM:3_8","","","","","","347.17769097434575","-1121.8609162525063","否","【琉形蜃境 银瓶庭院】","1","https://v3.yuanshen.site/"
"kongying:13902","13902","传送锚点","稻妻","清籁岛、海祇岛","13","A:DQ:2","","","","","","1551.1677782544957","3926.502194854482","否","【稻妻 海祇岛】","1","https://v3.yuanshen.site/"
"kongying:9790","9790","传送锚点","金苹果群岛","金苹果群岛(1.6)","8","A:APPLE:1_6","","","","","","90.666817192229","-3509.1666717529","否","【金苹果群岛 破破岛】","2","https://v3.yuanshen.site/"
"kongying:52135","52135","传送锚点","枫丹","枫丹动能工程科学研究院区、黎翡区","29","A:FD:FENGDAN2","GRAND_FONTAINE_LAKE","枫丹 / 枫丹动能工程科学研究院区、黎翡区 / 大枫丹湖","","","","-5806","-6805","是","【枫丹 黎翡区】（水下「万水之源 · 大枫丹湖」）","1","https://v3.yuanshen.site/"
"kongying:52122","52122","传送锚点","枫丹","枫丹动能工程科学研究院区、黎翡区","29","A:FD:FENGDAN2","GRAND_FONTAINE_LAKE","枫丹 / 枫丹动能工程科学研究院区、黎翡区 / 大枫丹湖","","","","-4974","-6864","是","【枫丹 枫丹动能工程科学研究院区】（水下「万水之源 · 大枫丹湖」）","1","https://v3.yuanshen.site/"
"kongying:13407","13407","七天神像","稻妻","鸣神岛、神无冢、八酝岛","12","A:DQ:1","","","","","","4848.833358764648","3885.9390014516975","否","【稻妻 踏鞴砂】","2","https://v3.yuanshen.site/"
"kongying:51938","51938","传送锚点","枫丹","枫丹廷区、白露区、苍晶区","28","A:FD:FENGDAN","ELYNAS_INNER_SOUTH","枫丹 / 枫丹廷区、白露区、苍晶区 / 厄里那斯内部 / 厄里那斯内部 · 南区","","","","-5762.3598222752935","-4004.270234687044","是","【枫丹「很明亮的地方」】（水下「厄里那斯内部 · 南区」）

注：进行世界任务【古老的颜色 · 第二幕】「梦与赭黄色的渐变」「细雨将至」时，随进度进入","4","https://v3.yuanshen.site/"
"kongying:9625","9625","传送锚点","金苹果群岛","金苹果群岛(1.6)","8","A:APPLE:1_6","","","","","","970.50039052962","-2545.5007316182","否","【金苹果群岛 双双岛】","2","https://v3.yuanshen.site/"
"kongying:52134","52134","传送锚点","枫丹","枫丹动能工程科学研究院区、黎翡区","29","A:FD:FENGDAN2","GRAND_FONTAINE_LAKE","枫丹 / 枫丹动能工程科学研究院区、黎翡区 / 大枫丹湖","","","","-5854.5","-7102.5","是","【枫丹 黎翡区】（水下「万水之源 · 大枫丹湖」）","1","https://v3.yuanshen.site/"
"kongying:28947","28947","传送锚点","须弥","大赤沙海","21","A:XM:DESERT","ABDJU_ROAD_UG1","须弥 / 大赤沙海 / 舍身步道 / 舍身步道 · 遗迹上层","","","","-5304.003905296139","1968.005106073917","是","【须弥 舍身步道】（地下「舍身步道 · 遗迹上层」）

注：进行世界任务【黄金梦乡】「沙海迷踪」时，随进度解锁","5","https://v3.yuanshen.site/"
"kongying:29052","29052","传送锚点","须弥","大赤沙海","21","A:XM:DESERT","KHEMENU_TEMPLE_UG","须弥 / 大赤沙海 / 秘仪圣殿 / 秘仪圣殿 · 地下区域","","","","-6363.749414205578","2303.9208099607094","是","【须弥 列柱沙原】（地下「秘仪圣殿 · 地下区域」）

注：进行世界任务【黄金梦乡】「室内派考古入门」时，随进度进入","5","https://v3.yuanshen.site/"
"kongying:29530","29530","传送锚点","须弥","大赤沙海","21","A:XM:DESERT","DESHRET_KING_MAUSOLEUM_SW_ROCK_CAVE","须弥 / 大赤沙海 / 赤王陵西南 / 赤王陵西南 · 岩窟区域","","","","-7134.1689651051065","2726.6653304511074","是","【须弥 列柱沙原】（地下「赤王陵西南 · 岩窟区域」）

注：进行世界任务【旧语新知】「二重证据」时，随进度进入

注：也可由【铄石之丘】遗迹进入地下，向东北侧移动进入洞中解锁","7","https://v3.yuanshen.site/"
"kongying:29531","29531","传送锚点","须弥","大赤沙海","21","A:XM:DESERT","DESHRET_KING_MAUSOLEUM_SW_ROCK_CAVE","须弥 / 大赤沙海 / 赤王陵西南 / 赤王陵西南 · 岩窟区域","","","","-6875.087591527696","2671.161672360304","是","【须弥 列柱沙原】（地下「赤王陵西南 · 岩窟区域」）

注：进行世界任务【旧语新知】「二重证据」时，随进度进入

注：也可由【铄石之丘】遗迹进入地下，向【东北侧】移动进入洞中解锁","5","https://v3.yuanshen.site/"
"kongying:116381","116381","传送锚点","蒙德","空之神殿","55","A:MD:SHENDIAN","","","","","","1232.810792240968","-3621.8787744073666","否","【空之神殿 麓阳书院】

注：进行世界任务【山中好长日 · 第一章】【天堂】「生命万岁」时，随进度解锁","2","https://v3.yuanshen.site/"
"kongying:116354","116354","传送锚点","蒙德","空之神殿","55","A:MD:SHENDIAN","","","","","","-710.8659963683108","-2914.419373893475","否","【空之神殿 空之神殿】","2","https://v3.yuanshen.site/"
"kongying:116364","116364","传送锚点","蒙德","空之神殿","55","A:MD:SHENDIAN","","","","","","-659.9953559263408","-4641.358441257994","否","【空之神殿 「沙上楼阁」】","3","https://v3.yuanshen.site/"
"kongying:116361","116361","传送锚点","蒙德","空之神殿","55","A:MD:SHENDIAN","","","","","","-897.037733242681","-3692.559532387522","否","【空之神殿 柱殿中央区】","4","https://v3.yuanshen.site/"
"kongying:13912","13912","传送锚点","稻妻","清籁岛、海祇岛","13","A:DQ:2","","","","","","6113.663692955317","5028.002560663563","否","【稻妻 清籁岛】","1","https://v3.yuanshen.site/"
"kongying:115466","115466","传送锚点","蒙德","风息山","54","A:MD:FENGXISHAN","","","","","","732.6081013868261","-4942.211553986875","否","【蒙德 风车镇】","2","https://v3.yuanshen.site/"
"kongying:116380","116380","传送锚点","蒙德","空之神殿","55","A:MD:SHENDIAN","","","","","","1064.68057296815","-3626.229911869855","否","【空之神殿 麓阳书院】

注：进行世界任务【山中好长日 · 第一章】【天堂】「生命万岁」时，随进度解锁","3","https://v3.yuanshen.site/"
"kongying:116379","116379","传送锚点","蒙德","空之神殿","55","A:MD:SHENDIAN","","","","","","894.247165259947","-3507.758062470797","否","【空之神殿 麓阳书院】

注：进行世界任务【山中好长日 · 第一章】【天堂】「生命万岁」时，随进度解锁","2","https://v3.yuanshen.site/"
"kongying:29166","29166","传送锚点","须弥","大赤沙海","21","A:XM:DESERT","DESHRET_KING_MAUSOLEUM_NW_UG2","须弥 / 大赤沙海 / 赤王陵西北 / 赤王陵西北 · 岩窟中层","","","","-6852.5","1919.5","是","【须弥 列柱沙原】（地下「赤王陵西北 · 岩窟中层」）

注：进行世界任务【黄金梦乡】「阿赫玛尔的秘密」时，随进度进入","4","https://v3.yuanshen.site/"
"kongying:116388","116388","传送锚点","蒙德","空之神殿","55","A:MD:SHENDIAN","APATHIC_INTERVAL","蒙德 / 空之神殿 / 柱殿中央区 / 无想之间","","","","-542.656646871269","-3454.8320511914826","是","【空之神殿 「无想之间」】（地下「无想之间」）

注：进行世界任务【山中好长日 · 第二章】【地狱】「狮子奋迅」时，自动解锁","5","https://v3.yuanshen.site/"
"kongying:116391","116391","传送锚点","蒙德","空之神殿","55","A:MD:SHENDIAN","DESERT_PAVILION_SHUT","蒙德 / 空之神殿 / 沙上楼阁 / 沙上楼阁 · 倒影","","","","-615.6179097442455","-4549.181364384749","是","【空之神殿 空之神殿】（地下「沙上楼阁 · 倒影」）

注：进行世界任务【山中好长日 · 第一章】【天堂】「「沙上楼阁」稗记」时，自动解锁","7","https://v3.yuanshen.site/"
"kongying:25509","25509","传送锚点","须弥","诸法丛林","19","A:XM:FOREST","RAIN_END","须弥 / 诸法丛林 / 水天丛林 / 雨的尽头","","","","-3896.033135383805","1576.4070007117398","是","【须弥 雨的尽头】（地下「雨的尽头」）

注：进行世界任务【水天供书】「膏腴土地下的唤雨之曲」时，随进度进入","5","https://v3.yuanshen.site/"
"kongying:34723","34723","传送锚点","须弥","千壑沙地","22","A:XM:DESERT2","GURABAD_RUIN_TEMPLE_UG1","须弥 / 千壑沙地 / 居尔城墟神殿 / 居尔城墟神殿 · 上层","","","","-7219.000390529614","1361.1676997054856","是","【须弥 千壑沙地】（地下「居尔城墟神殿 · 上层」）

注：进行世界任务【比勒琪丝的哀歌】「流沙如泪的神殿」时，随进度进入","3","https://v3.yuanshen.site/"
"kongying:28827","28827","七天神像","须弥","大赤沙海","21","A:XM:DESERT","","","","","","-5445.500390529614","3064.338883979919","否","【须弥 上风蚀地】","3","https://v3.yuanshen.site/"
"kongying:29532","29532","传送锚点","须弥","大赤沙海","21","A:XM:DESERT","DESHRET_KING_MAUSOLEUM_E_SEKHEM_HALL","须弥 / 大赤沙海 / 赤王陵东部 / 赤王陵东部 · 权杖厅","","","","-6651.499804735193","2457.170436525026","是","【须弥 列柱沙原】（地下「赤王陵东部 · 权杖厅」）

注：进行世界任务【旧语新知】「二重证据」时，随进度进入

注：也可由【铄石之丘】遗迹进入地下，向【东北侧】进入洞中","7","https://v3.yuanshen.site/"
"kongying:34708","34708","传送锚点","须弥","千壑沙地","22","A:XM:DESERT2","GURABAD_RUIN_TEMPLE_UG1","须弥 / 千壑沙地 / 居尔城墟神殿 / 居尔城墟神殿 · 上层","","","","-6857.332401748543","1521.3316354635608","是","【须弥 千壑沙地】（地下「居尔城墟神殿 · 上层」）

注：进行世界任务【比勒琪丝的哀歌】「流沙如泪的神殿」时，随进度进入","3","https://v3.yuanshen.site/"
"kongying:24604","24604","传送锚点","须弥","诸法丛林","19","A:XM:FOREST","JADEPLUME_TERRORSHROOM","须弥 / 诸法丛林 / 桓那兰那西侧 / 翠翎恐蕈的巢窟","","","","-4709.120121335865","-602.8816056541045","是","【须弥 二净甸】（地下「翠翎恐蕈的巢窟」）

注：地上低空中的【黑洞】可传送至地下。","2","https://v3.yuanshen.site/"
"kongying:19603","19603","传送锚点","稻妻","渊下宫","15","A:DQ:YUANXIAGONG","","","","","","1231.9984378815443","575.3284965541479","否","【稻妻 狭间之街】","1","https://v3.yuanshen.site/"
"kongying:21169","21169","传送锚点","璃月","层岩巨渊","3","A:LY:CENGYAN","","","","","","-1686.2497559189912","-444.00091452270044","否","【璃月 采樵谷】","1","https://v3.yuanshen.site/"
"kongying:21506","21506","传送锚点","璃月","地下矿区","4","A:LY:CENGYAN_UG","","","","","","1054.3327922781573","-1153.3292281723088","否","【璃月 巨蛇岩洞】","1","https://v3.yuanshen.site/"
"kongying:16759","16759","传送锚点","稻妻","鹤观","14","A:DQ:HEGUAN","","","","","","4008.349998474121","7842.888380357945","否","【稻妻 鹤观】","1","https://v3.yuanshen.site/"
"kongying:10300","10300","传送锚点","稻妻","鸣神岛、神无冢、八酝岛","12","A:DQ:1","","","","","","6393.2512692212","3243.8758078172","否","【稻妻 稻妻城】","1","https://v3.yuanshen.site/"
"kongying:24599","24599","传送锚点","须弥","诸法丛林","19","A:XM:FOREST","","","","","","-4331.667012457036","1075.9992679802763","否","【须弥 善见地】","1","https://v3.yuanshen.site/"
"kongying:21907","21907","传送锚点","璃月","地下矿区","4","A:LY:CENGYAN_UG","","","","","","2524","-172","否","【璃月 层岩巨渊 · 地下矿区】","1","https://v3.yuanshen.site/"
"kongying:40054","40054","传送锚点","须弥","苍漠囿土","23","A:XM:DESERT3","","","","","","-7066.763662945692","-1408.7193367921282","否","【须弥 甘露花海】","1","https://v3.yuanshen.site/"
"kongying:6614","6614","七天神像","璃月","璃月","2","A:LY:LIYUE","","","","","","-786.00025464997","-359.5","否","【璃月 遁玉陵】","2","https://v3.yuanshen.site/"
"kongying:40053","40053","传送锚点","须弥","苍漠囿土","23","A:XM:DESERT3","HARVISPTOKHM","须弥 / 苍漠囿土 / 甘露花海 / 万种母树","","","","-7108.000585794421","-1533.9054536059384","是","【须弥 甘露花海】（地下「万种母树」）

注：进行世界任务【善恶的赫瓦雷纳】「蒂尔 · 亚什特的赞歌」时，随进度进入","6","https://v3.yuanshen.site/"
"kongying:29110","29110","传送锚点","须弥","大赤沙海","21","A:XM:DESERT","DESHRET_KING_MAUSOLEUM_UG1","须弥 / 大赤沙海 / 赤王陵 / 赤王陵 · 中层","","","","-6659.083295701943","2294.584311366416","是","【须弥 权杖厅】（地下「赤王陵 · 中层」）

注：进行世界任务【黄金梦乡】「阿赫玛尔的秘密」时，随进度解锁","2","https://v3.yuanshen.site/"
"kongying:48791","48791","传送锚点","枫丹","枫丹廷区、白露区、苍晶区","28","A:FD:FENGDAN","GRAND_FONTAINE_LAKE","枫丹 / 枫丹廷区、白露区、苍晶区 / 大枫丹湖","","","","-5840.834374904614","-5020.166549751504","是","【枫丹 枫丹廷区】（水下「万水之源 · 大枫丹湖」）","1","https://v3.yuanshen.site/"
"kongying:48769","48769","传送锚点","枫丹","枫丹廷区、白露区、苍晶区","28","A:FD:FENGDAN","ASH_RIVER","枫丹 / 枫丹廷区、白露区、苍晶区 / 地下小镇 / 灰河","","","","-5494.666621927423","-5434.499633990138","是","【枫丹 枫丹廷区 · 灰河】（地下「灰河」）","1","https://v3.yuanshen.site/"
"kongying:48799","48799","传送锚点","枫丹","枫丹廷区、白露区、苍晶区","28","A:FD:FENGDAN","GRAND_FONTAINE_LAKE","枫丹 / 枫丹廷区、白露区、苍晶区 / 大枫丹湖","","","","-5061.641294809602","-5896.384681182323","是","【枫丹 塔拉塔海谷】（水下「万水之源 · 大枫丹湖」）","2","https://v3.yuanshen.site/"
"kongying:24613","24613","传送锚点","须弥","诸法丛林","19","A:XM:FOREST","VANARANA_SOUTH_PATH","须弥 / 诸法丛林 / 桓那兰那 / 桓那兰那 · 南侧小径","","","","-3861.214227495144","-376.00876946838343","是","【须弥 二净甸】（地下「桓那兰那 · 南侧小径」）","2","https://v3.yuanshen.site/"
"kongying:39558","39558","传送锚点","须弥","苍漠囿土","23","A:XM:DESERT3","ZULQARNAIN_GATE_UG_CAVE","须弥 / 苍漠囿土 / 阻勒隘 / 阻勒隘 · 地下洞窟","","","","-8466.500061035156","-1729.000015258789","是","【须弥 荒石苍漠】（地下「阻勒隘 · 地下洞窟」）","1","https://v3.yuanshen.site/"
"kongying:25157","25157","传送锚点","须弥","诸法丛林","19","A:XM:FOREST","DEVANTAKA_MT_UNDER_GOLEM","须弥 / 诸法丛林 / 降诸魔山 / 降诸魔山 · 巨像之下","","","","-2519.477401577372","1319.2409172180724","是","【须弥 阿陀河谷】（地下「降诸魔山 · 巨像之下」）

注：进行世界任务【吉祥具书】时，随进度进入","3","https://v3.yuanshen.site/"
"kongying:21168","21168","传送锚点","璃月","层岩巨渊","3","A:LY:CENGYAN","","","","","","-1747","-49.00001525878906","否","【璃月 层岩巨渊】","1","https://v3.yuanshen.site/"
"kongying:9789","9789","传送锚点","金苹果群岛","金苹果群岛(1.6)","8","A:APPLE:1_6","","","","","","1844.3336038609","-1514.3333435059","否","【金苹果群岛 布丁岛】（一二阶段均存在）","1","https://v3.yuanshen.site/"
"kongying:48789","48789","传送锚点","枫丹","枫丹廷区、白露区、苍晶区","28","A:FD:FENGDAN","GRAND_FONTAINE_LAKE","枫丹 / 枫丹廷区、白露区、苍晶区 / 大枫丹湖","","","","-5451.262291686417","-4566.316308154316","是","【枫丹 苍晶区】（水下「万水之源 · 大枫丹湖」）","1","https://v3.yuanshen.site/"
"kongying:48790","48790","传送锚点","枫丹","枫丹廷区、白露区、苍晶区","28","A:FD:FENGDAN","GRAND_FONTAINE_LAKE","枫丹 / 枫丹廷区、白露区、苍晶区 / 大枫丹湖","","","","-5336.000390529614","-4946","是","【枫丹 塞洛海原】（水下「万水之源 · 大枫丹湖」）","1","https://v3.yuanshen.site/"
"kongying:25847","25847","传送锚点","须弥","诸法丛林","19","A:XM:FOREST","CHATRAKAM_CAVE_NORTH_RUIN","须弥 / 诸法丛林 / 茸蕈窟 / 茸蕈窟 · 北面地下遗迹","","","","-3377.2495118379825","-959.0001830049314","是","完成世界任务【正法炬书】「月升之章」后，
再次来到此处出现
【须弥 茸蕈窟】（地下「茸蕈窟 · 北面地下遗迹」）

注：乘【四叶印】飞至【洞内高处】，激活【4个】【草元素方碑】解锁","3","https://v3.yuanshen.site/"
"kongying:34924","34924","传送锚点","须弥","千壑沙地","22","A:XM:DESERT2","","","","","","-5729.247519858772","-482.7928275642071","否","【须弥「五绿洲」的孑遗】","2","https://v3.yuanshen.site/"
"kongying:47676","47676","传送锚点","须弥","苍漠囿土","23","A:XM:DESERT3","FORGOTTEN_PATH","须弥 / 苍漠囿土 / 通向枫丹 / 遗忘之路","","","","-7456.982996520428","-2443.358081170464","是","（4.0版本新增）
【须弥 浮罗囿】（地下「遗忘之路」）","5","https://v3.yuanshen.site/"
"kongying:10294","10294","传送锚点","稻妻","鸣神岛、神无冢、八酝岛","12","A:DQ:1","ARAUMI_RUIN_UG2","稻妻 / 鸣神岛、神无冢、八酝岛 / 荒海遗迹 / 荒海遗迹 · 地下二层","","","","6325","2041.3335721217","是","【稻妻 鸣神岛】（地下「荒海遗迹 · 地下二层」）","1","https://v3.yuanshen.site/"
"kongying:54340","54340","传送锚点","枫丹","枫丹动能工程科学研究院区、黎翡区","29","A:FD:FENGDAN2","MEROPIDE_FORTRESS_ABANDONED_PRODUCING_AREA","枫丹 / 枫丹动能工程科学研究院区、黎翡区 / 梅洛彼得堡 / 梅洛彼得堡 · 废弃生产区","","","","-5741","-7098","是","【枫丹 废弃生产区】（水下「梅洛彼得堡 · 废弃生产区」）

注：进行世界任务【一报还一报】时，随进度解锁","3","https://v3.yuanshen.site/"
"kongying:48773","48773","传送锚点","枫丹","枫丹廷区、白露区、苍晶区","28","A:FD:FENGDAN","","","","","","-4267.210277973244","-5526.684578641773","否","【枫丹 露景泉】","1","https://v3.yuanshen.site/"
"kongying:6570","6570","传送锚点","蒙德","龙脊雪山","17","A:MD:XUESHAN","","","","","","1879.5","-2197","是","【蒙德 龙脊雪山】（地下「洞中」）

注：进行世界任务【山中之物】时，
解冻【地下「星荧洞窟」】的「碎片」后，屏障消失后解锁

注：也可由【西南侧】（ID：88570）进入【星荧洞窟】，由屏障【西侧】解锁","6","https://v3.yuanshen.site/"
"kongying:24609","24609","传送锚点","须弥","诸法丛林","19","A:XM:FOREST","","","","","","-4050.0015621184557","1124.172771919155","否","【须弥 善见地】","1","https://v3.yuanshen.site/"
"kongying:34925","34925","传送锚点","须弥","千壑沙地","22","A:XM:DESERT2","","","","","","-5154.767204479691","-130.35691895236778","否","【须弥 千壑沙地】","1","https://v3.yuanshen.site/"
"kongying:34913","34913","传送锚点","须弥","千壑沙地","22","A:XM:DESERT2","","","","","","-6785.398131916178","830.5919194098005","否","【须弥 巨人峡谷】","1","https://v3.yuanshen.site/"
"kongying:34922","34922","传送锚点","须弥","千壑沙地","22","A:XM:DESERT2","","","","","","-5578.990196531589","620.591075321131","否","【须弥 沙虫隧道】","2","https://v3.yuanshen.site/"
"kongying:16761","16761","传送锚点","稻妻","鹤观","14","A:DQ:HEGUAN","","","","","","3929.050003051758","7177.9433137556225","否","【稻妻 知比山】","1","https://v3.yuanshen.site/"
"kongying:16762","16762","传送锚点","稻妻","鹤观","14","A:DQ:HEGUAN","","","","","","4269.999414205579","7232.833099503008","否","【稻妻 千来神祠】","2","https://v3.yuanshen.site/"
"kongying:52124","52124","传送锚点","枫丹","枫丹动能工程科学研究院区、黎翡区","29","A:FD:FENGDAN2","","","","","","-4768","-7094.5","否","【枫丹 中央实验室遗址】（高空中）

注：随着世界任务【枫丹科学院，停滞于一片废墟上】进度解锁","1","https://v3.yuanshen.site/"
"kongying:13900","13900","七天神像","稻妻","清籁岛、海祇岛","13","A:DQ:2","","","","","","1299.3327922781564","4289.833206312571","否","【稻妻 海祇岛】","2","https://v3.yuanshen.site/"
"kongying:48770","48770","传送锚点","枫丹","枫丹廷区、白露区、苍晶区","28","A:FD:FENGDAN","ANNAPAUSIS","枫丹 / 枫丹廷区、白露区、苍晶区 / 安眠处","","","","-6187.7522089599515","-5718.88562191818","是","【枫丹 安眠处】（水下「安眠处」）","1","https://v3.yuanshen.site/"
"kongying:48771","48771","传送锚点","枫丹","枫丹廷区、白露区、苍晶区","28","A:FD:FENGDAN","ANNAPAUSIS","枫丹 / 枫丹廷区、白露区、苍晶区 / 安眠处","","","","-6059.333048590038","-5579","是","【枫丹 安眠处】（水下「安眠处」）","1","https://v3.yuanshen.site/"
"kongying:6286","6286","传送锚点","蒙德","蒙德","6","A:MD:MENGDE","","","","","","1689.178006025","-3482.2398053092","否","【蒙德 清泉镇】","1","https://v3.yuanshen.site/"
"kongying:6285","6285","传送锚点","蒙德","蒙德","6","A:MD:MENGDE","","","","","","800.33069395251","-3309.4839928473","否","【蒙德 苍风高地】","1","https://v3.yuanshen.site/"
"kongying:105832","105832","传送锚点","挪德卡莱","伦波岛、希汐岛、帕哈岛","51","A:NDKL:NDKL","","","","","","-14221.25","-2944.75","否","【挪德卡莱 雷图礁】","3","https://v3.yuanshen.site/"
"kongying:121696","121696","传送锚点","至冬","永凝冻土、古兽冰原、焰羽谷、白桦雪葬地、霜殛寒峰","58","A:ZD:ZHIDONG1","","","","","","-9684.66373660458","-13446.54256842781","否","【至冬 海屑镇】","4","https://v3.yuanshen.site/"
"kongying:39554","39554","传送锚点","须弥","苍漠囿土","23","A:XM:DESERT3","","","","","","-8288.171703366124","-1780.3202462687832","否","【须弥 荒石苍漠】","1","https://v3.yuanshen.site/"
"kongying:6279","6279","传送锚点","蒙德","蒙德","6","A:MD:MENGDE","","","","","","645.53949671565","-4538.232254391","否","【蒙德 风龙废墟】","1","https://v3.yuanshen.site/"
"kongying:6280","6280","传送锚点","蒙德","蒙德","6","A:MD:MENGDE","","","","","","370.90860037652","-4360.9421144686","否","【蒙德 风龙废墟】","1","https://v3.yuanshen.site/"
"kongying:21505","21505","传送锚点","璃月","地下矿区","4","A:LY:CENGYAN_UG","","","","","","3057.55965339853","323.3759907217636","否","【璃月 层岩巨渊 · 地下矿区】","1","https://v3.yuanshen.site/"
"kongying:19610","19610","传送锚点","稻妻","渊下宫","15","A:DQ:YUANXIAGONG","","","","","","4229.3336343844585","888","否","【稻妻 大日御舆】","1","https://v3.yuanshen.site/"
"kongying:19600","19600","传送锚点","稻妻","渊下宫","15","A:DQ:YUANXIAGONG","","","","","","-999.3320722660028","3766.001463236322","否","【稻妻 蛇肠之路】","1","https://v3.yuanshen.site/"
"kongying:19609","19609","传送锚点","稻妻","渊下宫","15","A:DQ:YUANXIAGONG","","","","","","3465.2463277359866","798.6317849757443","否","【稻妻 大日御舆】","3","https://v3.yuanshen.site/"
"kongying:6282","6282","传送锚点","蒙德","蒙德","6","A:MD:MENGDE","","","","","","479.70576116829","-3994.650456529","否","【蒙德 明冠山地】","1","https://v3.yuanshen.site/"
"kongying:6283","6283","传送锚点","蒙德","蒙德","6","A:MD:MENGDE","","","","","","1040.6326901073","-3884.3439744663","否","【蒙德 苍风高地】","1","https://v3.yuanshen.site/"
"kongying:24607","24607","传送锚点","须弥","诸法丛林","19","A:XM:FOREST","","","","","","-3736.8725980645313","397.2311083520008","否","【须弥 善见地】","1","https://v3.yuanshen.site/"
"kongying:24565","24565","七天神像","须弥","诸法丛林","19","A:XM:FOREST","","","","","","-2895","1071","否","【须弥 阿陀河谷】","2","https://v3.yuanshen.site/"
"kongying:19606","19606","传送锚点","稻妻","渊下宫","15","A:DQ:YUANXIAGONG","","","","","","3101.565608975143","422.92903303841376","否","【稻妻 大日御舆】","1","https://v3.yuanshen.site/"
"kongying:105841","105841","传送锚点","挪德卡莱","伦波岛、希汐岛、帕哈岛","51","A:NDKL:NDKL","","","","","","-12635.614119257665","-5611.437636940361","否","【挪德卡莱 北港】","4","https://v3.yuanshen.site/"
"kongying:52123","52123","传送锚点","枫丹","枫丹动能工程科学研究院区、黎翡区","29","A:FD:FENGDAN2","","","","","","-4603.5","-7005","否","【枫丹 枫丹动能工程科学研究院区】","1","https://v3.yuanshen.site/"
"kongying:6595","6595","传送锚点","璃月","璃月","2","A:LY:LIYUE","","","","","","169.3334131291","66.833312988282","否","【璃月 璃月港】","1","https://v3.yuanshen.site/"
"kongying:24624","24624","传送锚点","须弥","诸法丛林","19","A:XM:FOREST","","","","","","-3001.607192123437","-79.48979745661654","否","【须弥 道成林】","1","https://v3.yuanshen.site/"
"kongying:21167","21167","传送锚点","璃月","层岩巨渊","3","A:LY:CENGYAN","","","","","","-1426.7501952648072","143.83211651193324","否","【璃月 层岩巨渊】","2","https://v3.yuanshen.site/"
"kongying:21166","21166","传送锚点","璃月","层岩巨渊","3","A:LY:CENGYAN","","","","","","-1818.8332133313077","332.61876531661073","否","【璃月 天工峡】","2","https://v3.yuanshen.site/"
"kongying:21495","21495","传送锚点","璃月","地下矿区","4","A:LY:CENGYAN_UG","","","","","","2438.001171588842","-1897.000731618161","否","【璃月 层岩巨渊 · 地下矿区】","1","https://v3.yuanshen.site/"
"kongying:21497","21497","传送锚点","璃月","地下矿区","4","A:LY:CENGYAN_UG","","","","","","3514.2850866181807","-1146.5413974389076","否","【璃月 巨渊主矿区】","1","https://v3.yuanshen.site/"
"kongying:21532","21532","传送锚点","璃月","地下矿区","4","A:LY:CENGYAN_UG","","","","","","2250.1663961390786","1069.8299140308482","否","【璃月 层岩巨渊 · 地下矿区】","1","https://v3.yuanshen.site/"
"kongying:21535","21535","传送锚点","璃月","地下矿区","4","A:LY:CENGYAN_UG","","","","","","-672.0019526480696","710.3336178812733","否","【璃月 层岩巨渊 · 地下矿区】","1","https://v3.yuanshen.site/"
"kongying:21536","21536","传送锚点","璃月","地下矿区","4","A:LY:CENGYAN_UG","","","","","","1984.0999908447266","-906.9000091552734","否","【璃月 层岩巨渊 · 地下矿区】","1","https://v3.yuanshen.site/"
"kongying:21534","21534","传送锚点","璃月","地下矿区","4","A:LY:CENGYAN_UG","","","","","","-225.0673721821786","-119.16027227957602","否","【璃月 层岩巨渊 · 地下矿区】","2","https://v3.yuanshen.site/"
"kongying:21533","21533","传送锚点","璃月","地下矿区","4","A:LY:CENGYAN_UG","","","","","","1392.6978033868809","542.7449751667755","否","【璃月 荧光狭道】","2","https://v3.yuanshen.site/"
"kongying:60445","60445","传送锚点","枫丹","莫尔泰区、伊黎耶林区","30","A:FD:FENGDAN3","","","","","","-3925.0889244992063","-6016.527165741721","否","【枫丹 伊黎耶林区】","1","https://v3.yuanshen.site/"
"kongying:21496","21496","传送锚点","璃月","地下矿区","4","A:LY:CENGYAN_UG","","","","","","3299","-1998","否","【璃月 巨渊主矿区】","2","https://v3.yuanshen.site/"
"kongying:24141","24141","传送锚点","金苹果群岛","金苹果群岛(2.8)","10","A:APPLE:2_8","","","","","","968.25","-2549.2129940311997","否","【金苹果群岛 双双岛】","2","https://v3.yuanshen.site/"
"kongying:24140","24140","传送锚点","金苹果群岛","金苹果群岛(2.8)","10","A:APPLE:2_8","","","","","","1406.8999938964844","-3433.400067083934","否","【金苹果群岛 双双岛】
沿着一定的脉络，散落在大陆上的奇怪装置。大陆上的人说这是古代的神秘物件，虽然不知道有什么用，但是早就习以为常了;对提瓦特大陆还很陌生的旅行者看它十分新鲜，但是好像能明白它的用法。","1","https://v3.yuanshen.site/"
"kongying:24137","24137","传送锚点","金苹果群岛","金苹果群岛(2.8)","10","A:APPLE:2_8","","","","","","-91.70001220703125","-2873.300134167868","否","【金苹果群岛 破破岛】","2","https://v3.yuanshen.site/"
"kongying:24138","24138","传送锚点","金苹果群岛","金苹果群岛(2.8)","10","A:APPLE:2_8","","","","","","86.5","-3504.718025745128","否","【金苹果群岛 破破岛】","2","https://v3.yuanshen.site/"
"kongying:24139","24139","传送锚点","金苹果群岛","金苹果群岛(2.8)","10","A:APPLE:2_8","","","","","","1347.8999938964844","-2950.199865832132","否","【金苹果群岛 双双岛】","2","https://v3.yuanshen.site/"
"kongying:24142","24142","传送锚点","金苹果群岛","金苹果群岛(2.8)","10","A:APPLE:2_8","","","","","","1538.1999969482422","-1761.7538423997266","否","【金苹果群岛 布丁岛】","2","https://v3.yuanshen.site/"
"kongying:121694","121694","传送锚点","至冬","永凝冻土、古兽冰原、焰羽谷、白桦雪葬地、霜殛寒峰","58","A:ZD:ZHIDONG1","","","","","","-9863.592647716712","-12761.302404109636","否","【至冬 永凝冻土】","2","https://v3.yuanshen.site/"
"kongying:105836","105836","传送锚点","挪德卡莱","伦波岛、希汐岛、帕哈岛","51","A:NDKL:NDKL","","","","","","-11741.75","-5229.75","否","【挪德卡莱 绯沙盐沼】","3","https://v3.yuanshen.site/"
"kongying:24603","24603","传送锚点","须弥","诸法丛林","19","A:XM:FOREST","","","","","","-4868.304476259566","-499.67998992055163","否","【须弥 二净甸】","1","https://v3.yuanshen.site/"
"kongying:10313","10313","传送锚点","稻妻","鸣神岛、神无冢、八酝岛","12","A:DQ:1","","","","","","5113.1669819335","3593.5","否","【稻妻 九条镇屋】","1","https://v3.yuanshen.site/"
"kongying:52132","52132","传送锚点","枫丹","枫丹动能工程科学研究院区、黎翡区","29","A:FD:FENGDAN2","","","","","","-5646","-7419","否","【枫丹 枫丹动能工程科学研究院区】","1","https://v3.yuanshen.site/"
"kongying:52131","52131","传送锚点","枫丹","枫丹动能工程科学研究院区、黎翡区","29","A:FD:FENGDAN2","","","","","","-5480","-7093.5","否","【枫丹 枫丹动能工程科学研究院区】","1","https://v3.yuanshen.site/"
"kongying:52129","52129","传送锚点","枫丹","枫丹动能工程科学研究院区、黎翡区","29","A:FD:FENGDAN2","","","","","","-4810.5","-7327","否","【枫丹 枫丹动能工程科学研究院区】","1","https://v3.yuanshen.site/"
"kongying:28840","28840","传送锚点","须弥","大赤沙海","21","A:XM:DESERT","","","","","","-5182.499121308369","1396.25","否","【须弥 下风蚀地】","1","https://v3.yuanshen.site/"
"kongying:28830","28830","传送锚点","须弥","大赤沙海","21","A:XM:DESERT","","","","","","-5087.416899562864","2800.0016461408613","否","【须弥 上风蚀地】","1","https://v3.yuanshen.site/"
"kongying:28831","28831","传送锚点","须弥","大赤沙海","21","A:XM:DESERT","","","","","","-5888.499414205578","2822.335416420261","否","【须弥 上风蚀地】","1","https://v3.yuanshen.site/"
"kongying:28832","28832","传送锚点","须弥","大赤沙海","21","A:XM:DESERT","","","","","","-5865.24970710279","2617.0029264726436","否","【须弥 列柱沙原】","1","https://v3.yuanshen.site/"
"kongying:28833","28833","传送锚点","须弥","大赤沙海","21","A:XM:DESERT","","","","","","-6331.667973519303","2879.5067598413825","否","【须弥 列柱沙原】","1","https://v3.yuanshen.site/"
"kongying:28825","28825","七天神像","须弥","大赤沙海","21","A:XM:DESERT","","","","","","-6133.000390529614","2049.172097919094","否","【须弥 列柱沙原】","3","https://v3.yuanshen.site/"
"kongying:28834","28834","传送锚点","须弥","大赤沙海","21","A:XM:DESERT","","","","","","-7092.25","2980.5885257974423","否","【须弥 列柱沙原】","1","https://v3.yuanshen.site/"
"kongying:28835","28835","传送锚点","须弥","大赤沙海","21","A:XM:DESERT","","","","","","-7449.309260006029","2013.5497031065843","否","【须弥 列柱沙原】","1","https://v3.yuanshen.site/"
"kongying:28838","28838","传送锚点","须弥","大赤沙海","21","A:XM:DESERT","","","","","","-6197.250390529614","1567.5835721216508","否","【须弥 下风蚀地】","1","https://v3.yuanshen.site/"
"kongying:28846","28846","传送锚点","须弥","大赤沙海","21","A:XM:DESERT","","","","","","-5728.832920434097","2312.0069503725263","否","【须弥 下风蚀地】","1","https://v3.yuanshen.site/"
"kongying:52556","52556","传送锚点","枫丹","枫丹动能工程科学研究院区、黎翡区","29","A:FD:FENGDAN2","","","","","","-5375","-7612.392698424211","否","【枫丹 枫丹动能工程科学研究院区】","1","https://v3.yuanshen.site/"
"kongying:48781","48781","传送锚点","枫丹","枫丹廷区、白露区、苍晶区","28","A:FD:FENGDAN","","","","","","-6289.752959495641","-4219.879033740667","否","【枫丹 苍晶区】","1","https://v3.yuanshen.site/"
"kongying:111858","111858","传送锚点","挪德卡莱","虚海望、逐浪野、烟硌山峰","52","A:NDKL:NDKL2","AFTERGLOW_CAVERN","挪德卡莱 / 虚海望、逐浪野、烟硌山峰 / 逐浪野 / 残辉岩窟","","","","-12359.330703848429","-8420.022655403345","是","【挪德卡莱 逐浪野】（地下「残辉岩窟」）","3","https://v3.yuanshen.site/"
"kongying:6287","6287","传送锚点","蒙德","蒙德","6","A:MD:MENGDE","","","","","","1746","-3211.6666564941","否","【蒙德 清泉镇】","1","https://v3.yuanshen.site/"
"kongying:6288","6288","传送锚点","蒙德","蒙德","6","A:MD:MENGDE","","","","","","2444.4300645305","-2771.0383143056","否","【蒙德 达达乌帕谷】","1","https://v3.yuanshen.site/"
"kongying:6291","6291","传送锚点","蒙德","蒙德","6","A:MD:MENGDE","","","","","","2023.831645842","-3751.6666717529","否","【蒙德 坠星山谷】","1","https://v3.yuanshen.site/"
"kongying:6294","6294","传送锚点","蒙德","蒙德","6","A:MD:MENGDE","","","","","","2699.6673508208","-4596.6666717529","否","【蒙德 望风山地】","1","https://v3.yuanshen.site/"
"kongying:10309","10309","传送锚点","稻妻","鸣神岛、神无冢、八酝岛","12","A:DQ:1","","","","","","6153","2376.8324594412","否","【稻妻 荒海】","1","https://v3.yuanshen.site/"
"kongying:105851","105851","传送锚点","挪德卡莱","伦波岛、希汐岛、帕哈岛","51","A:NDKL:NDKL","KUUVAHKI_BUREAU_SOUTH","挪德卡莱 / 伦波岛、希汐岛、帕哈岛 / 月矩力试验设计局 / 月矩力试验设计局 · 南区","","","","-12596.839382189839","-5101.063476465056","是","【挪德卡莱 月矩力试验设计局】（空中「月矩力试验设计局 · 南区」）","6","https://v3.yuanshen.site/"
"kongying:24621","24621","传送锚点","须弥","诸法丛林","19","A:XM:FOREST","","","","","","-2974.3873322063764","538.5944305443509","否","【须弥 道成林】","1","https://v3.yuanshen.site/"
"kongying:24567","24567","七天神像","须弥","诸法丛林","19","A:XM:FOREST","","","","","","-2536","286","否","【须弥 化城郭】","3","https://v3.yuanshen.site/"
"kongying:6604","6604","传送锚点","璃月","璃月","2","A:LY:LIYUE","","","","","","-1612.3334283918","-2213.5","否","【璃月 奥藏山】","1","https://v3.yuanshen.site/"
"kongying:6605","6605","传送锚点","璃月","璃月","2","A:LY:LIYUE","","","","","","-1384.8334131291","-1932.1666717529","否","【璃月 庆云顶】","1","https://v3.yuanshen.site/"
"kongying:105846","105846","传送锚点","挪德卡莱","伦波岛、希汐岛、帕哈岛","51","A:NDKL:NDKL","","","","","","-12947.5","-5004.75","否","【挪德卡莱 月矩力试验设计局】","3","https://v3.yuanshen.site/"
"kongying:105842","105842","传送锚点","挪德卡莱","伦波岛、希汐岛、帕哈岛","51","A:NDKL:NDKL","","","","","","-12412.138065690742","-4997.232740661312","否","【挪德卡莱 月矩力试验设计局】","3","https://v3.yuanshen.site/"
"kongying:7298","7298","传送锚点","蒙德","蒙德","6","A:MD:MENGDE","","","","","","1107.8334085961","-4265.1667784342","否","【蒙德 明冠山地】","1","https://v3.yuanshen.site/"
"kongying:105834","105834","传送锚点","挪德卡莱","伦波岛、希汐岛、帕哈岛","51","A:NDKL:NDKL","","","","","","-12211.5","-4943.25","否","【挪德卡莱 帕哈岛】","3","https://v3.yuanshen.site/"
"kongying:40059","40059","传送锚点","须弥","苍漠囿土","23","A:XM:DESERT3","","","","","","-8284.638930921574","-1278.2658956456498","否","【须弥 荒石苍漠】","1","https://v3.yuanshen.site/"
"kongying:40060","40060","传送锚点","须弥","苍漠囿土","23","A:XM:DESERT3","","","","","","-8563.23513666314","-1330.3535875638418","否","【须弥 荒石苍漠】","1","https://v3.yuanshen.site/"
"kongying:40052","40052","传送锚点","须弥","苍漠囿土","23","A:XM:DESERT3","","","","","","-7199.068622006082","-1887.736917007057","否","【须弥 甘露花海】","2","https://v3.yuanshen.site/"
"kongying:40057","40057","传送锚点","须弥","苍漠囿土","23","A:XM:DESERT3","","","","","","-7696.044417379973","-823.217668069904","否","【须弥 荒石苍漠】","2","https://v3.yuanshen.site/"
"kongying:105843","105843","传送锚点","挪德卡莱","伦波岛、希汐岛、帕哈岛","51","A:NDKL:NDKL","","","","","","-12568.762217723563","-4856.872044595782","否","【挪德卡莱 月矩力试验设计局】","4","https://v3.yuanshen.site/"
"kongying:13408","13408","七天神像","稻妻","鸣神岛、神无冢、八酝岛","12","A:DQ:1","","","","","","5732.666717529297","2409.6638115670303","否","【稻妻 离岛】","2","https://v3.yuanshen.site/"
"kongying:10302","10302","传送锚点","稻妻","鸣神岛、神无冢、八酝岛","12","A:DQ:1","","","","","","6437.8337991257","2913.6675100524","否","【稻妻 镇守之森】","1","https://v3.yuanshen.site/"
"kongying:6602","6602","传送锚点","璃月","璃月","2","A:LY:LIYUE","","","","","","-1328","-1509.6666564941","否","【璃月 珉林】","1","https://v3.yuanshen.site/"
"kongying:6603","6603","传送锚点","璃月","璃月","2","A:LY:LIYUE","","","","","","-1867.8331584791","-1772.8333435059","否","【璃月 琥牢山】","1","https://v3.yuanshen.site/"
"kongying:6606","6606","传送锚点","璃月","璃月","2","A:LY:LIYUE","","","","","","-1399.833922429","-2194","否","【璃月 绝云间】","1","https://v3.yuanshen.site/"
"kongying:6613","6613","七天神像","璃月","璃月","2","A:LY:LIYUE","","","","","","190.6668415208701","-805.5833282470703","否","【璃月 云来海】","3","https://v3.yuanshen.site/"
"kongying:105844","105844","传送锚点","挪德卡莱","伦波岛、希汐岛、帕哈岛","51","A:NDKL:NDKL","","","","","","-12672.706914557984","-4594.88899295576","否","【挪德卡莱 南港】","3","https://v3.yuanshen.site/"
"kongying:24134","24134","传送锚点","金苹果群岛","金苹果群岛(2.8)","10","A:APPLE:2_8","","","","","","705.6000366210938","-857.8964381787846","否","【金苹果群岛 危危岛】","2","https://v3.yuanshen.site/"
"kongying:52128","52128","传送锚点","枫丹","枫丹动能工程科学研究院区、黎翡区","29","A:FD:FENGDAN2","","","","","","-4556.535280098794","-7420.068975770812","否","【枫丹 枫丹动能工程科学研究院区】","1","https://v3.yuanshen.site/"
"kongying:19601","19601","传送锚点","稻妻","渊下宫","15","A:DQ:YUANXIAGONG","","","","","","-1685.9992189407722","2359.3328252502833","否","【稻妻 蛇肠之路】","1","https://v3.yuanshen.site/"
"kongying:34912","34912","传送锚点","须弥","千壑沙地","22","A:XM:DESERT2","","","","","","-7056.259311978825","128.2229555447184","否","【须弥 千壑沙地】","1","https://v3.yuanshen.site/"
"kongying:6594","6594","传送锚点","璃月","璃月","2","A:LY:LIYUE","","","","","","32.333158479127","-145","否","【璃月 璃月港】","1","https://v3.yuanshen.site/"
"kongying:34923","34923","传送锚点","须弥","千壑沙地","22","A:XM:DESERT2","","","","","","-5589.077651341123","51.20857815453019","否","【须弥 千壑沙地】","1","https://v3.yuanshen.site/"
"kongying:111841","111841","传送锚点","挪德卡莱","虚海望、逐浪野、烟硌山峰","52","A:NDKL:NDKL2","","","","","","-12207.816229336018","-7698.189282347796","否","【挪德卡莱 虚海望】","1","https://v3.yuanshen.site/"
"kongying:111845","111845","传送锚点","挪德卡莱","虚海望、逐浪野、烟硌山峰","52","A:NDKL:NDKL2","","","","","","-12604.675781019832","-7854.467252942848","否","【挪德卡莱 逐浪野】","1","https://v3.yuanshen.site/"
"kongying:43512","43512","传送锚点","琉形蜃境","琉形蜃境(3.8)","26","A:VELURIYAM:3_8","","","","","","420.78023985075197","1176.2707456425624","否","【琉形蜃境 蔓生溪谷】

注：完成活动剧情【远方传来邀请函！】「琉璃秘境，小中见大」（【清夏！乐园？大秘境！其一】）解锁【蔓生溪谷】区域","2","https://v3.yuanshen.site/"
"kongying:111843","111843","传送锚点","挪德卡莱","虚海望、逐浪野、烟硌山峰","52","A:NDKL:NDKL2","","","","","","-12072.261822530583","-7807.044172868928","否","【挪德卡莱 皮拉米达城】","1","https://v3.yuanshen.site/"
"kongying:111839","111839","传送锚点","挪德卡莱","虚海望、逐浪野、烟硌山峰","52","A:NDKL:NDKL2","","","","","","-12483.922967333412","-7418.730850863513","否","【挪德卡莱 虚海望】

注：「月之四」版本更新后，完成魔神任务【序章 第三幕】「巨龙与自由之歌」后，自动解锁","2","https://v3.yuanshen.site/"
"kongying:111844","111844","传送锚点","挪德卡莱","虚海望、逐浪野、烟硌山峰","52","A:NDKL:NDKL2","","","","","","-12227.342756927661","-7921.140750103523","否","【挪德卡莱 虚海望】","1","https://v3.yuanshen.site/"
"kongying:111848","111848","传送锚点","挪德卡莱","虚海望、逐浪野、烟硌山峰","52","A:NDKL:NDKL2","","","","","","-12132.455003591907","-8188.460776764987","否","【挪德卡莱 噩影泽地】","1","https://v3.yuanshen.site/"
"kongying:111847","111847","传送锚点","挪德卡莱","虚海望、逐浪野、烟硌山峰","52","A:NDKL:NDKL2","","","","","","-12206.797188471648","-8061.076623449151","否","【挪德卡莱 噩影泽地】","1","https://v3.yuanshen.site/"
"kongying:111857","111857","传送锚点","挪德卡莱","虚海望、逐浪野、烟硌山峰","52","A:NDKL:NDKL2","","","","","","-12408.251819317182","-8393.145647496734","否","【挪德卡莱 逐浪野】","1","https://v3.yuanshen.site/"
"kongying:111860","111860","传送锚点","挪德卡莱","虚海望、逐浪野、烟硌山峰","52","A:NDKL:NDKL2","","","","","","-12192.893650657861","-8642.893503540963","否","【挪德卡莱 逐浪野】","1","https://v3.yuanshen.site/"
"kongying:111863","111863","传送锚点","挪德卡莱","虚海望、逐浪野、烟硌山峰","52","A:NDKL:NDKL2","","","","","","-12676.984948330342","-8709.164502373293","否","【挪德卡莱 烟硌山峰】","1","https://v3.yuanshen.site/"
"kongying:111866","111866","传送锚点","挪德卡莱","虚海望、逐浪野、烟硌山峰","52","A:NDKL:NDKL2","","","","","","-12199.455172095486","-9172.090526407228","否","【挪德卡莱 特辖地研究所】","1","https://v3.yuanshen.site/"
"kongying:111850","111850","传送锚点","挪德卡莱","虚海望、逐浪野、烟硌山峰","52","A:NDKL:NDKL2","","","","","","-12438.129780960073","-8084.268212669088","否","【挪德卡莱 虚海望】","3","https://v3.yuanshen.site/"
"kongying:111849","111849","传送锚点","挪德卡莱","虚海望、逐浪野、烟硌山峰","52","A:NDKL:NDKL2","","","","","","-11945.053074652435","-8078.880227890985","否","【挪德卡莱 虚海望】","1","https://v3.yuanshen.site/"
"kongying:111856","111856","传送锚点","挪德卡莱","虚海望、逐浪野、烟硌山峰","52","A:NDKL:NDKL2","","","","","","-12709.611374500972","-8449.495463743258","否","【挪德卡莱 厄布拉神柱】","1","https://v3.yuanshen.site/"
"kongying:111859","111859","传送锚点","挪德卡莱","虚海望、逐浪野、烟硌山峰","52","A:NDKL:NDKL2","","","","","","-12155.1000839945","-8469.41823750198","否","【挪德卡莱 逐浪野】","1","https://v3.yuanshen.site/"
"kongying:111853","111853","传送锚点","挪德卡莱","虚海望、逐浪野、烟硌山峰","52","A:NDKL:NDKL2","","","","","","-12842.590926315032","-8130.156477746819","否","【挪德卡莱 逐浪野】","1","https://v3.yuanshen.site/"
"kongying:111862","111862","传送锚点","挪德卡莱","虚海望、逐浪野、烟硌山峰","52","A:NDKL:NDKL2","","","","","","-12505.889483974763","-8572.91151391507","否","【挪德卡莱 逐浪野】","1","https://v3.yuanshen.site/"
"kongying:111864","111864","传送锚点","挪德卡莱","虚海望、逐浪野、烟硌山峰","52","A:NDKL:NDKL2","","","","","","-13179.902567588228","-8503.330176237774","否","【挪德卡莱 凯雷丝之翼】","1","https://v3.yuanshen.site/"
"kongying:111870","111870","传送锚点","挪德卡莱","虚海望、逐浪野、烟硌山峰","52","A:NDKL:NDKL2","","","","","","-13195.39921233938","-9289.744891753426","否","【挪德卡莱 烟硌山峰】","1","https://v3.yuanshen.site/"
"kongying:111855","111855","传送锚点","挪德卡莱","虚海望、逐浪野、烟硌山峰","52","A:NDKL:NDKL2","","","","","","-12879.411987515332","-8331.290631900107","否","【挪德卡莱 厄布拉神柱】","1","https://v3.yuanshen.site/"
"kongying:111867","111867","传送锚点","挪德卡莱","虚海望、逐浪野、烟硌山峰","52","A:NDKL:NDKL2","","","","","","-12513.957490007446","-9108.079853414725","否","【挪德卡莱 苦壑崖】","1","https://v3.yuanshen.site/"
"kongying:111869","111869","传送锚点","挪德卡莱","虚海望、逐浪野、烟硌山峰","52","A:NDKL:NDKL2","","","","","","-12940.704622114852","-9281.702742781192","否","【挪德卡莱 苦壑崖】","1","https://v3.yuanshen.site/"
"kongying:111868","111868","传送锚点","挪德卡莱","虚海望、逐浪野、烟硌山峰","52","A:NDKL:NDKL2","","","","","","-12753.363997040866","-9112.515396884875","否","【挪德卡莱 苦壑崖】","1","https://v3.yuanshen.site/"
"kongying:52130","52130","传送锚点","枫丹","枫丹动能工程科学研究院区、黎翡区","29","A:FD:FENGDAN2","","","","","","-5217.75","-7166.75","否","【枫丹 新枫丹科学院】","1","https://v3.yuanshen.site/"
"kongying:111879","111879","传送锚点","挪德卡莱","虚海望、逐浪野、烟硌山峰","52","A:NDKL:NDKL2","","","","","","-12501.731599350991","-8215.004971461363","否","【挪德卡莱 厄布拉神柱】","1","https://v3.yuanshen.site/"
"kongying:95168","95168","传送锚点","纳塔","远古圣山","48","A:NT:NATA4","ANCIENT_SACRED_MT_DRAGON_LAIR","纳塔 / 远古圣山 / 远古圣山 / 远古圣山的龙居地","","","","817","-2388.7500038146973","是","【纳塔 衍术阵列】（地下「远古圣山的龙居地」）","13","https://v3.yuanshen.site/"
"kongying:24600","24600","传送锚点","须弥","诸法丛林","19","A:XM:FOREST","","","","","","-4804.493569013445","501.75508237538816","否","【须弥 善见地】","1","https://v3.yuanshen.site/"
"kongying:24566","24566","七天神像","须弥","诸法丛林","19","A:XM:FOREST","","","","","","-4007.5842481996065","736.1596755049104","否","【须弥 善见地】","2","https://v3.yuanshen.site/"
"kongying:24608","24608","传送锚点","须弥","诸法丛林","19","A:XM:FOREST","","","","","","-3638.6447482281415","619.3296905179795","否","【须弥 善见地】","1","https://v3.yuanshen.site/"
"kongying:24610","24610","传送锚点","须弥","诸法丛林","19","A:XM:FOREST","","","","","","-4099.115432024459","1276.1733361983215","否","【须弥 善见地】","1","https://v3.yuanshen.site/"
"kongying:24611","24611","传送锚点","须弥","诸法丛林","19","A:XM:FOREST","","","","","","-3650.405101303811","1492.620600249471","否","【须弥 善见地】","1","https://v3.yuanshen.site/"
"kongying:24612","24612","传送锚点","须弥","诸法丛林","19","A:XM:FOREST","","","","","","-3568.8334085961146","138.33309950300827","否","【须弥 二净甸】","1","https://v3.yuanshen.site/"
"kongying:24627","24627","传送锚点","须弥","诸法丛林","19","A:XM:FOREST","","","","","","-3057.5","-264.99963399013814","否","【须弥 须弥城】","1","https://v3.yuanshen.site/"
"kongying:24628","24628","传送锚点","须弥","诸法丛林","19","A:XM:FOREST","","","","","","-3302.0055175346015","-447.0786947548486","否","【须弥 须弥城】","1","https://v3.yuanshen.site/"
"kongying:24629","24629","传送锚点","须弥","诸法丛林","19","A:XM:FOREST","","","","","","-3209.0255106364525","-844.5783102617825","否","【须弥 茸蕈窟】","1","https://v3.yuanshen.site/"
"kongying:24630","24630","传送锚点","须弥","诸法丛林","19","A:XM:FOREST","","","","","","-2775.832237007273","-835.665802467407","否","【须弥 护世森】","1","https://v3.yuanshen.site/"
"kongying:24631","24631","传送锚点","须弥","诸法丛林","19","A:XM:FOREST","","","","","","-2871.500390529614","-638.5051241380652","否","【须弥 护世森】","1","https://v3.yuanshen.site/"
"kongying:24633","24633","传送锚点","须弥","诸法丛林","19","A:XM:FOREST","","","","","","-2693.3320722660033","-1290.6683950651868","否","【须弥 无郁稠林】","1","https://v3.yuanshen.site/"
"kongying:24634","24634","传送锚点","须弥","诸法丛林","19","A:XM:FOREST","","","","","","-2676.695216068016","-1019.4671408742615","否","【须弥 无郁稠林】","1","https://v3.yuanshen.site/"
"kongying:24635","24635","传送锚点","须弥","诸法丛林","19","A:XM:FOREST","","","","","","-2430.9992189407717","-237.99926798027627","否","【须弥 香醉坡】","1","https://v3.yuanshen.site/"
"kongying:6586","6586","传送锚点","璃月","璃月","2","A:LY:LIYUE","","","","","","491.50101859989","-663.66665649414","否","【璃月 云来海】","1","https://v3.yuanshen.site/"
"kongying:52119","52119","七天神像","枫丹","枫丹动能工程科学研究院区、黎翡区","29","A:FD:FENGDAN2","","","","","","-5525.271570324363","-6452.746899107616","否","【枫丹 黎翡区】","1","https://v3.yuanshen.site/"
"kongying:105811","105811","传送锚点","挪德卡莱","伦波岛、希汐岛、帕哈岛","51","A:NDKL:NDKL","","","","","","-11409.5","-4161","否","【挪德卡莱 伦波岛】","3","https://v3.yuanshen.site/"
"kongying:26041","26041","传送锚点","须弥","诸法丛林","19","A:XM:FOREST","","","","","","-4374.39611912269","2.56697980471381","否","【须弥 失落的苗圃】

注：进行世界任务【森林书 第三章】「失梦的苗圃」「为了过去的孩子们」时，随进度来到此处","5","https://v3.yuanshen.site/"
"kongying:6600","6600","传送锚点","璃月","璃月","2","A:LY:LIYUE","","","","","","-1158.6665716082","-735.16667175293","否","【璃月 珉林】","1","https://v3.yuanshen.site/"
"kongying:6601","6601","传送锚点","璃月","璃月","2","A:LY:LIYUE","","","","","","-1007.5","-1009.5","否","【璃月 珉林】","1","https://v3.yuanshen.site/"
"kongying:119936","119936","传送锚点","挪德卡莱","霜月","56","A:NDKL:SY","MOON_DARK_SIDE_BASE_TRANSPORT","挪德卡莱 / 霜月 / 月之暗面 / 暗面基地 · 运输层","","","","1018.6659077761751","-1543.7181701703985","是","【月之暗面】（地下「暗面基地 · 运输层」）","3","https://v3.yuanshen.site/"
"kongying:119903","119903","传送锚点","挪德卡莱","霜月","56","A:NDKL:SY","","","","","","9374.921036522652","-1283.7430205037535","否","【乌吉恩圈】","2","https://v3.yuanshen.site/"
"kongying:119902","119902","传送锚点","挪德卡莱","霜月","56","A:NDKL:SY","","","","","","9426.356660763622","-1131.5247935656398","否","【月之高地】","2","https://v3.yuanshen.site/"
"kongying:119930","119930","传送锚点","挪德卡莱","霜月","56","A:NDKL:SY","","","","","","8897.520876757219","-36.17431722701622","否","【月之高地】","2","https://v3.yuanshen.site/"
"kongying:119929","119929","传送锚点","挪德卡莱","霜月","56","A:NDKL:SY","","","","","","6942.241313258368","407.7413360246619","否","【金屋】","2","https://v3.yuanshen.site/"
"kongying:13915","13915","传送锚点","稻妻","清籁岛、海祇岛","13","A:DQ:2","","","","","","6455","4893","否","【稻妻 平海砦】","1","https://v3.yuanshen.site/"
"kongying:6293","6293","传送锚点","蒙德","蒙德","6","A:MD:MENGDE","","","","","","2223.1673355581","-4452.8333282471","否","【蒙德 望风山地】","1","https://v3.yuanshen.site/"
"kongying:21514","21514","传送锚点","璃月","地下矿区","4","A:LY:CENGYAN_UG","","","","","","3208.8347449262264","1190.1668089406367","否","【璃月 层岩巨渊 · 地下矿区】","1","https://v3.yuanshen.site/"
"kongying:20685","20685","传送锚点","稻妻","三界路飨祭(2.5)","16","A:DQ:SANJIE","","","","","","1193","-4111","否","【三界路飨祭 渊下宫】
【2】渊海髓矿、【2】常世之荚 解锁","5","https://v3.yuanshen.site/"
"kongying:25799","25799","传送锚点","须弥","诸法丛林","19","A:XM:FOREST","","","","","","-3788.8728826106603","-560.8870859576273","否","【须弥 桓那兰那】","1","https://v3.yuanshen.site/"
"kongying:34909","34909","传送锚点","须弥","千壑沙地","22","A:XM:DESERT2","","","","","","-6671.568980491926","1133.9612602804864","否","【须弥「神的棋盘」】","2","https://v3.yuanshen.site/"
"kongying:43516","43516","传送锚点","琉形蜃境","琉形蜃境(3.8)","26","A:VELURIYAM:3_8","","","","","","2585.4917414097845","-1255.3913148252814","否","【琉形蜃境 隐众游园】（底部）

注：进行活动剧情【蜃境乐园大危机！】「聚众游园，点亮夏日灯火」（【清夏！乐园？大秘境！其二】）时，于【大帐篷】内升起彩灯后出现","1","https://v3.yuanshen.site/"
"kongying:43510","43510","传送锚点","琉形蜃境","琉形蜃境(3.8)","26","A:VELURIYAM:3_8","","","","","","2833.1837441833613","-11.869700489191018","否","【琉形蜃境 银瓶庭院】","1","https://v3.yuanshen.site/"
"kongying:43511","43511","传送锚点","琉形蜃境","琉形蜃境(3.8)","26","A:VELURIYAM:3_8","","","","","","1320.5092768604154","13.75717563746548","否","【琉形蜃境 蔓生溪谷】

注：完成活动剧情【远方传来邀请函！】「琉璃秘境，小中见大」（【清夏！乐园？大秘境！其一】）解锁【蔓生溪谷】区域","2","https://v3.yuanshen.site/"
"kongying:6596","6596","传送锚点","璃月","璃月","2","A:LY:LIYUE","","","","","","1415","-700.83332824707","否","【璃月 孤云阁】","1","https://v3.yuanshen.site/"
"kongying:6597","6597","传送锚点","璃月","璃月","2","A:LY:LIYUE","","","","","","-120.99974535002","-1122.1666717529","否","【璃月 归离原】","1","https://v3.yuanshen.site/"
"kongying:6598","6598","传送锚点","璃月","璃月","2","A:LY:LIYUE","","","","","","76.167096170849","-1545.1666717529","否","【璃月 归离原】","1","https://v3.yuanshen.site/"
"kongying:6599","6599","传送锚点","璃月","璃月","2","A:LY:LIYUE","","","","","","-586.49974535002","-1145.8333435059","否","【璃月 渌华池】","1","https://v3.yuanshen.site/"
"kongying:6626","6626","传送锚点","蒙德","蒙德","6","A:MD:MENGDE","","","","","","1695","-3861","否","【蒙德 蒙德城】","1","https://v3.yuanshen.site/"
"kongying:24601","24601","传送锚点","须弥","诸法丛林","19","A:XM:FOREST","","","","","","-4253.186470969765","233.99402193932474","否","【须弥 善见地】","1","https://v3.yuanshen.site/"
"kongying:28841","28841","传送锚点","须弥","大赤沙海","21","A:XM:DESERT","","","","","","-5342.500097632404","1668.342359166183","否","【须弥 下风蚀地】","1","https://v3.yuanshen.site/"
"kongying:28842","28842","传送锚点","须弥","大赤沙海","21","A:XM:DESERT","","","","","","-4932.480746430026","1873.1929086035689","否","【须弥 阿如村】","1","https://v3.yuanshen.site/"
"kongying:105825","105825","传送锚点","挪德卡莱","伦波岛、希汐岛、帕哈岛","51","A:NDKL:NDKL","","","","","","-13808.5","-3563.5","否","【挪德卡莱 守誓者的圣所】","4","https://v3.yuanshen.site/"
"kongying:13899","13899","传送锚点","稻妻","清籁岛、海祇岛","13","A:DQ:2","","","","","","1545.166621927422","4237.666793687429","否","【稻妻 珊瑚宫】","1","https://v3.yuanshen.site/"
"kongying:28828","28828","传送锚点","须弥","大赤沙海","21","A:XM:DESERT","","","","","","-5866.7509610622665","3423.835218262513","否","【须弥 吞羊岩】","1","https://v3.yuanshen.site/"
"kongying:105798","105798","传送锚点","挪德卡莱","伦波岛、希汐岛、帕哈岛","51","A:NDKL:NDKL","","","","","","-11764.25","-3360.5","否","【挪德卡莱 苔骨荒原】","3","https://v3.yuanshen.site/"
"kongying:111559","111559","传送锚点","挪德卡莱","伦波岛、希汐岛、帕哈岛","51","A:NDKL:NDKL","NOD_KRAI_TRAINING_HALL","挪德卡莱 / 伦波岛、希汐岛、帕哈岛 / 帕哈岛 / 训练场","","","","-12112.62743854308","-5293.3439270410445","是","（「月之三」版本新增）
【挪德卡莱 帕哈岛】（地下「训练场」）","9","https://v3.yuanshen.site/"
"kongying:105814","105814","传送锚点","挪德卡莱","伦波岛、希汐岛、帕哈岛","51","A:NDKL:NDKL","","","","","","-12445.5","-3233","否","【挪德卡莱 北方训练场】","3","https://v3.yuanshen.site/"
"kongying:48765","48765","传送锚点","枫丹","枫丹廷区、白露区、苍晶区","28","A:FD:FENGDAN","","","","","","-5415.333408596114","-5413.332733493146","否","【枫丹 枫丹廷区】","1","https://v3.yuanshen.site/"
"kongying:105830","105830","传送锚点","挪德卡莱","伦波岛、希汐岛、帕哈岛","51","A:NDKL:NDKL","","","","","","-14087","-3078.25","否","【挪德卡莱 雷图礁】","3","https://v3.yuanshen.site/"
"kongying:111852","111852","传送锚点","挪德卡莱","虚海望、逐浪野、烟硌山峰","52","A:NDKL:NDKL2","DERELICT_SHELTER_OVERHAUL_AREA","挪德卡莱 / 虚海望、逐浪野、烟硌山峰 / 废弃避难所 / 废弃避难所 · 检修区","","","","-12512.494808594625","-7946.775811368564","是","【挪德卡莱 「末日后的乐园」】（地下「废弃避难所 · 检修区」）

注：进行世界任务【月之东，日之西】「物归原主」时，随进度自动解锁","4","https://v3.yuanshen.site/"
"kongying:116327","116327","传送锚点","蒙德","空之神殿","55","A:MD:SHENDIAN","","","","","","-1447.4903700385917","-2962.462128915084","否","【空之神殿 大方广】","2","https://v3.yuanshen.site/"
"kongying:115467","115467","传送锚点","蒙德","蒙德","6","A:MD:MENGDE","","","","","","954.961542835732","-4657.038389543974","否","（「月之六」版本新增）
【蒙德 明冠山地】

注：「月之六」版本更新后，完成魔神任务【序章 第三幕】「巨龙与自由之歌」后，自动解锁","7","https://v3.yuanshen.site/"
"kongying:116363","116363","传送锚点","蒙德","空之神殿","55","A:MD:SHENDIAN","","","","","","-675.8128895870141","-4506.0318987989285","否","【空之神殿「沙上楼阁」】","3","https://v3.yuanshen.site/"
"kongying:116282","116282","传送锚点","蒙德","空之神殿","55","A:MD:SHENDIAN","SPACE_PILLAR_HALL_FRONT_CHAMBER","蒙德 / 空之神殿 / 空之柱殿 / 空之柱殿 · 前厅","","","","-504.7926273288276","-2384.9903336132297","是","【空之神殿 遗世之路】（地下「空之柱殿 · 前厅」）

注：进行世界任务【山中好长日 · 序章】【魔山】「风停了」时，随进度自动解锁","7","https://v3.yuanshen.site/"
"kongying:116362","116362","传送锚点","蒙德","空之神殿","55","A:MD:SHENDIAN","","","","","","-700.90258602634","-3984.2361619075286","否","【空之神殿 柱殿中央区】","3","https://v3.yuanshen.site/"
"kongying:116321","116321","传送锚点","蒙德","空之神殿","55","A:MD:SHENDIAN","","","","","","5.758458799677555","-2722.3273123581203","否","【空之神殿 空之神殿】

注：随世界任务【山中好长日 · 序章】【魔山】「风停了」进度而自动解锁","3","https://v3.yuanshen.site/"
"kongying:116390","116390","传送锚点","蒙德","空之神殿","55","A:MD:SHENDIAN","NEITHER_BE_NOR_NONBE_CAGE","蒙德 / 空之神殿 / 摹忆中枢 / 非有非无有之笼","","","","-663.6109712377779","-3305.4113078678224","是","【空之神殿 非有非无有之笼】（空中「非有非无有之笼」）

注：进行世界任务【山中好长日 · 第三章】【审判】「最后的审判」时，自动解锁","6","https://v3.yuanshen.site/"
"kongying:115494","115494","传送锚点","蒙德","风息山","54","A:MD:FENGXISHAN","FAVONIUS_KNIGHT_RUIN_UG1","蒙德 / 风息山 / 西风骑士团遗迹 / 西风骑士团遗迹 · 地下一层","","","","955.9153434219952","-5661.030303946214","是","【蒙德 风息山】（地下「西风骑士团遗迹 · 地下一层」）

注：进行世界任务【寂静之塔下的风向】时，随进度进入","3","https://v3.yuanshen.site/"
"kongying:119910","119910","传送锚点","挪德卡莱","霜月","56","A:NDKL:SY","MAAGEES_GREENHOUSE_CULTIVATE_AREA","挪德卡莱 / 霜月 / 乌吉恩圈 其他 / 玛歌的温室 · 培养区","","","","9498.458941087885","-1410.6820951450345","是","【玛歌的温室】（地下「玛歌的温室 · 培养区」）","3","https://v3.yuanshen.site/"
"kongying:119912","119912","传送锚点","挪德卡莱","霜月","56","A:NDKL:SY","SKY_REACH_PROW","挪德卡莱 / 霜月 / 乌吉恩圈 / 天攀艏","","","","9259.101033014816","-1688.9311284951918","是","【乌吉恩圈 · 动力引擎】（地下「天攀艏」）","8","https://v3.yuanshen.site/"
"kongying:119913","119913","传送锚点","挪德卡莱","霜月","56","A:NDKL:SY","UNGIEN_CIRCLE_POWER_ENGINE","挪德卡莱 / 霜月 / 乌吉恩圈 / 乌吉恩圈 · 动力引擎","","","","9268.529054109124","-1798.474019766907","是","【乌吉恩圈 · 动力引擎】（地下「乌吉恩圈 · 动力引擎」）","6","https://v3.yuanshen.site/"
"kongying:119927","119927","传送锚点","挪德卡莱","霜月","56","A:NDKL:SY","","","","","","7577.96707073984","-4400.721947808927","否","【月荡海】","2","https://v3.yuanshen.site/"
"kongying:119921","119921","传送锚点","挪德卡莱","霜月","56","A:NDKL:SY","","","","","","7905.504672320378","-3358.3724324911477","否","【月荡海】","2","https://v3.yuanshen.site/"
"kongying:119922","119922","传送锚点","挪德卡莱","霜月","56","A:NDKL:SY","","","","","","7562.523128501634","-3254.971042478678","否","【月荡海】","2","https://v3.yuanshen.site/"
"kongying:121561","121561","传送锚点","挪德卡莱","霜月","56","A:NDKL:SY","","","","","","8068.893600802596","-3254.1756939306356","否","【月荡海】","2","https://v3.yuanshen.site/"
"kongying:119925","119925","传送锚点","挪德卡莱","霜月","56","A:NDKL:SY","","","","","","7425.16756868351","-2934.3546585188406","否","【月荡海】","2","https://v3.yuanshen.site/"
"kongying:119919","119919","传送锚点","挪德卡莱","霜月","56","A:NDKL:SY","","","","","","11629.731820424427","-1698.007142320661","否","【努尔寂石阵列】","3","https://v3.yuanshen.site/"
"kongying:119905","119905","传送锚点","挪德卡莱","霜月","56","A:NDKL:SY","","","","","","9436.717691173553","-1593.3891036717605","否","【乌吉恩圈】","2","https://v3.yuanshen.site/"
"kongying:119934","119934","传送锚点","挪德卡莱","霜月","56","A:NDKL:SY","","","","","","1456.3841749264866","-1578.8041461012426","否","【月之暗面】","2","https://v3.yuanshen.site/"
"kongying:119937","119937","传送锚点","挪德卡莱","霜月","56","A:NDKL:SY","MOON_DARK_SIDE_BASE_TRANSPORT","挪德卡莱 / 霜月 / 月之暗面 / 暗面基地 · 运输层","","","","929.5650727929215","-1564.7181688571427","是","【月之暗面】（地下「暗面基地 · 运输层」）","3","https://v3.yuanshen.site/"
"kongying:119938","119938","传送锚点","挪德卡莱","霜月","56","A:NDKL:SY","MOON_CORE_PIT","挪德卡莱 / 霜月 / 月之暗面 / 月心深坑","","","","868.1739464524862","-1563.9616399703045","是","【月之暗面】（地下「月心深坑」）","3","https://v3.yuanshen.site/"
"kongying:119904","119904","传送锚点","挪德卡莱","霜月","56","A:NDKL:SY","","","","","","9192.356411363198","-1552.3162414463613","否","【乌吉恩圈】","2","https://v3.yuanshen.site/"
"kongying:119906","119906","传送锚点","挪德卡莱","霜月","56","A:NDKL:SY","","","","","","9440.217690958207","-1680.3935059048308","否","【乌吉恩圈】

注：可以通过【下方】的【古月源珠发射器】到达此处","3","https://v3.yuanshen.site/"
"kongying:119911","119911","传送锚点","挪德卡莱","霜月","56","A:NDKL:SY","UNGIEN_CIRCLE_UNDERGROUND_CAVE","挪德卡莱 / 霜月 / 乌吉恩圈 其他 / 乌吉恩圈 · 地下洞穴","","","","9077.201100009881","-1639.1049916148313","是","【乌吉恩圈】（地下「乌吉恩圈 · 地下洞穴」）","5","https://v3.yuanshen.site/"
"kongying:119914","119914","传送锚点","挪德卡莱","霜月","56","A:NDKL:SY","UNGIEN_CIRCLE_POWER_ENGINE","挪德卡莱 / 霜月 / 乌吉恩圈 / 乌吉恩圈 · 动力引擎","","","","9251.56771502581","-1907.1123299771898","是","【乌吉恩圈 · 动力引擎】（地下「乌吉恩圈 · 动力引擎」）","6","https://v3.yuanshen.site/"
"kongying:123803","123803","传送锚点","至冬","永凝冻土、古兽冰原、焰羽谷、白桦雪葬地、霜殛寒峰","58","A:ZD:ZHIDONG1","","","","","","-9256.849027298016","-14388.29563599711","否","【至冬 永凝冻土】

注：随世界任务【如迷宫囚禁她的奴仆】进度可激活","2","https://v3.yuanshen.site/"
"kongying:125358","125358","传送锚点","至冬","永凝冻土、古兽冰原、焰羽谷、白桦雪葬地、霜殛寒峰","58","A:ZD:ZHIDONG1","TRAIN_GRAVE","至冬 / 永凝冻土、古兽冰原、焰羽谷、白桦雪葬地、霜殛寒峰 / 古兽冰原 / 列车墓地","","","","-10487.39831235056","-12411.641234883584","是","【至冬 永凝冻土】（地下「列车墓地」）

注：进行世界任务【卑劣者的穷街陋巷】「无仁义的争执」时，随进度进入","14","https://v3.yuanshen.site/"
"kongying:121714","121714","传送锚点","至冬","永凝冻土、古兽冰原、焰羽谷、白桦雪葬地、霜殛寒峰","58","A:ZD:ZHIDONG1","WING_SHADOWED_TOWN","至冬 / 永凝冻土、古兽冰原、焰羽谷、白桦雪葬地、霜殛寒峰 / 焰羽谷 / 受翼遮蔽的小镇","","","","-10981.038504673073","-12499.024217325634","是","【至冬 生栖树沼】（地下「受翼遮蔽的小镇」）","3","https://v3.yuanshen.site/"
"kongying:121715","121715","传送锚点","至冬","永凝冻土、古兽冰原、焰羽谷、白桦雪葬地、霜殛寒峰","58","A:ZD:ZHIDONG1","HOLLOW_DREAM_HATCH_PLACE","至冬 / 永凝冻土、古兽冰原、焰羽谷、白桦雪葬地、霜殛寒峰 / 焰羽谷 / 空洞之梦的破壳处","","","","-11232.992945428923","-12425.50951608658","是","【至冬 生栖树沼】（地下「空洞之梦的破壳处」）","2","https://v3.yuanshen.site/"
"kongying:121724","121724","传送锚点","至冬","永凝冻土、古兽冰原、焰羽谷、白桦雪葬地、霜殛寒峰","58","A:ZD:ZHIDONG1","GREAT_TORCH_FURNACE_CORE","至冬 / 永凝冻土、古兽冰原、焰羽谷、白桦雪葬地、霜殛寒峰 / 永凝冻土 / 巨大炬火的炉心","","","","-8367.724698354337","-13584.896849242985","是","【至冬 至冬堡】（地下「巨大炬火的炉心」）","2","https://v3.yuanshen.site/"
"kongying:121769","121769","传送锚点","至冬","永凝冻土、古兽冰原、焰羽谷、白桦雪葬地、霜殛寒峰","58","A:ZD:ZHIDONG1","PALE_CROWN_PALACE_SPIRAL_TOWER","至冬 / 永凝冻土、古兽冰原、焰羽谷、白桦雪葬地、霜殛寒峰 / 白冕宫 / 回旋的高塔","","","","-6838.734123408095","-14664.322715539154","是","【至冬 白桦雪葬地】（空中「回旋的高塔」）","2","https://v3.yuanshen.site/"
"kongying:121745","121745","传送锚点","至冬","永凝冻土、古兽冰原、焰羽谷、白桦雪葬地、霜殛寒峰","58","A:ZD:ZHIDONG1","MOUNTAIN_HOUSE_F3","至冬 / 永凝冻土、古兽冰原、焰羽谷、白桦雪葬地、霜殛寒峰 / 赫斯珀利德斯之馆 / 山中之馆的三楼","","","","-7760.977909479344","-11814.271318262188","是","【至冬 赫斯珀利德斯之馆】（空中「山中之馆的三楼」）","4","https://v3.yuanshen.site/"
"kongying:121711","121711","传送锚点","至冬","永凝冻土、古兽冰原、焰羽谷、白桦雪葬地、霜殛寒峰","58","A:ZD:ZHIDONG1","WING_SHADOWED_TOWN","至冬 / 永凝冻土、古兽冰原、焰羽谷、白桦雪葬地、霜殛寒峰 / 焰羽谷 / 受翼遮蔽的小镇","","","","-10811.016124939635","-12864.55124580285","是","【至冬 焰羽谷】（地下「受翼遮蔽的小镇」）","4","https://v3.yuanshen.site/"
"kongying:121712","121712","传送锚点","至冬","永凝冻土、古兽冰原、焰羽谷、白桦雪葬地、霜殛寒峰","58","A:ZD:ZHIDONG1","WING_SHADOWED_TOWN","至冬 / 永凝冻土、古兽冰原、焰羽谷、白桦雪葬地、霜殛寒峰 / 焰羽谷 / 受翼遮蔽的小镇","","","","-10686.946123552654","-12692.01554258601","是","【至冬 奥古洛夫镇】（地下「受翼遮蔽的小镇」）","4","https://v3.yuanshen.site/"
"kongying:121771","121771","传送锚点","至冬","永凝冻土、古兽冰原、焰羽谷、白桦雪葬地、霜殛寒峰","58","A:ZD:ZHIDONG1","HIDDEN_DOOR_KNOCKED_PLACE","至冬 / 永凝冻土、古兽冰原、焰羽谷、白桦雪葬地、霜殛寒峰 / 白冕宫 / 叩响隐秘门扉之所","","","","-6671.127795047005","-14729.62125933043","是","【至冬 白桦雪葬地】（空中「叩响隐秘门扉之所」）","3","https://v3.yuanshen.site/"
"kongying:121743","121743","传送锚点","至冬","永凝冻土、古兽冰原、焰羽谷、白桦雪葬地、霜殛寒峰","58","A:ZD:ZHIDONG1","MOUNTAIN_HOUSE_F2","至冬 / 永凝冻土、古兽冰原、焰羽谷、白桦雪葬地、霜殛寒峰 / 赫斯珀利德斯之馆 / 山中之馆的二楼","","","","-7709.917867371276","-11808.172441960136","是","【至冬 赫斯珀利德斯之馆】（空中「山中之馆的二楼」）","4","https://v3.yuanshen.site/"
"kongying:121754","121754","传送锚点","至冬","永凝冻土、古兽冰原、焰羽谷、白桦雪葬地、霜殛寒峰","58","A:ZD:ZHIDONG1","GANG_TAKEN_CAVE","至冬 / 永凝冻土、古兽冰原、焰羽谷、白桦雪葬地、霜殛寒峰 / 至冬堡外围 / 帮派占据的洞窟","","","","-8507.323160545055","-14166.983894640467","是","【至冬 至冬堡】（地下「帮派占据的洞窟」）","3","https://v3.yuanshen.site/"
"kongying:125624","125624","传送锚点","至冬","永凝冻土、古兽冰原、焰羽谷、白桦雪葬地、霜殛寒峰","58","A:ZD:ZHIDONG1","PRIME_ICE_MT_CAVE","至冬 / 永凝冻土、古兽冰原、焰羽谷、白桦雪葬地、霜殛寒峰 / 彩冰镇 / 臻冰之山的洞窟","","","","-8289.906919826059","-12389.670998486627","是","【至冬 彩冰镇】（地下「臻冰之山的洞窟」）","4","https://v3.yuanshen.site/"
"kongying:126219","126219","传送锚点","至冬","永凝冻土、古兽冰原、焰羽谷、白桦雪葬地、霜殛寒峰","58","A:ZD:ZHIDONG1","PALE_CROWN_PALACE_HANG_CORRIDOR","至冬 / 永凝冻土、古兽冰原、焰羽谷、白桦雪葬地、霜殛寒峰 / 白冕宫 / 半空的廊道","","","","-6850.431677833698","-14818.81308221484","是","【至冬 白桦雪葬地】（空中「半空的廊道」）","8","https://v3.yuanshen.site/"
"kongying:28839","28839","传送锚点","须弥","大赤沙海","21","A:XM:DESERT","","","","","","-5835.999804735193","1099.3398061292246","否","【须弥 圣显厅】","2","https://v3.yuanshen.site/"
"kongying:121740","121740","传送锚点","至冬","永凝冻土、古兽冰原、焰羽谷、白桦雪葬地、霜殛寒峰","58","A:ZD:ZHIDONG1","","","","","","-7767.47275915302","-11922.218698584486","否","【至冬 赫斯珀利德斯之馆】","3","https://v3.yuanshen.site/"
"kongying:121746","121746","传送锚点","至冬","永凝冻土、古兽冰原、焰羽谷、白桦雪葬地、霜殛寒峰","58","A:ZD:ZHIDONG1","","","","","","-7626.519085737593","-11834.563980954066","否","【至冬 赫斯珀利德斯之馆】","2","https://v3.yuanshen.site/"
"kongying:121731","121731","传送锚点","至冬","永凝冻土、古兽冰原、焰羽谷、白桦雪葬地、霜殛寒峰","58","A:ZD:ZHIDONG1","","","","","","-8536.070789639743","-12187.492590606125","否","【至冬 霜殛寒峰】","2","https://v3.yuanshen.site/"
"kongying:6611","6611","七天神像","璃月","璃月","2","A:LY:LIYUE","","","","","","190.66657160822","-2528.1666717529","否","【璃月 荻花洲】","2","https://v3.yuanshen.site/"
"kongying:6615","6615","七天神像","璃月","璃月","2","A:LY:LIYUE","","","","","","-1433.5","-1839.1666717529","否","【璃月 庆云顶】","2","https://v3.yuanshen.site/"
"kongying:21171","21171","七天神像","璃月","层岩巨渊","3","A:LY:CENGYAN","","","","","","-2137","85.5","否","【璃月 层岩巨渊】","2","https://v3.yuanshen.site/"
"kongying:28826","28826","七天神像","须弥","大赤沙海","21","A:XM:DESERT","","","","","","-4784","1842","否","【须弥 阿如村】","3","https://v3.yuanshen.site/"
"kongying:10316","10316","传送锚点","稻妻","鸣神岛、神无冢、八酝岛","12","A:DQ:1","","","","","","4915.2353246159","4049.2626051601","否","【稻妻 踏鞴砂】","1","https://v3.yuanshen.site/"
"kongying:33182","33182","传送锚点","稻妻","渊下宫","15","A:DQ:YUANXIAGONG","","","","","","1188.3533494321055","-4131.097001687047","否","【稻妻 八衢彦之地】

注：进行世界任务【厄瑞玻斯的秘密】时，随进度解锁","1","https://v3.yuanshen.site/"
"kongying:67150","67150","传送锚点","璃月","沉玉谷","34","A:LY:CHENYUGU","CHENLONG_POOL_COURTYARD","璃月 / 沉玉谷 / 沉玉谷 · 上谷 / 沉珑渊府","","","","-2543","-3384","是","【璃月 沉珑渊】（水下「沉珑渊府」）

注：随世界任务【沉玉祝珑】「采撷掇拾，沉玉浮琼」进度解锁","4","https://v3.yuanshen.site/"
"kongying:88095","88095","传送锚点","纳塔","镜璧山、翘枝崖、奥奇卡纳塔","46","A:NT:NATA2","","","","","","-12561.337596521105","-305.225694097976","否","【纳塔 流灰之街】

注：完成世界任务【流灰之国的迷旅人 · 第一章】「被灰烬掩埋的城市」「翻越朝霭之墙」后，由【东侧】启动机关进入","6","https://v3.yuanshen.site/"
"kongying:40056","40056","传送锚点","须弥","苍漠囿土","23","A:XM:DESERT3","HANGEH_AFRASIYAB_UG1","须弥 / 苍漠囿土 / 逾渊地墟 / 逾渊地墟 · 上层","","","","-7956.0729542669005","-1464.6997589032771","是","【须弥 荒石苍漠】（地下「逾渊地墟 · 上层」）

注：进行世界任务【善恶的赫瓦雷纳】「如是灵光悉示现」时，随进度进入","3","https://v3.yuanshen.site/"
"kongying:19604","19604","传送锚点","稻妻","渊下宫","15","A:DQ:YUANXIAGONG","","","","","","1202.66648770969","-346.0014632363218","否","【稻妻 狭间之街】","1","https://v3.yuanshen.site/"
"kongying:19605","19605","传送锚点","稻妻","渊下宫","15","A:DQ:YUANXIAGONG","","","","","","1737.3336343844585","14.665650500566699","否","【稻妻 狭间之街】","1","https://v3.yuanshen.site/"
"kongying:19612","19612","传送锚点","稻妻","渊下宫","15","A:DQ:YUANXIAGONG","","","","","","3073.9984378815443","3269.3314230267915","否","【稻妻 蛇心之地】","1","https://v3.yuanshen.site/"
"kongying:19613","19613","传送锚点","稻妻","渊下宫","15","A:DQ:YUANXIAGONG","","","","","","2716.6668171922292","4054.99926838184","否","【稻妻 蛇心之地】","1","https://v3.yuanshen.site/"
"kongying:19614","19614","传送锚点","稻妻","渊下宫","15","A:DQ:YUANXIAGONG","","","","","","3845.3336343844585","2665.9941470547146","否","【稻妻 蛇心之地】","1","https://v3.yuanshen.site/"
"kongying:19615","19615","传送锚点","稻妻","渊下宫","15","A:DQ:YUANXIAGONG","","","","","","4508.06596803423","2284.9109293568035","否","【稻妻 渊下宫】","2","https://v3.yuanshen.site/"
"kongying:19611","19611","传送锚点","稻妻","渊下宫","15","A:DQ:YUANXIAGONG","","","","","","2809.4088133175355","2371.83173113446","否","【稻妻 蛇心之地】","2","https://v3.yuanshen.site/"
"kongying:19622","19622","传送锚点","稻妻","渊下宫","15","A:DQ:YUANXIAGONG","","","","","","6108.117939943411","974.7783196973123","否","【稻妻 常夜灵庙】","1","https://v3.yuanshen.site/"
"kongying:19623","19623","传送锚点","稻妻","渊下宫","15","A:DQ:YUANXIAGONG","","","","","","5866","205.9985367636782","否","【稻妻 常夜灵庙】","1","https://v3.yuanshen.site/"
"kongying:19624","19624","传送锚点","稻妻","渊下宫","15","A:DQ:YUANXIAGONG","","","","","","5178.666426662616","29.998536763678203","否","【稻妻 常夜灵庙】","1","https://v3.yuanshen.site/"
"kongying:19625","19625","传送锚点","稻妻","渊下宫","15","A:DQ:YUANXIAGONG","","","","","","6231.333963866999","-411.3343189930192","否","【稻妻 常夜灵庙】","1","https://v3.yuanshen.site/"
"kongying:77217","77217","传送锚点","希穆兰卡","希穆兰卡(4.8)","43","A:SIMULANKA:4_8","","","","","","-671.75","-4074.749984741211","否","【希穆兰卡 叠架村】

注：进行活动剧情任务【欢夏！邪龙？童话国！第三页】「直至世界尽头」时，解锁【破碎之海】区域","11","https://v3.yuanshen.site/"
"kongying:20673","20673","传送锚点","稻妻","三界路飨祭(2.5)","16","A:DQ:SANJIE","","","","","","1028.9999389648438","-5","否","【三界路飨祭 渊下宫】
消耗【渊海髓矿×5】、【常世之荚×5】驱散黑雾解封","5","https://v3.yuanshen.site/"
"kongying:20699","20699","传送锚点","稻妻","三界路飨祭(2.5)","16","A:DQ:SANJIE","","","","","","7400.5","-2385.5","否","【三界路飨祭 渊下宫】
消耗【渊海髓矿×5】、【常世之荚×5】驱散黑雾解封","5","https://v3.yuanshen.site/"
"kongying:20697","20697","传送锚点","稻妻","三界路飨祭(2.5)","16","A:DQ:SANJIE","","","","","","6086","971.999755859375","否","【三界路飨祭 渊下宫】
消耗【渊海髓矿×5】、【常世之荚×5】驱散黑雾解封","5","https://v3.yuanshen.site/"
"kongying:20702","20702","传送锚点","稻妻","三界路飨祭(2.5)","16","A:DQ:SANJIE","","","","","","3838","2658","否","【三界路飨祭 渊下宫】
消耗【渊海髓矿×5】、【常世之荚×5】驱散黑雾解封","5","https://v3.yuanshen.site/"
"kongying:20821","20821","传送锚点","稻妻","三界路飨祭(2.5)","16","A:DQ:SANJIE","","","","","","3074","3172.0000610351562","否","【三界路飨祭 渊下宫】【5】渊海髓矿、【5】常世之荚解锁","5","https://v3.yuanshen.site/"
"kongying:20822","20822","传送锚点","稻妻","三界路飨祭(2.5)","16","A:DQ:SANJIE","","","","","","4790","5056","否","【三界路飨祭 渊下宫】
消耗【渊海髓矿×5】、【常世之荚×5】驱散黑雾解封","5","https://v3.yuanshen.site/"
"kongying:84676","84676","传送锚点","纳塔","镜璧山、翘枝崖、奥奇卡纳塔","46","A:NT:NATA2","","","","","","-13778.876754329685","1025.014370278319","否","【纳塔 浮羽之湾】

注：进行世界任务【浮羽之滨的迷局】时，随进度出现","6","https://v3.yuanshen.site/"
"kongying:76437","76437","传送锚点","希穆兰卡","希穆兰卡(4.8)","43","A:SIMULANKA:4_8","","","","","","400","-2165","否","【希穆兰卡 星轨王城】

注：进行活动剧情任务【欢夏！邪龙？童话国！第二页】「他们行过星空」时，解锁【星轨王城】区域","9","https://v3.yuanshen.site/"
"kongying:117277","117277","传送锚点","蒙德","空之神殿","55","A:MD:SHENDIAN","MAHAVAIPULYA_CHAMBER_LIB_FL4","蒙德 / 空之神殿 / 大方广之间 / 大方广之间 · 图书馆四层","","","","-2448.681587980449","-2607.6449418859124","是","【空之神殿 大方广】（空中「大方广之间 · 图书馆四层」）

注：进行世界任务【山中好长日 · 第一章】【天堂】「赝作古典」时，随进度解锁","7","https://v3.yuanshen.site/"
"kongying:16757","16757","传送锚点","稻妻","鹤观","14","A:DQ:HEGUAN","","","","","","4666.999609470386","7543.16693102574","否","【稻妻 鹤观】","1","https://v3.yuanshen.site/"
"kongying:16758","16758","传送锚点","稻妻","鹤观","14","A:DQ:HEGUAN","","","","","","4316.62612277264","7561.584647412734","否","【稻妻 鹤观】","1","https://v3.yuanshen.site/"
"kongying:72592","72592","传送锚点","枫丹","诺思托伊区","31","A:FD:FENGDAN4","","","","","","-5237.999969482422","-2385.25","否","【枫丹 佩特莉可镇】","4","https://v3.yuanshen.site/"
"kongying:72591","72591","传送锚点","枫丹","诺思托伊区","31","A:FD:FENGDAN4","","","","","","-5475.25","-2547.5","否","【枫丹 佩特莉可镇】

注：4.6版本更新后，完成魔神任务【序章 · 第三幕】「巨龙与自由之歌」后，该传送锚点自动解锁。","6","https://v3.yuanshen.site/"
"kongying:72590","72590","七天神像","枫丹","诺思托伊区","31","A:FD:FENGDAN4","","","","","","-5406","-2501.75","否","【枫丹 佩特莉可镇】","2","https://v3.yuanshen.site/"
"kongying:72638","72638","传送锚点","须弥","诸法丛林","19","A:XM:FOREST","","","","","","-3851.5498192558057","-1363.4109921436439","否","（4.6版本新增）
【须弥 护世森】","8","https://v3.yuanshen.site/"
"kongying:72695","72695","传送锚点","枫丹","诺思托伊区","31","A:FD:FENGDAN4","FADED_CASTLE_UG2","枫丹 / 诺思托伊区 / 褪色古堡 / 褪色古堡 · 中层","","","","-4641.741647231773","-2543.5722099439918","是","【枫丹 褪色古堡】（水下「褪色古堡 · 中层」）

注：进行世界任务【谐律上的咏叙诗 · 第一章】「海魔王的宫殿」「水下夜想曲」时，随进度进入","9","https://v3.yuanshen.site/"
"kongying:72696","72696","传送锚点","枫丹","诺思托伊区","31","A:FD:FENGDAN4","FADED_CASTLE_UG2","枫丹 / 诺思托伊区 / 褪色古堡 / 褪色古堡 · 中层","","","","-4587.647978471002","-2466.497570794658","是","【枫丹 褪色古堡】（水下「褪色古堡 · 中层」）

注：进行世界任务【谐律上的咏叙诗 · 第一章】「海魔王的宫殿」「水下夜想曲」时，随进度进入","5","https://v3.yuanshen.site/"
"kongying:72697","72697","传送锚点","枫丹","诺思托伊区","31","A:FD:FENGDAN4","FADED_CASTLE_EXHIBIT_HALL","枫丹 / 诺思托伊区 / 褪色古堡 / 褪色古堡 · 陈列馆","","","","-4611","-2331.5","是","【枫丹 褪色古堡】（水下「褪色古堡 · 陈列馆」）

注：进行世界任务【谐律上的咏叙诗 · 第一章】「海魔王的宫殿」「水下夜想曲」时，随进度进入","4","https://v3.yuanshen.site/"
"kongying:72694","72694","传送锚点","枫丹","诺思托伊区","31","A:FD:FENGDAN4","FADED_CASTLE_UG3","枫丹 / 诺思托伊区 / 褪色古堡 / 褪色古堡 · 底层","","","","-4845.388378634312","-2462.2549193179457","是","【枫丹 褪色古堡】（水下「褪色古堡 · 底层」）

注：进行世界任务【谐律上的咏叙诗 · 序曲】「诡镇之梦」「佩特莉可的阴霾」时，随进度进入","6","https://v3.yuanshen.site/"
"kongying:72802","72802","传送锚点","枫丹","旧日之海","32","A:FD:ANCIENT_SEA","CAPITOLIUM_OLD_PALACE","枫丹 / 旧日之海 / 卡皮托利姆 / 卡皮托利姆 · 旧宫","","","","-397.66756772791996","-4065.8333282470703","是","【枫丹 卡皮托林山】（水下「卡皮托利姆 · 旧宫」）","4","https://v3.yuanshen.site/"
"kongying:72800","72800","传送锚点","枫丹","旧日之海","32","A:FD:ANCIENT_SEA","CAPITOLIUM","枫丹 / 旧日之海 / 卡皮托利姆","","","","-993.1670124570364","-4022","是","【枫丹 谐律院】（水下「卡皮托利姆」）","5","https://v3.yuanshen.site/"
"kongying:72795","72795","传送锚点","枫丹","旧日之海","32","A:FD:ANCIENT_SEA","OLD_ANTICON_HARBOR_UG1","枫丹 / 旧日之海 / 安提库旧港 / 安提库旧港 · 上层","","","","-2624","-4836","是","【枫丹 安提库旧港】","1","https://v3.yuanshen.site/"
"kongying:72793","72793","传送锚点","枫丹","旧日之海","32","A:FD:ANCIENT_SEA","ANCIENT_SEA","枫丹 / 旧日之海 / 旧日之海","","","","-2309.668184045878","-4642","是","【枫丹 旧日之海】（水下「旧日之海」）","5","https://v3.yuanshen.site/"
"kongying:72801","72801","传送锚点","枫丹","旧日之海","32","A:FD:ANCIENT_SEA","CAPITOLIUM","枫丹 / 旧日之海 / 卡皮托利姆","","","","-594.8345801849564","-4389.666687011719","是","【枫丹 卡皮托林山】（水下「卡皮托利姆」）","3","https://v3.yuanshen.site/"
"kongying:72803","72803","传送锚点","枫丹","旧日之海","32","A:FD:ANCIENT_SEA","GOLDEN_PALACE_UG2","枫丹 / 旧日之海 / 黄金宫殿 / 黄金宫殿 · 下层","","","","-537.8333780725775","-4539","是","【枫丹 黄金的大宫】（水下「黄金宫殿 · 下层」）

注：进行世界任务【谐律上的咏叙诗 · 终章】「安魂曲」「哀悼命运之疮」时，随进度解锁","8","https://v3.yuanshen.site/"
"kongying:72791","72791","传送锚点","枫丹","旧日之海","32","A:FD:ANCIENT_SEA","ANCIENT_SEA","枫丹 / 旧日之海 / 旧日之海","","","","-2416.6668171922292","-4261.666656494141","是","【枫丹 雅努斯之门】（水下「旧日之海」）","6","https://v3.yuanshen.site/"
"kongying:72798","72798","传送锚点","枫丹","旧日之海","32","A:FD:ANCIENT_SEA","CAPITOLIUM","枫丹 / 旧日之海 / 卡皮托利姆","","","","-1258.5892526447356","-4519.647260596004","是","【枫丹 崇高大道】（水下「卡皮托利姆」）","2","https://v3.yuanshen.site/"
"kongying:72796","72796","传送锚点","枫丹","旧日之海","32","A:FD:ANCIENT_SEA","CHESALEUM_PALACE","枫丹 / 旧日之海 / 旧日之海 / 切萨勒姆宫","","","","-2800.3341591318053","-3994.3333129882812","是","【枫丹 切萨勒姆宫】（水下「切萨勒姆宫」）","3","https://v3.yuanshen.site/"
"kongying:72792","72792","传送锚点","枫丹","旧日之海","32","A:FD:ANCIENT_SEA","ANCIENT_SEA","枫丹 / 旧日之海 / 旧日之海","","","","-2368","-4404","是","【枫丹 雅努斯之门】（水下「旧日之海」）","3","https://v3.yuanshen.site/"
"kongying:72799","72799","传送锚点","枫丹","旧日之海","32","A:FD:ANCIENT_SEA","CAPITOLIUM_HARMONY_COURT","枫丹 / 旧日之海 / 卡皮托利姆 / 卡皮托利姆 · 谐律院","","","","-1330.2423572211878","-3975.1750390823627","是","【枫丹 旧日之海】（水下「卡皮托利姆 · 谐律院」）","3","https://v3.yuanshen.site/"
"kongying:72794","72794","传送锚点","枫丹","旧日之海","32","A:FD:ANCIENT_SEA","ANCIENT_SEA","枫丹 / 旧日之海 / 旧日之海","","","","-2070.999023675965","-4453.83332824707","是","【枫丹 优恩花园】（水下「旧日之海」）","4","https://v3.yuanshen.site/"
"kongying:72790","72790","传送锚点","枫丹","旧日之海","32","A:FD:ANCIENT_SEA","PATH_OCEAN_PILLAR","枫丹 / 旧日之海 / 旧日之海 / 海柱之路","","","","-3015.512903486004","-4141.109444786931","是","【枫丹 旧日之海】（水下「海柱之路」）","4","https://v3.yuanshen.site/"
"kongying:72804","72804","传送锚点","枫丹","旧日之海","32","A:FD:ANCIENT_SEA","GOLDEN_PALACE_UG1","枫丹 / 旧日之海 / 黄金宫殿 / 黄金宫殿 · 上层","","","","-468","-4355","是","【枫丹 安息之殿】（水下「黄金宫殿 · 上层」）","2","https://v3.yuanshen.site/"
"kongying:72797","72797","传送锚点","枫丹","旧日之海","32","A:FD:ANCIENT_SEA","CAPITOLIUM","枫丹 / 旧日之海 / 卡皮托利姆","","","","-1433.3624039257875","-4158.787114316594","是","【枫丹 崇高大道】（水下「卡皮托利姆」）

注：进行世界任务【谐律上的咏叙诗 · 第二章】「被缚的囚徒」「雷穆利亚的最后一日」时，随进度解锁","7","https://v3.yuanshen.site/"
"kongying:125532","125532","传送锚点","至冬","永凝冻土、古兽冰原、焰羽谷、白桦雪葬地、霜殛寒峰","58","A:ZD:ZHIDONG1","","","","","","-7583.732643475082","-12384.024608265598","否","【至冬 霜殛寒峰】","2","https://v3.yuanshen.site/"
"kongying:24598","24598","传送锚点","须弥","诸法丛林","19","A:XM:FOREST","","","","","","-4619.916020871233","1388.165634726849","否","【须弥 喀万驿】","1","https://v3.yuanshen.site/"
"kongying:6579","6579","传送锚点","璃月","璃月","2","A:LY:LIYUE","","","","","","-114.5","-2752.3333435059","否","【璃月 碧水原】","1","https://v3.yuanshen.site/"
"kongying:77656","77656","传送锚点","纳塔","万火之瓯、坚岩隘谷、踞石山、涌流地","45","A:NT:NATA","","","","","","-9110.06749319048","1096.0199626253043","否","【纳塔 坚岩隘谷】

注：5.0版本更新后，完成魔神任务【序章 第三幕】「巨龙与自由之歌」后，自动解锁","38","https://v3.yuanshen.site/"
"kongying:77664","77664","传送锚点","纳塔","万火之瓯、坚岩隘谷、踞石山、涌流地","45","A:NT:NATA","MT_RANGE_RIFT","纳塔 / 万火之瓯、坚岩隘谷、踞石山、涌流地 / 硫晶支脉 / 山脉的横裂","","","","-10504.246150554663","1077.1691098480123","是","【纳塔 硫晶支脉】（地下「山脉的横裂」）","40","https://v3.yuanshen.site/"
"kongying:77667","77667","传送锚点","纳塔","万火之瓯、坚岩隘谷、踞石山、涌流地","45","A:NT:NATA","","","","","","-10668.999609470386","797.6639426171059","否","【纳塔 坚岩隘谷】","37","https://v3.yuanshen.site/"
"kongying:77669","77669","传送锚点","纳塔","万火之瓯、坚岩隘谷、踞石山、涌流地","45","A:NT:NATA","","","","","","-11036.666997195269","865.8317862717386","否","【纳塔 坚岩隘谷】","37","https://v3.yuanshen.site/"
"kongying:77747","77747","传送锚点","纳塔","万火之瓯、坚岩隘谷、踞石山、涌流地","45","A:NT:NATA","FIRE_POMEGRANATE_TREE_ROOT_WARM_CAVE","纳塔 / 万火之瓯、坚岩隘谷、踞石山、涌流地 / 踞石山 / 火榴树根系 · 温热洞窟","","","","-10290.500781059229","1579.500370073627","是","【纳塔 坚岩隘谷】（地下「火榴树根系 · 温热洞窟」）

注：进行世界任务【熟是生非】时，随进度进入","40","https://v3.yuanshen.site/"
"kongying:77743","77743","传送锚点","纳塔","万火之瓯、坚岩隘谷、踞石山、涌流地","45","A:NT:NATA","CONGEO_INNER","纳塔 / 万火之瓯、坚岩隘谷、踞石山、涌流地 / 硫晶支脉 / 众岩之里","","","","-10794.51378196128","978.644423853485","是","【纳塔 众岩之里】（地下「众岩之里」）

注：进行世界任务【群山的影子】「令眠者得安宁」时，随进度进入","42","https://v3.yuanshen.site/"
"kongying:77750","77750","传送锚点","纳塔","万火之瓯、坚岩隘谷、踞石山、涌流地","45","A:NT:NATA","REGOLITH_REALM","纳塔 / 万火之瓯、坚岩隘谷、踞石山、涌流地 / 涌流地 / 浮土静界","","","","-10867.46330218873","3218.5239566954424","是","【纳塔 浮土静界】（空中「浮土静界」）

注：随世界任务【火中取梦的故事】「溯寻者不可得」进度自动解锁","41","https://v3.yuanshen.site/"
"kongying:6563","6563","传送锚点","蒙德","龙脊雪山","17","A:MD:XUESHAN","","","","","","1468.5","-2055.5","否","【蒙德 龙脊雪山】","1","https://v3.yuanshen.site/"
"kongying:6564","6564","传送锚点","蒙德","龙脊雪山","17","A:MD:XUESHAN","","","","","","1175.5","-1968.5","否","【蒙德 龙脊雪山】","1","https://v3.yuanshen.site/"
"kongying:6565","6565","传送锚点","蒙德","龙脊雪山","17","A:MD:XUESHAN","","","","","","1073","-2371.5","否","【蒙德 龙脊雪山】","1","https://v3.yuanshen.site/"
"kongying:6568","6568","传送锚点","蒙德","龙脊雪山","17","A:MD:XUESHAN","","","","","","1656","-2519","否","【蒙德 龙脊雪山】","1","https://v3.yuanshen.site/"
"kongying:6569","6569","传送锚点","蒙德","龙脊雪山","17","A:MD:XUESHAN","","","","","","1876.5","-2602.5","否","【蒙德 覆雪之路】","1","https://v3.yuanshen.site/"
"kongying:6571","6571","传送锚点","蒙德","龙脊雪山","17","A:MD:XUESHAN","","","","","","1871.8334131291","-1966.6666870117","否","【蒙德 龙脊雪山】","1","https://v3.yuanshen.site/"
"kongying:6572","6572","传送锚点","蒙德","龙脊雪山","17","A:MD:XUESHAN","","","","","","2308","-1931.5","否","【蒙德 龙脊雪山】","1","https://v3.yuanshen.site/"
"kongying:6558","6558","七天神像","蒙德","龙脊雪山","17","A:MD:XUESHAN","","","","","","1895.1668262582","-2392.5","否","【蒙德 覆雪之路】","2","https://v3.yuanshen.site/"
"kongying:24626","24626","传送锚点","须弥","诸法丛林","19","A:XM:FOREST","","","","","","-3302.0821241131007","-320.0850972928738","否","【须弥 须弥城】","1","https://v3.yuanshen.site/"
"kongying:74074","74074","传送锚点","枫丹","旧日之海","32","A:FD:ANCIENT_SEA","CAPITOLIUM","枫丹 / 旧日之海 / 卡皮托利姆","","","","-869.6805229921347","-4228.319223588775","是","【枫丹 旧日之海】（水下「卡皮托利姆」）","4","https://v3.yuanshen.site/"
"kongying:74075","74075","传送锚点","枫丹","旧日之海","32","A:FD:ANCIENT_SEA","CAPITOLIUM","枫丹 / 旧日之海 / 卡皮托利姆","","","","-335.50006103515625","-4018","是","【枫丹 卡皮托林山】（水下「卡皮托利姆」）","2","https://v3.yuanshen.site/"
"kongying:10295","10295","传送锚点","稻妻","鸣神岛、神无冢、八酝岛","12","A:DQ:1","","","","","","5373.8343849202","2551.3354164203","否","【稻妻 离岛】","1","https://v3.yuanshen.site/"
"kongying:10298","10298","传送锚点","稻妻","鸣神岛、神无冢、八酝岛","12","A:DQ:1","","","","","","6024.5","2849","否","【稻妻 绀田村】","1","https://v3.yuanshen.site/"
"kongying:10307","10307","传送锚点","稻妻","鸣神岛、神无冢、八酝岛","12","A:DQ:1","","","","","","6367.165419815","2511.4996341909","否","【稻妻 影向山】","1","https://v3.yuanshen.site/"
"kongying:10315","10315","传送锚点","稻妻","鸣神岛、神无冢、八酝岛","12","A:DQ:1","","","","","","5055.3333780726","3910.8328557567","否","【稻妻 神无冢】","1","https://v3.yuanshen.site/"
"kongying:10897","10897","传送锚点","稻妻","鸣神岛、神无冢、八酝岛","12","A:DQ:1","","","","","","5164.5","4179","否","【稻妻 神无冢】","1","https://v3.yuanshen.site/"
"kongying:121748","121748","传送锚点","至冬","永凝冻土、古兽冰原、焰羽谷、白桦雪葬地、霜殛寒峰","58","A:ZD:ZHIDONG1","SUB_CLOUD_PALACE","至冬 / 永凝冻土、古兽冰原、焰羽谷、白桦雪葬地、霜殛寒峰 / 赫斯珀利德斯之馆 / 云上的宫殿","","","","-7785.502762964816","-11445.522333395242","是","【至冬 云上的祭台】（空中「云上的宫殿」）

注：进行世界任务【爱憎的赫斯珀利德斯】「暮色苍茫，晚钟敲响」时，随进度自动解锁","3","https://v3.yuanshen.site/"
"kongying:121600","121600","传送锚点","挪德卡莱","杜南纳深坑","53","A:NDKL:NDKL3","DUNANNA_FORWARD_POST_UG2","挪德卡莱 / 杜南纳深坑 / 杜南纳前进站 / 杜南纳前进站 · 下层","","","","-10649.371199776933","-8466.83184308728","是","【挪德卡莱 杜南纳前进站】（地下「杜南纳前进站 · 下层」）","5","https://v3.yuanshen.site/"
"kongying:40051","40051","传送锚点","须弥","苍漠囿土","23","A:XM:DESERT3","","","","","","-7458.030870735162","-1813.7751226754217","否","【须弥 锋刃林泽】","1","https://v3.yuanshen.site/"
"kongying:6576","6576","传送锚点","璃月","璃月","2","A:LY:LIYUE","","","","","","-199.83368304175","-3179","否","【璃月 轻策庄】","1","https://v3.yuanshen.site/"
"kongying:6591","6591","传送锚点","璃月","璃月","2","A:LY:LIYUE","","","","","","-424","207.5","否","【璃月 璃沙郊】","1","https://v3.yuanshen.site/"
"kongying:79393","79393","传送锚点","纳塔","万火之瓯、坚岩隘谷、踞石山、涌流地","45","A:NT:NATA","","","","","","-9646.25","1371.25","否","【纳塔 坚岩隘谷】","36","https://v3.yuanshen.site/"
"kongying:79395","79395","传送锚点","纳塔","万火之瓯、坚岩隘谷、踞石山、涌流地","45","A:NT:NATA","","","","","","-10521.451523854275","3088.2977887922934","否","【纳塔 溶水域】","19","https://v3.yuanshen.site/"
"kongying:34858","34858","传送锚点","须弥","千壑沙地","22","A:XM:DESERT2","DAMAVAND_MT_UG2","须弥 / 千壑沙地 / 达马山 / 达马山遗迹 · 下层","","","","-6047.116374840036","250.4950852884449","是","【须弥 君王之殿】（地下「达马山遗迹 · 下层」）

注：进行世界任务【比勒琪丝的哀歌】「埋葬丰饶的沙丘 · 上」时，随进度进入","3","https://v3.yuanshen.site/"
"kongying:19602","19602","传送锚点","稻妻","渊下宫","15","A:DQ:YUANXIAGONG","","","","","","112.66648770969005","1365.344470128025","否","【稻妻 渊下宫】","1","https://v3.yuanshen.site/"
"kongying:77659","77659","传送锚点","纳塔","万火之瓯、坚岩隘谷、踞石山、涌流地","45","A:NT:NATA","ECHO_CHILD_SETTLEMENT","纳塔 / 万火之瓯、坚岩隘谷、踞石山、涌流地 / 坚岩隘谷 / 「回声之子」聚居处","","","","-9515.475964998466","985.9528584380896","是","【纳塔 「回声之子」】（地下『「回声之子」聚居处』）","42","https://v3.yuanshen.site/"
"kongying:77671","77671","传送锚点","纳塔","万火之瓯、坚岩隘谷、踞石山、涌流地","45","A:NT:NATA","MIST_MT_HEART","纳塔 / 万火之瓯、坚岩隘谷、踞石山、涌流地 / 万火之瓯 / 烟山的山心","","","","-11534.147039279802","1123.1300038988502","是","【纳塔 万火之瓯】（地下「烟山的山心」）","41","https://v3.yuanshen.site/"
"kongying:48774","48774","传送锚点","枫丹","枫丹廷区、白露区、苍晶区","28","A:FD:FENGDAN","","","","","","-5001.776542204361","-4298.676391475208","否","【枫丹 秋分山西侧】","1","https://v3.yuanshen.site/"
"kongying:48764","48764","传送锚点","枫丹","枫丹廷区、白露区、苍晶区","28","A:FD:FENGDAN","","","","","","-5491.892213826551","-5663.891295071038","否","【枫丹 枫丹廷区 · 利奥奈区】","1","https://v3.yuanshen.site/"
"kongying:48777","48777","传送锚点","枫丹","枫丹廷区、白露区、苍晶区","28","A:FD:FENGDAN","","","","","","-5649.611331463511","-3731.008631760501","否","【枫丹 苍晶区】","1","https://v3.yuanshen.site/"
"kongying:48795","48795","七天神像","枫丹","枫丹廷区、白露区、苍晶区","28","A:FD:FENGDAN","","","","","","-5803.5","-4333.834197532594","否","【枫丹 苍晶区】","1","https://v3.yuanshen.site/"
"kongying:48796","48796","七天神像","枫丹","枫丹廷区、白露区、苍晶区","28","A:FD:FENGDAN","","","","","","-6140.296195388618","-3042.1033215478737","否","【枫丹 海露港】","1","https://v3.yuanshen.site/"
"kongying:77678","77678","传送锚点","纳塔","万火之瓯、坚岩隘谷、踞石山、涌流地","45","A:NT:NATA","CONGEO_MT_BASE","纳塔 / 万火之瓯、坚岩隘谷、踞石山、涌流地 / 坚岩隘谷 / 踞石山之底","","","","-10708.500097632405","1596.3333435058594","是","【纳塔 坚岩隘谷】（地下「踞石山之底」）","38","https://v3.yuanshen.site/"
"kongying:39413","39413","七天神像","须弥","苍漠囿土","23","A:XM:DESERT3","","","","","","-7399.67064490095","-1641.8937015960346","否","【须弥 甘露花海】","2","https://v3.yuanshen.site/"
"kongying:21502","21502","传送锚点","璃月","地下矿区","4","A:LY:CENGYAN_UG","","","","","","3423.1273126541464","-98.17412512224291","否","【璃月 层岩巨渊 · 地下矿区】","2","https://v3.yuanshen.site/"
"kongying:10318","10318","传送锚点","稻妻","鸣神岛、神无冢、八酝岛","12","A:DQ:1","","","","","","4555.5","4005","否","【稻妻 踏鞴砂】","1","https://v3.yuanshen.site/"
"kongying:16756","16756","七天神像","稻妻","鹤观","14","A:DQ:HEGUAN","","","","","","4890.050003051758","7354.331034373368","否","【稻妻 鹤观】","2","https://v3.yuanshen.site/"
"kongying:77676","77676","传送锚点","纳塔","万火之瓯、坚岩隘谷、踞石山、涌流地","45","A:NT:NATA","","","","","","-11031.040012173295","1924.9901404906814","否","【纳塔 万火之瓯】","38","https://v3.yuanshen.site/"
"kongying:77650","77650","七天神像","纳塔","万火之瓯、坚岩隘谷、踞石山、涌流地","45","A:NT:NATA","","","","","","-11033.25","2142.4999923706055","否","【纳塔 踞石山】","39","https://v3.yuanshen.site/"
"kongying:21165","21165","传送锚点","璃月","层岩巨渊","3","A:LY:CENGYAN","","","","","","-2026.883394792584","191.6916973962925","否","【璃月 层岩巨渊】","2","https://v3.yuanshen.site/"
"kongying:77738","77738","传送锚点","纳塔","万火之瓯、坚岩隘谷、踞石山、涌流地","45","A:NT:NATA","SACRED_PATH_TRIAL_RUIN_ENTRANCE","纳塔 / 万火之瓯、坚岩隘谷、踞石山、涌流地 / 坚岩隘谷 / 圣途试炼遗迹 · 入口长廊","","","","-10131.483493177186","952.1279411461619","是","【纳塔 坚岩隘谷】（地下「圣途试炼遗迹 · 入口长廊」）

注：进行世界任务【在应许与遗忘之间】「自过往的启示」时，随进度可解锁","41","https://v3.yuanshen.site/"
"kongying:77670","77670","传送锚点","纳塔","万火之瓯、坚岩隘谷、踞石山、涌流地","45","A:NT:NATA","","","","","","-11544.666884301096","1016.6630326974719","否","【纳塔 柴薪之丘】","37","https://v3.yuanshen.site/"
"kongying:77739","77739","传送锚点","纳塔","万火之瓯、坚岩隘谷、踞石山、涌流地","45","A:NT:NATA","SACRED_PATH_TRIAL_RUIN_SEPARATE_PATH","纳塔 / 万火之瓯、坚岩隘谷、踞石山、涌流地 / 坚岩隘谷 / 圣途试炼遗迹 · 分道誓约之地","","","","-10170.96312271998","1193.1335752363175","是","【纳塔 坚岩隘谷】（地下「圣途试炼遗迹 · 分道誓约之地」）

注：进行世界任务【在应许与遗忘之间】「自过往的启示」时，随进度进入","38","https://v3.yuanshen.site/"
"kongying:77673","77673","传送锚点","纳塔","万火之瓯、坚岩隘谷、踞石山、涌流地","45","A:NT:NATA","","","","","","-11085.48695817852","1284.5838131457185","否","【纳塔 万火之瓯】","37","https://v3.yuanshen.site/"
"kongying:6612","6612","七天神像","璃月","璃月","2","A:LY:LIYUE","","","","","","872","-1656.1666870117","否","【璃月 琼玑野】","2","https://v3.yuanshen.site/"
"kongying:77675","77675","传送锚点","纳塔","万火之瓯、坚岩隘谷、踞石山、涌流地","45","A:NT:NATA","","","","","","-11118.132794192432","1650.8661293522946","否","【纳塔 万火之瓯】","37","https://v3.yuanshen.site/"
"kongying:77680","77680","传送锚点","纳塔","万火之瓯、坚岩隘谷、踞石山、涌流地","45","A:NT:NATA","","","","","","-11439.512826241717","1682.4480659569763","否","【纳塔 圣火竞技场】","37","https://v3.yuanshen.site/"
"kongying:77653","77653","七天神像","纳塔","万火之瓯、坚岩隘谷、踞石山、涌流地","45","A:NT:NATA","","","","","","-10937.5","1760.5","否","【纳塔 万火之瓯】","36","https://v3.yuanshen.site/"
"kongying:77899","77899","传送锚点","纳塔","万火之瓯、坚岩隘谷、踞石山、涌流地","45","A:NT:NATA","MINE_RESEARCH_INSTITUTE_RESEARCH_AREA","纳塔 / 万火之瓯、坚岩隘谷、踞石山、涌流地 / 祖遗庙宇 / 开采研究所 · 实验区","","","","-9682.919032213973","1989.1626549916273","是","【纳塔 燃素开采研究所】（地下「开采研究所 · 实验区」）

注：由【西北侧】洞口进入","41","https://v3.yuanshen.site/"
"kongying:77697","77697","传送锚点","纳塔","万火之瓯、坚岩隘谷、踞石山、涌流地","45","A:NT:NATA","","","","","","-10217.00029289721","2003.581793903957","否","【纳塔 祖遗庙宇】","38","https://v3.yuanshen.site/"
"kongying:6574","6574","传送锚点","璃月","璃月","2","A:LY:LIYUE","","","","","","253.25","-2913","否","【璃月 石门】","2","https://v3.yuanshen.site/"
"kongying:6581","6581","传送锚点","璃月","璃月","2","A:LY:LIYUE","","","","","","742.33342839178","-2400.3333129883","否","【璃月 地中之盐】","1","https://v3.yuanshen.site/"
"kongying:6582","6582","传送锚点","璃月","璃月","2","A:LY:LIYUE","","","","","","779.33339786642","-2107.5","否","【璃月 琼玑野】","1","https://v3.yuanshen.site/"
"kongying:6583","6583","传送锚点","璃月","璃月","2","A:LY:LIYUE","","","","","","606.6665868709","-1695.5","否","【璃月 琼玑野】","1","https://v3.yuanshen.site/"
"kongying:6584","6584","传送锚点","璃月","璃月","2","A:LY:LIYUE","","","","","","1164","-1410","否","【璃月 瑶光滩】","1","https://v3.yuanshen.site/"
"kongying:6587","6587","传送锚点","璃月","璃月","2","A:LY:LIYUE","","","","","","136.49974535003","-493.16667175293","否","【璃月 璃月港】","1","https://v3.yuanshen.site/"
"kongying:6588","6588","传送锚点","璃月","璃月","2","A:LY:LIYUE","","","","","","-283.83342839178","-448","否","【璃月 天衡山】","1","https://v3.yuanshen.site/"
"kongying:6589","6589","传送锚点","璃月","璃月","2","A:LY:LIYUE","","","","","","-852.16660213358","-78.000000000002","否","【璃月 灵矩关】","1","https://v3.yuanshen.site/"
"kongying:6592","6592","传送锚点","璃月","璃月","2","A:LY:LIYUE","","","","","","-970.33315847913","496.5","否","【璃月 璃沙郊】","1","https://v3.yuanshen.site/"
"kongying:6608","6608","传送锚点","璃月","璃月","2","A:LY:LIYUE","","","","","","-958.3334131291","-2406.3333435059","否","【璃月 珉林】","1","https://v3.yuanshen.site/"
"kongying:6609","6609","传送锚点","璃月","璃月","2","A:LY:LIYUE","","","","","","-438.49974535003","-2237.1666564941","否","【璃月 珉林】","1","https://v3.yuanshen.site/"
"kongying:6610","6610","传送锚点","璃月","璃月","2","A:LY:LIYUE","","","","","","-664.83342839178","-1597.8333435059","否","【璃月 翠块坡】","1","https://v3.yuanshen.site/"
"kongying:6575","6575","传送锚点","璃月","璃月","2","A:LY:LIYUE","","","","","","138.8334131291","-3044.3333282471","是","【璃月 无妄坡】（地下「洞中」）","4","https://v3.yuanshen.site/"
"kongying:77688","77688","传送锚点","纳塔","万火之瓯、坚岩隘谷、踞石山、涌流地","45","A:NT:NATA","","","","","","-10817.14078474004","2139.006390099037","否","【纳塔 「悬木人」】","37","https://v3.yuanshen.site/"
"kongying:24618","24618","传送锚点","须弥","诸法丛林","19","A:XM:FOREST","","","","","","-2914.2797807930365","1717.1505062716524","否","【须弥 奥摩斯港】","1","https://v3.yuanshen.site/"
"kongying:77695","77695","传送锚点","纳塔","万火之瓯、坚岩隘谷、踞石山、涌流地","45","A:NT:NATA","","","","","","-9791.128292946085","2181.0769100326634","否","【纳塔 踞石山】","39","https://v3.yuanshen.site/"
"kongying:77683","77683","传送锚点","纳塔","万火之瓯、坚岩隘谷、踞石山、涌流地","45","A:NT:NATA","","","","","","-11400.974402082498","2243.6568853067874","否","【纳塔 涌流地】","37","https://v3.yuanshen.site/"
"kongying:77692","77692","传送锚点","纳塔","万火之瓯、坚岩隘谷、踞石山、涌流地","45","A:NT:NATA","","","","","","-10397.355504830259","2228.1021170037","否","【纳塔 彩石顶】","38","https://v3.yuanshen.site/"
"kongying:77753","77753","传送锚点","纳塔","万火之瓯、坚岩隘谷、踞石山、涌流地","45","A:NT:NATA","","","","","","-9972.619670597156","2848.4705499940264","否","【纳塔 窃火者密岛】

注：解锁后达成成就【只有锻炼的地方还留着？】","39","https://v3.yuanshen.site/"
"kongying:77752","77752","传送锚点","纳塔","万火之瓯、坚岩隘谷、踞石山、涌流地","45","A:NT:NATA","REGOLITH_REALM","纳塔 / 万火之瓯、坚岩隘谷、踞石山、涌流地 / 涌流地 / 浮土静界","","","","-10610.31177509684","2976.69241239053","是","【纳塔 浮土静界】（空中「浮土静界」）

注：进行世界任务【火中取梦的故事】「溯寻者不可得」时，随进度到达","42","https://v3.yuanshen.site/"
"kongying:77741","77741","传送锚点","纳塔","万火之瓯、坚岩隘谷、踞石山、涌流地","45","A:NT:NATA","MT_RANGE_RIFT","纳塔 / 万火之瓯、坚岩隘谷、踞石山、涌流地 / 硫晶支脉 / 山脉的横裂","","","","-11080.000488162017","1050.663957881542","是","【纳塔 万火之瓯】（地下「山脉的横裂」）

注：进行世界任务【群山的影子】「在晶岩下」时，随进度进入","42","https://v3.yuanshen.site/"
"kongying:77660","77660","传送锚点","纳塔","万火之瓯、坚岩隘谷、踞石山、涌流地","45","A:NT:NATA","","","","","","-10106.73434161645","1266.3165102734092","否","【纳塔 坚岩隘谷】","37","https://v3.yuanshen.site/"
"kongying:24564","24564","七天神像","须弥","诸法丛林","19","A:XM:FOREST","","","","","","-3802","-24","否","【须弥 二净甸】","2","https://v3.yuanshen.site/"
"kongying:19731","19731","传送锚点","稻妻","渊下宫","15","A:DQ:YUANXIAGONG","","","","","","2095.0000076293945","-591.75","否","【稻妻 狭间之街】","1","https://v3.yuanshen.site/"
"kongying:77662","77662","传送锚点","纳塔","万火之瓯、坚岩隘谷、踞石山、涌流地","45","A:NT:NATA","","","","","","-10462.083881496364","1486.8292110207803","否","【纳塔 坚岩隘谷】","37","https://v3.yuanshen.site/"
"kongying:77661","77661","传送锚点","纳塔","万火之瓯、坚岩隘谷、踞石山、涌流地","45","A:NT:NATA","","","","","","-9950.167290092479","1509.1624775870314","否","【纳塔 隆崛坡】","37","https://v3.yuanshen.site/"
"kongying:77694","77694","传送锚点","纳塔","万火之瓯、坚岩隘谷、踞石山、涌流地","45","A:NT:NATA","","","","","","-9936.583295701943","1906.8318015361747","否","【纳塔 踞石山】","39","https://v3.yuanshen.site/"
"kongying:77698","77698","传送锚点","纳塔","万火之瓯、坚岩隘谷、踞石山、涌流地","45","A:NT:NATA","","","","","","-10106.25","2147.1648830656104","否","【纳塔 祖遗庙宇】","38","https://v3.yuanshen.site/"
"kongying:10896","10896","传送锚点","稻妻","鸣神岛、神无冢、八酝岛","12","A:DQ:1","","","","","","4734.899993896484","4361.600096227647","否","【稻妻 踏鞴砂】","1","https://v3.yuanshen.site/"
"kongying:77684","77684","传送锚点","纳塔","万火之瓯、坚岩隘谷、踞石山、涌流地","45","A:NT:NATA","","","","","","-11353.583393334346","2753.333266566249","否","【纳塔 「流泉之众」】","40","https://v3.yuanshen.site/"
"kongying:77685","77685","传送锚点","纳塔","万火之瓯、坚岩隘谷、踞石山、涌流地","45","A:NT:NATA","","","","","","-11132.666231397809","3196.167273279756","否","【纳塔 溶水域】","37","https://v3.yuanshen.site/"
"kongying:20551","20551","传送锚点","稻妻","三界路飨祭(2.5)","16","A:DQ:SANJIE","","","","","","3538.1042714069235","458.8160080857133","否","【三界路飨祭 渊下宫】","5","https://v3.yuanshen.site/"
"kongying:77649","77649","七天神像","纳塔","万火之瓯、坚岩隘谷、踞石山、涌流地","45","A:NT:NATA","","","","","","-9798","1045","否","【纳塔 坚岩隘谷】","36","https://v3.yuanshen.site/"
"kongying:24602","24602","传送锚点","须弥","诸法丛林","19","A:XM:FOREST","","","","","","-4408.418574575492","-145.41874581067532","否","【须弥 二净甸】","1","https://v3.yuanshen.site/"
"kongying:77674","77674","传送锚点","纳塔","万火之瓯、坚岩隘谷、踞石山、涌流地","45","A:NT:NATA","","","","","","-11348.885614901203","1351.0507822637956","否","【纳塔 万火之瓯】","37","https://v3.yuanshen.site/"
"kongying:77689","77689","传送锚点","纳塔","万火之瓯、坚岩隘谷、踞石山、涌流地","45","A:NT:NATA","ROCK_MT_INNER","纳塔 / 万火之瓯、坚岩隘谷、踞石山、涌流地 / 彩石顶 / 石山之中","","","","-10640.499316573176","2305.750370073627","是","【纳塔 彩石顶】（地下「石山之中」）","39","https://v3.yuanshen.site/"
"kongying:13913","13913","传送锚点","稻妻","清籁岛、海祇岛","13","A:DQ:2","","","","","","6115","4840.166778434223","否","【稻妻 清籁岛】","1","https://v3.yuanshen.site/"
"kongying:77693","77693","传送锚点","纳塔","万火之瓯、坚岩隘谷、踞石山、涌流地","45","A:NT:NATA","","","","","","-10226.824558433718","2338.764055784237","否","【纳塔 踞石山】","40","https://v3.yuanshen.site/"
"kongying:13918","13918","传送锚点","稻妻","清籁岛、海祇岛","13","A:DQ:2","","","","","","6085.333603860921","5270.168973288704","否","【稻妻 天云峠】（空中）

注：进行世界任务【清籁逐雷记 · 其三】时，来到空中解锁","2","https://v3.yuanshen.site/"
"kongying:77687","77687","传送锚点","纳塔","万火之瓯、坚岩隘谷、踞石山、涌流地","45","A:NT:NATA","","","","","","-10993.917596526348","2433.2803060983533","否","【纳塔 溶水域】","39","https://v3.yuanshen.site/"
"kongying:77652","77652","七天神像","纳塔","万火之瓯、坚岩隘谷、踞石山、涌流地","45","A:NT:NATA","","","","","","-10910","2720.000015258789","否","【纳塔 溶水域】","37","https://v3.yuanshen.site/"
"kongying:24136","24136","传送锚点","金苹果群岛","金苹果群岛(2.8)","10","A:APPLE:2_8","","","","","","-85.5","-2642.935411090302","否","【金苹果群岛 破破岛】","2","https://v3.yuanshen.site/"
"kongying:24620","24620","传送锚点","须弥","诸法丛林","19","A:XM:FOREST","","","","","","-2504.5221707948253","797.2780746421085","否","【须弥 降诸魔山】","1","https://v3.yuanshen.site/"
"kongying:10314","10314","传送锚点","稻妻","鸣神岛、神无冢、八酝岛","12","A:DQ:1","","","","","","4840","3389.1664126251","否","【稻妻 神无冢】","1","https://v3.yuanshen.site/"
"kongying:28829","28829","传送锚点","须弥","大赤沙海","21","A:XM:DESERT","","","","","","-5320.166591403886","2810.83210888533","否","【须弥 上风蚀地】","1","https://v3.yuanshen.site/"
"kongying:16760","16760","传送锚点","稻妻","鹤观","14","A:DQ:HEGUAN","","","","","","4012.1673724631128","7462.33418226822","否","【稻妻 逢岳之野】","1","https://v3.yuanshen.site/"
"kongying:6625","6625","传送锚点","蒙德","蒙德","6","A:MD:MENGDE","","","","","","1524.5","-3838.5","否","【蒙德 蒙德城】","1","https://v3.yuanshen.site/"
"kongying:77690","77690","传送锚点","纳塔","万火之瓯、坚岩隘谷、踞石山、涌流地","45","A:NT:NATA","","","","","","-10631.334384920148","2101.16432795517","否","【纳塔 彩石顶】","38","https://v3.yuanshen.site/"
"kongying:29149","29149","传送锚点","须弥","大赤沙海","21","A:XM:DESERT","DESHRET_KING_MAUSOLEUM_NW_UG3","须弥 / 大赤沙海 / 赤王陵西北 / 赤王陵西北 · 岩窟下层","","","","-6999.333018066501","2444.336513847502","是","【须弥 列柱沙原】（地下「赤王陵西北 · 岩窟下层」）

注：进行世界任务【黄金梦乡】「阿赫玛尔的秘密」时，随进度解锁","6","https://v3.yuanshen.site/"
"kongying:39831","39831","传送锚点","须弥","苍漠囿土","23","A:XM:DESERT3","MADINAT_ALNUHAS_UG1","须弥 / 苍漠囿土 / 精石铜城 / 精石铜城 · 上层","","","","-7900.98873194723","-1920.7467963504896","是","【须弥 精石铜城】（地下「精石铜城 · 上层」）

注：进行世界任务【善恶的赫瓦雷纳】「如是灵光悉示现 · 灭」时，随进度开启","5","https://v3.yuanshen.site/"
"kongying:40062","40062","传送锚点","须弥","苍漠囿土","23","A:XM:DESERT3","HANGEH_AFRASIYAB_UG1","须弥 / 苍漠囿土 / 逾渊地墟 / 逾渊地墟 · 上层","","","","-8381.864616114366","-1551.4457602911361","是","【须弥 荒石苍漠】（地下「逾渊地墟 · 上层」）

注：进行世界任务【善恶的赫瓦雷纳】「如是灵光悉示现」时，随进度进入","3","https://v3.yuanshen.site/"
"kongying:40055","40055","传送锚点","须弥","苍漠囿土","23","A:XM:DESERT3","AMRITA_POOL","须弥 / 苍漠囿土 / 甘露花海 / 甘露池","","","","-7335.702204444904","-1392.4478621763164","是","【须弥 甘露花海】（地下「甘露池」）","1","https://v3.yuanshen.site/"
"kongying:47862","47862","传送锚点","枫丹","枫丹廷区、白露区、苍晶区","28","A:FD:FENGDAN","UNDERWATER_RUIN_CENTER","枫丹 / 枫丹廷区、白露区、苍晶区 / 水下城墟 / 水下城墟 · 中心区域","","","","-5113","-4986.668395065187","是","【枫丹 枫丹廷区】（水下「水下城墟 · 中心区域」）

注：进行世界任务【水色潮痕】时，随进度进入解锁","1","https://v3.yuanshen.site/"
"kongying:77681","77681","传送锚点","纳塔","万火之瓯、坚岩隘谷、踞石山、涌流地","45","A:NT:NATA","","","","","","-11593.6611380289","1801.7146344956382","否","【纳塔 圣火竞技场 · 帕克斯神庙】","37","https://v3.yuanshen.site/"
"kongying:105800","105800","传送锚点","挪德卡莱","伦波岛、希汐岛、帕哈岛","51","A:NDKL:NDKL","","","","","","-12219.25","-3664.25","否","【挪德卡莱 星砂滩】","4","https://v3.yuanshen.site/"
"kongying:53545","53545","传送锚点","枫丹","枫丹动能工程科学研究院区、黎翡区","29","A:FD:FENGDAN2","MEROPIDE_FORTRESS_JAIL_AREA","枫丹 / 枫丹动能工程科学研究院区、黎翡区 / 梅洛彼得堡 / 梅洛彼得堡 · 监舍区","","","","-5638","-6671","是","【枫丹 管理区】（水下「梅洛彼得堡 · 监舍区」）","2","https://v3.yuanshen.site/"
"kongying:34916","34916","传送锚点","须弥","千壑沙地","22","A:XM:DESERT2","DAMAVAND_MT_UG1","须弥 / 千壑沙地 / 达马山 / 达马山遗迹 · 上层","","","","-6790.666200874271","-130.17057585998373","是","【须弥 酣乐之殿】（地下「达马山遗迹 · 上层」）

注：进行世界任务【比勒琪丝的哀歌】「埋葬丰饶的沙丘 · 中」时，随进度进入","3","https://v3.yuanshen.site/"
"kongying:105799","105799","传送锚点","挪德卡莱","伦波岛、希汐岛、帕哈岛","51","A:NDKL:NDKL","","","","","","-11946.75","-3633.75","否","【挪德卡莱 苔骨荒原】","3","https://v3.yuanshen.site/"
"kongying:79394","79394","传送锚点","纳塔","万火之瓯、坚岩隘谷、踞石山、涌流地","45","A:NT:NATA","","","","","","-10527.816567886108","2538.2838313335524","否","【纳塔 涌流地】","37","https://v3.yuanshen.site/"
"kongying:60447","60447","传送锚点","枫丹","莫尔泰区、伊黎耶林区","30","A:FD:FENGDAN3","","","","","","-3517.7954185357553","-5788.131632260092","否","【枫丹 伊黎耶林区】","2","https://v3.yuanshen.site/"
"kongying:60459","60459","传送锚点","枫丹","莫尔泰区、伊黎耶林区","30","A:FD:FENGDAN3","","","","","","-4555.121066536421","-3936.2190370700837","否","【枫丹 莫尔泰区】","1","https://v3.yuanshen.site/"
"kongying:60443","60443","七天神像","枫丹","莫尔泰区、伊黎耶林区","30","A:FD:FENGDAN3","","","","","","-4210","-4851","否","【枫丹 莫尔泰区】","2","https://v3.yuanshen.site/"
"kongying:6278","6278","传送锚点","蒙德","蒙德","6","A:MD:MENGDE","","","","","","167.76838717003","-4715.1891624725","否","【蒙德 风龙废墟】","1","https://v3.yuanshen.site/"
"kongying:6281","6281","传送锚点","蒙德","蒙德","6","A:MD:MENGDE","","","","","","72.500254649975","-4265.5","否","【蒙德 风龙废墟】","1","https://v3.yuanshen.site/"
"kongying:6556","6556","七天神像","蒙德","蒙德","6","A:MD:MENGDE","","","","","","2218","-3387","否","【蒙德 风起地】","2","https://v3.yuanshen.site/"
"kongying:6590","6590","传送锚点","璃月","璃月","2","A:LY:LIYUE","","","","","","-575.83315847913","-42.5","否","【璃月 璃沙郊】","1","https://v3.yuanshen.site/"
"kongying:6593","6593","传送锚点","璃月","璃月","2","A:LY:LIYUE","","","","","","-172.83290382915","7.3333282470703","否","【璃月 天衡山】","1","https://v3.yuanshen.site/"
"kongying:9778","9778","传送锚点","金苹果群岛","金苹果群岛(1.6)","8","A:APPLE:1_6","","","","","","-328","-1619","否","【金苹果群岛 危危岛】","2","https://v3.yuanshen.site/"
"kongying:9788","9788","传送锚点","金苹果群岛","金苹果群岛(1.6)","8","A:APPLE:1_6","","","","","","467.66408348493","-943.5","否","【金苹果群岛 危危岛】（一二节阶段均存在）","1","https://v3.yuanshen.site/"
"kongying:9791","9791","传送锚点","金苹果群岛","金苹果群岛(1.6)","8","A:APPLE:1_6","","","","","","-97","-2609.3333282471","否","【金苹果群岛 危危岛】（一二节阶段均存在）","1","https://v3.yuanshen.site/"
"kongying:10296","10296","传送锚点","稻妻","鸣神岛、神无冢、八酝岛","12","A:DQ:1","","","","","","5605.5","2575.5014632363","否","【稻妻 离岛】","1","https://v3.yuanshen.site/"
"kongying:10299","10299","传送锚点","稻妻","鸣神岛、神无冢、八酝岛","12","A:DQ:1","","","","","","6154.8333933343","3180.5","否","【稻妻 白狐之野】","1","https://v3.yuanshen.site/"
"kongying:10537","10537","传送锚点","金苹果群岛","金苹果群岛(1.6)","8","A:APPLE:1_6","","","","","","1543","-3363","否","【金苹果群岛 双双岛】（一二节阶段均存在）","1","https://v3.yuanshen.site/"
"kongying:10894","10894","传送锚点","稻妻","鸣神岛、神无冢、八酝岛","12","A:DQ:1","","","","","","3724.5","4685","否","【稻妻 八酝岛】","1","https://v3.yuanshen.site/"
"kongying:20672","20672","传送锚点","稻妻","三界路飨祭(2.5)","16","A:DQ:SANJIE","","","","","","2085.9998779296875","-600","否","【三界路飨祭 渊下宫】
【2】渊海髓矿、【2】常世之荚 解锁","5","https://v3.yuanshen.site/"
"kongying:21494","21494","传送锚点","璃月","地下矿区","4","A:LY:CENGYAN_UG","","","","","","1982.6671466747694","-2304.0058529452854","否","【璃月 层岩巨渊 · 地下矿区】","1","https://v3.yuanshen.site/"
"kongying:24614","24614","传送锚点","须弥","诸法丛林","19","A:XM:FOREST","","","","","","-3615.224964328793","-342.57986828699177","否","【须弥 二净甸】","1","https://v3.yuanshen.site/"
"kongying:24615","24615","传送锚点","须弥","诸法丛林","19","A:XM:FOREST","","","","","","-3196.76452153885","813.8226177445149","否","【须弥 阿陀河谷】","1","https://v3.yuanshen.site/"
"kongying:24619","24619","传送锚点","须弥","诸法丛林","19","A:XM:FOREST","","","","","","-2457.6944772800734","1427.2227395566388","否","【须弥 阿陀河谷】","1","https://v3.yuanshen.site/"
"kongying:24623","24623","传送锚点","须弥","诸法丛林","19","A:XM:FOREST","","","","","","-2747.284303552229","18.092491195458024","否","【须弥 香醉坡】","1","https://v3.yuanshen.site/"
"kongying:24632","24632","传送锚点","须弥","诸法丛林","19","A:XM:FOREST","ELECTRO_REGISVINE","须弥 / 诸法丛林 / 无郁稠林 / 掣电树的篱阴","","","","-2235.999218940772","-969.6676325167155","是","【须弥 护世森】（地下「掣电树的篱荫」）","2","https://v3.yuanshen.site/"
"kongying:26039","26039","传送锚点","须弥","诸法丛林","19","A:XM:FOREST","OLD_VANARANA_GROUNDED_DREAM_LAND","须弥 / 诸法丛林 / 往昔的桓那兰那 / 往昔的桓那兰那 · 失梦的国土","","","","-4554.920136693948","162.11858719523116","是","【须弥 失梦的国土】（地下「往昔的桓那兰那 · 失梦的国土」）

注：进行世界任务【森林书 第三章】「失梦的苗圃」「为了过去的孩子们」时，随进度自动解锁","8","https://v3.yuanshen.site/"
"kongying:26040","26040","传送锚点","须弥","诸法丛林","19","A:XM:FOREST","OLD_VANARANA_SAND_EMBRACED_HOME","须弥 / 诸法丛林 / 往昔的桓那兰那 / 往昔的桓那兰那 · 沙中故里","","","","-4594.927947286227","-61.463216008886775","是","【须弥 失落的苗圃】（地下「往昔的桓那兰那 · 沙中故里」）

注：进行世界任务【森林书 第三章】「失梦的苗圃」「为了过去的孩子们」时，随进度来到此处","8","https://v3.yuanshen.site/"
"kongying:26636","26636","传送锚点","璃月","层岩巨渊","3","A:LY:CENGYAN","","","","","","-2166.808817805265","219.43596018368044","否","【璃月 层岩巨渊】","1","https://v3.yuanshen.site/"
"kongying:28843","28843","传送锚点","须弥","大赤沙海","21","A:XM:DESERT","","","","","","-4909.000488162017","2069.587047307914","否","【须弥 下风蚀地】","1","https://v3.yuanshen.site/"
"kongying:29533","29533","传送锚点","须弥","大赤沙海","21","A:XM:DESERT","DAHRI_UG1","须弥 / 大赤沙海 / 荼诃落谷 / 落谷山内 · 洞窟上层","","","","-5652.33349096675","3152.669354350992","是","【须弥 下风蚀地】（地下「落谷山内 · 洞窟上层」）

注：进行世界任务【阿弗拉图之惑】时，随进度进入","3","https://v3.yuanshen.site/"
"kongying:43513","43513","传送锚点","琉形蜃境","琉形蜃境(3.8)","26","A:VELURIYAM:3_8","","","","","","3008.36709783711","2590.3557615856935","是","【琉形蜃境 蔓生溪谷】（地下「捕获洞」）

注：进行世界任务【捕获我的光影与线条】时，随进度进入

注：完成活动剧情【远方传来邀请函！】「琉璃秘境，小中见大」（【清夏！乐园？大秘境！其一】）解锁【蔓生溪谷】区域","3","https://v3.yuanshen.site/"
"kongying:43515","43515","传送锚点","琉形蜃境","琉形蜃境(3.8)","26","A:VELURIYAM:3_8","","","","","","5174.470197655191","-33.75404137285386","否","【琉形蜃境 寄想者剧场】

注：进行活动剧情【梦与最初的故事！】「树屋剧场，烛影摇晃舞台」（【清夏！乐园？大秘境！其三】）时解锁【寄想者剧场】区域","2","https://v3.yuanshen.site/"
"kongying:48763","48763","传送锚点","枫丹","枫丹廷区、白露区、苍晶区","28","A:FD:FENGDAN","","","","","","-5608.387820368394","-6184.397151228827","否","【枫丹 枫丹廷区】

注：4.1版本更新后，完成魔神任务【序章 第三幕】「巨龙与自由之歌」后，自动解锁","5","https://v3.yuanshen.site/"
"kongying:48768","48768","传送锚点","枫丹","枫丹廷区、白露区、苍晶区","28","A:FD:FENGDAN","","","","","","-5908.393971209814","-5667.914353692333","否","【枫丹 枫丹廷区】","1","https://v3.yuanshen.site/"
"kongying:48775","48775","传送锚点","枫丹","枫丹廷区、白露区、苍晶区","28","A:FD:FENGDAN","POISSON","枫丹 / 枫丹廷区、白露区、苍晶区 / 地下小镇 / 白淞镇","","","","-5152.036849696172","-4427.36982565116","是","【枫丹 白淞镇】（地下「白淞镇」）","1","https://v3.yuanshen.site/"
"kongying:48778","48778","传送锚点","枫丹","枫丹廷区、白露区、苍晶区","28","A:FD:FENGDAN","FIRE_IRON_EMPEROR_THRONE","枫丹 / 枫丹廷区、白露区、苍晶区 / 炽热水域 / 「铁甲熔火帝皇御座」","","","","-5360.038302425704","-3804.4344842347336","是","【枫丹 白露区】（地下「铁甲熔火帝皇御座」）","1","https://v3.yuanshen.site/"
"kongying:48780","48780","传送锚点","枫丹","枫丹廷区、白露区、苍晶区","28","A:FD:FENGDAN","","","","","","-5722","-4055.3327334931464","否","【枫丹 苍晶区】","1","https://v3.yuanshen.site/"
"kongying:48782","48782","传送锚点","枫丹","枫丹廷区、白露区、苍晶区","28","A:FD:FENGDAN","","","","","","-6083.33259701335","-4518.666900496992","否","【枫丹 厄里那斯】（顶部）","1","https://v3.yuanshen.site/"
"kongying:48783","48783","传送锚点","枫丹","枫丹廷区、白露区、苍晶区","28","A:FD:FENGDAN","","","","","","-6293","-4818.83306897426","否","【枫丹 厄里那斯】","1","https://v3.yuanshen.site/"
"kongying:48786","48786","传送锚点","枫丹","枫丹廷区、白露区、苍晶区","28","A:FD:FENGDAN","ELYNAS_INNER_NORTH","枫丹 / 枫丹廷区、白露区、苍晶区 / 厄里那斯内部 / 厄里那斯内部 · 北区","","","","-6015.650261150304","-4059.3207460435615","是","【枫丹 海沫村】（水下「厄里那斯内部 · 北区」）","2","https://v3.yuanshen.site/"
"kongying:48787","48787","传送锚点","枫丹","枫丹廷区、白露区、苍晶区","28","A:FD:FENGDAN","ELYNAS_INNER_NORTH","枫丹 / 枫丹廷区、白露区、苍晶区 / 厄里那斯内部 / 厄里那斯内部 · 北区","","","","-5867.747081220739","-4173.164937814596","是","【枫丹「特别温暖的地方」】（水下「厄里那斯内部 · 北区」）","2","https://v3.yuanshen.site/"
"kongying:48788","48788","传送锚点","枫丹","枫丹廷区、白露区、苍晶区","28","A:FD:FENGDAN","GRAND_FONTAINE_LAKE","枫丹 / 枫丹廷区、白露区、苍晶区 / 大枫丹湖","","","","-5505.952608773064","-4250.475653084512","是","【枫丹 苍晶区】（水下「万水之源 · 大枫丹湖」）","1","https://v3.yuanshen.site/"
"kongying:48792","48792","传送锚点","枫丹","枫丹廷区、白露区、苍晶区","28","A:FD:FENGDAN","GRAND_FONTAINE_LAKE","枫丹 / 枫丹廷区、白露区、苍晶区 / 大枫丹湖","","","","-5875","-5295.166168477268","是","【枫丹 希望之路】（水下「万水之源 · 大枫丹湖」）","1","https://v3.yuanshen.site/"
"kongying:48793","48793","传送锚点","枫丹","枫丹廷区、白露区、苍晶区","28","A:FD:FENGDAN","GRAND_FONTAINE_LAKE","枫丹 / 枫丹廷区、白露区、苍晶区 / 大枫丹湖","","","","-5579.000195264807","-5204.5","是","【枫丹 枫丹廷区】（水下「万水之源 · 大枫丹湖」）","1","https://v3.yuanshen.site/"
"kongying:48794","48794","七天神像","枫丹","枫丹廷区、白露区、苍晶区","28","A:FD:FENGDAN","","","","","","-5647.795820120773","-5622.3922100956925","否","【枫丹 枫丹廷 · 沫芒宫】","1","https://v3.yuanshen.site/"
"kongying:48797","48797","传送锚点","枫丹","枫丹廷区、白露区、苍晶区","28","A:FD:FENGDAN","UNDERWATER_RUIN_CENTER","枫丹 / 枫丹廷区、白露区、苍晶区 / 水下城墟 / 水下城墟 · 中心区域","","","","-5038.334024914073","-5199","是","【枫丹 自然哲学学院】（水下「水下城墟 · 中心区域」）","1","https://v3.yuanshen.site/"
"kongying:48798","48798","传送锚点","枫丹","枫丹廷区、白露区、苍晶区","28","A:FD:FENGDAN","GRAND_FONTAINE_LAKE","枫丹 / 枫丹廷区、白露区、苍晶区 / 大枫丹湖","","","","-4762.833378072577","-5137.1661990060165","是","【枫丹 塞洛海原】（水下「万水之源 · 大枫丹湖」）","1","https://v3.yuanshen.site/"
"kongying:48800","48800","传送锚点","枫丹","枫丹廷区、白露区、苍晶区","28","A:FD:FENGDAN","GRAND_FONTAINE_LAKE","枫丹 / 枫丹廷区、白露区、苍晶区 / 大枫丹湖","","","","-4822.407429824935","-5404.944950641562","是","【枫丹 塞洛海原】（水下「万水之源 · 大枫丹湖」）","1","https://v3.yuanshen.site/"
"kongying:48801","48801","传送锚点","枫丹","枫丹廷区、白露区、苍晶区","28","A:FD:FENGDAN","GRAND_FONTAINE_LAKE","枫丹 / 枫丹廷区、白露区、苍晶区 / 大枫丹湖","","","","-5244.432082552391","-5628.390693496511","是","【枫丹 塞洛海原】（水下「万水之源 · 大枫丹湖」）","1","https://v3.yuanshen.site/"
"kongying:52555","52555","传送锚点","枫丹","枫丹动能工程科学研究院区、黎翡区","29","A:FD:FENGDAN2","UNDERWATER_ROCK_PATH","枫丹 / 枫丹动能工程科学研究院区、黎翡区 / 大枫丹湖 / 水下岩道","","","","-5544.3634534164","-7065.608579716797","是","【枫丹 黎翡区】（水下「水下岩道」）

注：由【水下「千年珍珠骏麟王庭」】潜入水池中进入【水下「水下岩道」】","6","https://v3.yuanshen.site/"
"kongying:60442","60442","七天神像","枫丹","莫尔泰区、伊黎耶林区","30","A:FD:FENGDAN3","","","","","","-4329","-5898","否","【枫丹 伊黎耶林区】","1","https://v3.yuanshen.site/"
"kongying:60444","60444","传送锚点","枫丹","莫尔泰区、伊黎耶林区","30","A:FD:FENGDAN3","","","","","","-4305","-6232.7499923706055","否","【枫丹 伊黎耶林区】","3","https://v3.yuanshen.site/"
"kongying:60446","60446","传送锚点","枫丹","莫尔泰区、伊黎耶林区","30","A:FD:FENGDAN3","","","","","","-3811.9518395093587","-5714.946123565658","否","【枫丹 湖中垂柳】","2","https://v3.yuanshen.site/"
"kongying:60448","60448","传送锚点","枫丹","莫尔泰区、伊黎耶林区","30","A:FD:FENGDAN3","","","","","","-3302.8349570550445","-5502.106982428507","否","【枫丹 伊黎耶林区】","1","https://v3.yuanshen.site/"
"kongying:60449","60449","传送锚点","枫丹","莫尔泰区、伊黎耶林区","30","A:FD:FENGDAN3","","","","","","-3324","-5083.5","否","【枫丹 柔灯港】","1","https://v3.yuanshen.site/"
"kongying:60450","60450","传送锚点","枫丹","莫尔泰区、伊黎耶林区","30","A:FD:FENGDAN3","","","","","","-3737.7056274847714","-5407.708227140103","否","【枫丹 伊黎耶林区】","1","https://v3.yuanshen.site/"
"kongying:60451","60451","传送锚点","枫丹","莫尔泰区、伊黎耶林区","30","A:FD:FENGDAN3","","","","","","-4100.5","-5541.499969482422","否","【枫丹 伊黎耶林区】","2","https://v3.yuanshen.site/"
"kongying:60452","60452","传送锚点","枫丹","莫尔泰区、伊黎耶林区","30","A:FD:FENGDAN3","","","","","","-4263.085965906376","-5167.999028317863","否","【枫丹 伊黎耶林区】","1","https://v3.yuanshen.site/"
"kongying:60453","60453","传送锚点","枫丹","莫尔泰区、伊黎耶林区","30","A:FD:FENGDAN3","","","","","","-3973.75","-5211.500015258789","否","【枫丹 幽林雾道】","1","https://v3.yuanshen.site/"
"kongying:60456","60456","传送锚点","枫丹","莫尔泰区、伊黎耶林区","30","A:FD:FENGDAN3","","","","","","-4749","-4658.5","否","【枫丹 莫尔泰区】","1","https://v3.yuanshen.site/"
"kongying:60467","60467","传送锚点","枫丹","莫尔泰区、伊黎耶林区","30","A:FD:FENGDAN3","","","","","","-4204","-4420.499984741211","否","【枫丹 莫尔泰区】","2","https://v3.yuanshen.site/"
"kongying:67219","67219","传送锚点","璃月","沉玉谷","34","A:LY:CHENYUGU","","","","","","-2814.5777246457337","-2944.8553082673575","否","【璃月 沉玉谷 · 南陵】","1","https://v3.yuanshen.site/"
"kongying:77665","77665","传送锚点","纳塔","万火之瓯、坚岩隘谷、踞石山、涌流地","45","A:NT:NATA","","","","","","-10732.052491664577","1155.5368039920031","否","【纳塔 硫晶支脉】","38","https://v3.yuanshen.site/"
"kongying:105788","105788","传送锚点","挪德卡莱","伦波岛、希汐岛、帕哈岛","51","A:NDKL:NDKL","","","","","","-11956.761298606605","-2723.884460725749","否","【挪德卡莱 那夏镇】

注：「月之一」版本更新后，完成魔神任务【序章 第三幕】「巨龙与自由之歌」后，自动解锁","5","https://v3.yuanshen.site/"
"kongying:105789","105789","传送锚点","挪德卡莱","伦波岛、希汐岛、帕哈岛","51","A:NDKL:NDKL","","","","","","-12072.697754262963","-3044.935381643448","否","【挪德卡莱 那夏镇】","5","https://v3.yuanshen.site/"
"kongying:105792","105792","传送锚点","挪德卡莱","伦波岛、希汐岛、帕哈岛","51","A:NDKL:NDKL","","","","","","-12173.135973649689","-2996.120549903383","否","【挪德卡莱 那夏镇】","3","https://v3.yuanshen.site/"
"kongying:105796","105796","传送锚点","挪德卡莱","伦波岛、希汐岛、帕哈岛","51","A:NDKL:NDKL","","","","","","-11956.5","-3296","否","【挪德卡莱 苔骨荒原】","3","https://v3.yuanshen.site/"
"kongying:105813","105813","传送锚点","挪德卡莱","伦波岛、希汐岛、帕哈岛","51","A:NDKL:NDKL","","","","","","-12349.25","-3133","否","【挪德卡莱 伦波岛】","3","https://v3.yuanshen.site/"
"kongying:105815","105815","传送锚点","挪德卡莱","伦波岛、希汐岛、帕哈岛","51","A:NDKL:NDKL","","","","","","-12635.5","-3109.5","否","【挪德卡莱 北方训练场】","3","https://v3.yuanshen.site/"
"kongying:105816","105816","传送锚点","挪德卡莱","伦波岛、希汐岛、帕哈岛","51","A:NDKL:NDKL","","","","","","-12470","-3369.5","否","【挪德卡莱 伦波岛】","3","https://v3.yuanshen.site/"
"kongying:105820","105820","传送锚点","挪德卡莱","伦波岛、希汐岛、帕哈岛","51","A:NDKL:NDKL","","","","","","-12831.5","-2869","否","【挪德卡莱 伦波岛】","3","https://v3.yuanshen.site/"
"kongying:105821","105821","传送锚点","挪德卡莱","伦波岛、希汐岛、帕哈岛","51","A:NDKL:NDKL","","","","","","-13313.500015258789","-3292.5","否","【挪德卡莱 霜月之坊】","3","https://v3.yuanshen.site/"
"kongying:105822","105822","传送锚点","挪德卡莱","伦波岛、希汐岛、帕哈岛","51","A:NDKL:NDKL","","","","","","-13543","-3196.75","否","【挪德卡莱 希汐岛】","3","https://v3.yuanshen.site/"
"kongying:105823","105823","传送锚点","挪德卡莱","伦波岛、希汐岛、帕哈岛","51","A:NDKL:NDKL","","","","","","-13505.25","-3384.25","否","【挪德卡莱 沐光之台】","3","https://v3.yuanshen.site/"
"kongying:105828","105828","传送锚点","挪德卡莱","伦波岛、希汐岛、帕哈岛","51","A:NDKL:NDKL","","","","","","-13851.45391879596","-3214.262991899433","否","【挪德卡莱 希汐岛】","3","https://v3.yuanshen.site/"
"kongying:115465","115465","七天神像","蒙德","风息山","54","A:MD:FENGXISHAN","","","","","","631.9463537462507","-5237.9586179758335","否","【蒙德 风息山】","4","https://v3.yuanshen.site/"
"kongying:115468","115468","传送锚点","蒙德","风息山","54","A:MD:FENGXISHAN","","","","","","1145.1864081758004","-4811.392294235657","否","【蒙德 风息山】","2","https://v3.yuanshen.site/"
"kongying:115469","115469","传送锚点","蒙德","风息山","54","A:MD:FENGXISHAN","","","","","","1519.8268600051824","-4664.241614371162","否","【蒙德 风息山】","2","https://v3.yuanshen.site/"
"kongying:115470","115470","传送锚点","蒙德","风息山","54","A:MD:FENGXISHAN","","","","","","802.1100596639917","-5499.868435764012","否","【蒙德 荆夫港】","4","https://v3.yuanshen.site/"
"kongying:115471","115471","传送锚点","蒙德","风息山","54","A:MD:FENGXISHAN","","","","","","918.3587671886598","-5550.564336853673","否","【蒙德 荆夫港】","2","https://v3.yuanshen.site/"
"kongying:115473","115473","传送锚点","蒙德","风息山","54","A:MD:FENGXISHAN","","","","","","1238.6875923607513","-5993.785812277546","否","【蒙德 风息山】","4","https://v3.yuanshen.site/"
"kongying:115474","115474","传送锚点","蒙德","风息山","54","A:MD:FENGXISHAN","","","","","","826.6199673735109","-6299.046943778281","否","【蒙德 风息山】","3","https://v3.yuanshen.site/"
"kongying:126268","126268","传送锚点","至冬","永凝冻土、古兽冰原、焰羽谷、白桦雪葬地、霜殛寒峰","58","A:ZD:ZHIDONG1","","","","","","-9332.12817525302","-11938.221480589757","否","【至冬 古兽冰原】","4","https://v3.yuanshen.site/"
