"层级","一级分类","二级地区","三级目录","四级分层","当前名称","来源类型","补充地点（填写）","备注（填写）","节点键","父节点键","节点地区ID","所属地区ID","地区代码","原始value","配置渠道","完整路径","隐藏状态","名称待确认","来源位置"
"1","蒙德","","","","蒙德","顶级分类","","","area:C:MD","","5","5","C:MD","","area-api","蒙德","未标记默认隐藏","","area[id=5]"
"2","蒙德","蒙德","","","蒙德","API地区","","","area:A:MD:MENGDE","area:C:MD","6","6","A:MD:MENGDE","","area-api","蒙德 / 蒙德","未标记默认隐藏","","area[id=6]"
"2","蒙德","龙脊雪山","","","龙脊雪山","API地区","","","area:A:MD:XUESHAN","area:C:MD","17","17","A:MD:XUESHAN","","area-api","蒙德 / 龙脊雪山","未标记默认隐藏","","area[id=17]"
"2","蒙德","风息山","","","风息山","API地区","","","area:A:MD:FENGXISHAN","area:C:MD","54","54","A:MD:FENGXISHAN","","area-api","蒙德 / 风息山","未标记默认隐藏","","area[id=54]"
"3","蒙德","风息山","西风骑士团遗迹","","西风骑士团遗迹","地图分层目录","","","layer:A:MD:FENGXISHAN:FAVONIUS_KNIGHT_RUIN","area:A:MD:FENGXISHAN","","54","A:MD:FENGXISHAN","FAVONIUS_KNIGHT_RUIN","underground + overlay","蒙德 / 风息山 / 西风骑士团遗迹","未标记默认隐藏","","plugins[""A:MD:FENGXISHAN""].extraConfig.underground.levels[0] ; plugins[""A:MD:FENGXISHAN""].overlayConfig.overlays[0]"
"4","蒙德","风息山","西风骑士团遗迹","西风骑士团遗迹 · 地下一层","西风骑士团遗迹 · 地下一层","地图分层子项","","","layer:A:MD:FENGXISHAN:FAVONIUS_KNIGHT_RUIN/FAVONIUS_KNIGHT_RUIN_UG1","layer:A:MD:FENGXISHAN:FAVONIUS_KNIGHT_RUIN","","54","A:MD:FENGXISHAN","FAVONIUS_KNIGHT_RUIN_UG1","underground + overlay","蒙德 / 风息山 / 西风骑士团遗迹 / 西风骑士团遗迹 · 地下一层","未标记默认隐藏","","plugins[""A:MD:FENGXISHAN""].extraConfig.underground.levels[0].children[0] ; plugins[""A:MD:FENGXISHAN""].overlayConfig.overlays[0].children[0]"
"4","蒙德","风息山","西风骑士团遗迹","西风骑士团遗迹 · 地下二层","西风骑士团遗迹 · 地下二层","地图分层子项","","","layer:A:MD:FENGXISHAN:FAVONIUS_KNIGHT_RUIN/FAVONIUS_KNIGHT_RUIN_UG2","layer:A:MD:FENGXISHAN:FAVONIUS_KNIGHT_RUIN","","54","A:MD:FENGXISHAN","FAVONIUS_KNIGHT_RUIN_UG2","underground + overlay","蒙德 / 风息山 / 西风骑士团遗迹 / 西风骑士团遗迹 · 地下二层","未标记默认隐藏","","plugins[""A:MD:FENGXISHAN""].extraConfig.underground.levels[0].children[1] ; plugins[""A:MD:FENGXISHAN""].overlayConfig.overlays[0].children[1]"
"4","蒙德","风息山","西风骑士团遗迹","西风骑士团遗迹 · 地下三层","西风骑士团遗迹 · 地下三层","地图分层子项","","","layer:A:MD:FENGXISHAN:FAVONIUS_KNIGHT_RUIN/FAVONIUS_KNIGHT_RUIN_UG3","layer:A:MD:FENGXISHAN:FAVONIUS_KNIGHT_RUIN","","54","A:MD:FENGXISHAN","FAVONIUS_KNIGHT_RUIN_UG3","underground + overlay","蒙德 / 风息山 / 西风骑士团遗迹 / 西风骑士团遗迹 · 地下三层","未标记默认隐藏","","plugins[""A:MD:FENGXISHAN""].extraConfig.underground.levels[0].children[2] ; plugins[""A:MD:FENGXISHAN""].overlayConfig.overlays[0].children[2]"
"2","蒙德","空之神殿","","","空之神殿","API地区","","","area:A:MD:SHENDIAN","area:C:MD","55","55","A:MD:SHENDIAN","","area-api","蒙德 / 空之神殿","未标记默认隐藏","","area[id=55]"
"3","蒙德","空之神殿","大方广之间","","大方广之间","地图分层目录","","","layer:A:MD:SHENDIAN:MAHAVAIPULYA_CHAMBER","area:A:MD:SHENDIAN","","55","A:MD:SHENDIAN","MAHAVAIPULYA_CHAMBER","underground + overlay","蒙德 / 空之神殿 / 大方广之间","未标记默认隐藏","","plugins[""A:MD:SHENDIAN""].extraConfig.underground.levels[0] ; plugins[""A:MD:SHENDIAN""].overlayConfig.overlays[0]"
"4","蒙德","空之神殿","大方广之间","大方广之间 · 图书馆四层","大方广之间 · 图书馆四层","地图分层子项","","","layer:A:MD:SHENDIAN:MAHAVAIPULYA_CHAMBER/MAHAVAIPULYA_CHAMBER_LIB_FL4","layer:A:MD:SHENDIAN:MAHAVAIPULYA_CHAMBER","","55","A:MD:SHENDIAN","MAHAVAIPULYA_CHAMBER_LIB_FL4","underground + overlay","蒙德 / 空之神殿 / 大方广之间 / 大方广之间 · 图书馆四层","未标记默认隐藏","","plugins[""A:MD:SHENDIAN""].extraConfig.underground.levels[0].children[0] ; plugins[""A:MD:SHENDIAN""].overlayConfig.overlays[0].children[0]"
"4","蒙德","空之神殿","大方广之间","大方广之间 · 图书馆三层","大方广之间 · 图书馆三层","地图分层子项","","","layer:A:MD:SHENDIAN:MAHAVAIPULYA_CHAMBER/MAHAVAIPULYA_CHAMBER_LIB_FL3","layer:A:MD:SHENDIAN:MAHAVAIPULYA_CHAMBER","","55","A:MD:SHENDIAN","MAHAVAIPULYA_CHAMBER_LIB_FL3","underground + overlay","蒙德 / 空之神殿 / 大方广之间 / 大方广之间 · 图书馆三层","未标记默认隐藏","","plugins[""A:MD:SHENDIAN""].extraConfig.underground.levels[0].children[1] ; plugins[""A:MD:SHENDIAN""].overlayConfig.overlays[0].children[1]"
"4","蒙德","空之神殿","大方广之间","大方广之间 · 图书馆二层","大方广之间 · 图书馆二层","地图分层子项","","","layer:A:MD:SHENDIAN:MAHAVAIPULYA_CHAMBER/MAHAVAIPULYA_CHAMBER_LIB_FL2","layer:A:MD:SHENDIAN:MAHAVAIPULYA_CHAMBER","","55","A:MD:SHENDIAN","MAHAVAIPULYA_CHAMBER_LIB_FL2","underground + overlay","蒙德 / 空之神殿 / 大方广之间 / 大方广之间 · 图书馆二层","未标记默认隐藏","","plugins[""A:MD:SHENDIAN""].extraConfig.underground.levels[0].children[2] ; plugins[""A:MD:SHENDIAN""].overlayConfig.overlays[0].children[2]"
"4","蒙德","空之神殿","大方广之间","大方广之间 · 图书馆二层（书页内）","大方广之间 · 图书馆二层（书页内）","地图分层子项","","","layer:A:MD:SHENDIAN:MAHAVAIPULYA_CHAMBER/MAHAVAIPULYA_CHAMBER_LIB_FL2_INPAGE","layer:A:MD:SHENDIAN:MAHAVAIPULYA_CHAMBER","","55","A:MD:SHENDIAN","MAHAVAIPULYA_CHAMBER_LIB_FL2_INPAGE","underground + overlay","蒙德 / 空之神殿 / 大方广之间 / 大方广之间 · 图书馆二层（书页内）","未标记默认隐藏","","plugins[""A:MD:SHENDIAN""].extraConfig.underground.levels[0].children[3] ; plugins[""A:MD:SHENDIAN""].overlayConfig.overlays[0].children[3]"
"4","蒙德","空之神殿","大方广之间","大方广之间 · 图书馆一层","大方广之间 · 图书馆一层","地图分层子项","","","layer:A:MD:SHENDIAN:MAHAVAIPULYA_CHAMBER/MAHAVAIPULYA_CHAMBER_LIB_FL1","layer:A:MD:SHENDIAN:MAHAVAIPULYA_CHAMBER","","55","A:MD:SHENDIAN","MAHAVAIPULYA_CHAMBER_LIB_FL1","underground + overlay","蒙德 / 空之神殿 / 大方广之间 / 大方广之间 · 图书馆一层","未标记默认隐藏","","plugins[""A:MD:SHENDIAN""].extraConfig.underground.levels[0].children[4] ; plugins[""A:MD:SHENDIAN""].overlayConfig.overlays[0].children[4]"
"3","蒙德","空之神殿","沙上楼阁","","沙上楼阁","地图分层目录","","","layer:A:MD:SHENDIAN:DESERT_PAVILION","area:A:MD:SHENDIAN","","55","A:MD:SHENDIAN","DESERT_PAVILION","underground + overlay","蒙德 / 空之神殿 / 沙上楼阁","未标记默认隐藏","","plugins[""A:MD:SHENDIAN""].extraConfig.underground.levels[1] ; plugins[""A:MD:SHENDIAN""].overlayConfig.overlays[1]"
"4","蒙德","空之神殿","沙上楼阁","沙上楼阁 · 倒影","沙上楼阁 · 倒影","地图分层子项","","","layer:A:MD:SHENDIAN:DESERT_PAVILION/DESERT_PAVILION_SHUT","layer:A:MD:SHENDIAN:DESERT_PAVILION","","55","A:MD:SHENDIAN","DESERT_PAVILION_SHUT","underground + overlay","蒙德 / 空之神殿 / 沙上楼阁 / 沙上楼阁 · 倒影","未标记默认隐藏","","plugins[""A:MD:SHENDIAN""].extraConfig.underground.levels[1].children[0] ; plugins[""A:MD:SHENDIAN""].overlayConfig.overlays[1].children[0]"
"3","蒙德","空之神殿","空之柱殿","","空之柱殿","地图分层目录","","","layer:A:MD:SHENDIAN:SPACE_PILLAR_HALL","area:A:MD:SHENDIAN","","55","A:MD:SHENDIAN","SPACE_PILLAR_HALL","underground + overlay","蒙德 / 空之神殿 / 空之柱殿","未标记默认隐藏","","plugins[""A:MD:SHENDIAN""].extraConfig.underground.levels[2] ; plugins[""A:MD:SHENDIAN""].overlayConfig.overlays[2]"
"4","蒙德","空之神殿","空之柱殿","空之柱殿 · 前厅","空之柱殿 · 前厅","地图分层子项","","","layer:A:MD:SHENDIAN:SPACE_PILLAR_HALL/SPACE_PILLAR_HALL_FRONT_CHAMBER","layer:A:MD:SHENDIAN:SPACE_PILLAR_HALL","","55","A:MD:SHENDIAN","SPACE_PILLAR_HALL_FRONT_CHAMBER","underground + overlay","蒙德 / 空之神殿 / 空之柱殿 / 空之柱殿 · 前厅","未标记默认隐藏","","plugins[""A:MD:SHENDIAN""].extraConfig.underground.levels[2].children[0] ; plugins[""A:MD:SHENDIAN""].overlayConfig.overlays[2].children[0]"
"4","蒙德","空之神殿","空之柱殿","空之柱殿 · 后厅","空之柱殿 · 后厅","地图分层子项","","","layer:A:MD:SHENDIAN:SPACE_PILLAR_HALL/SPACE_PILLAR_HALL_BACK_CHAMBER","layer:A:MD:SHENDIAN:SPACE_PILLAR_HALL","","55","A:MD:SHENDIAN","SPACE_PILLAR_HALL_BACK_CHAMBER","underground + overlay","蒙德 / 空之神殿 / 空之柱殿 / 空之柱殿 · 后厅","未标记默认隐藏","","plugins[""A:MD:SHENDIAN""].extraConfig.underground.levels[2].children[1] ; plugins[""A:MD:SHENDIAN""].overlayConfig.overlays[2].children[1]"
"3","蒙德","空之神殿","柱殿中央区","","柱殿中央区","地图分层目录","","","layer:A:MD:SHENDIAN:SPACE_PILLAR_HALL_CENTER","area:A:MD:SHENDIAN","","55","A:MD:SHENDIAN","SPACE_PILLAR_HALL_CENTER","underground + overlay","蒙德 / 空之神殿 / 柱殿中央区","未标记默认隐藏","","plugins[""A:MD:SHENDIAN""].extraConfig.underground.levels[3] ; plugins[""A:MD:SHENDIAN""].overlayConfig.overlays[3]"
"4","蒙德","空之神殿","柱殿中央区","无覆之间 · 一层","无覆之间 · 一层","地图分层子项","","","layer:A:MD:SHENDIAN:SPACE_PILLAR_HALL_CENTER/UNOBSCURED_SPHERE_FL1","layer:A:MD:SHENDIAN:SPACE_PILLAR_HALL_CENTER","","55","A:MD:SHENDIAN","UNOBSCURED_SPHERE_FL1","underground + overlay","蒙德 / 空之神殿 / 柱殿中央区 / 无覆之间 · 一层","未标记默认隐藏","","plugins[""A:MD:SHENDIAN""].extraConfig.underground.levels[3].children[0] ; plugins[""A:MD:SHENDIAN""].overlayConfig.overlays[3].children[0]"
"4","蒙德","空之神殿","柱殿中央区","无覆之间 · 二层","无覆之间 · 二层","地图分层子项","","","layer:A:MD:SHENDIAN:SPACE_PILLAR_HALL_CENTER/UNOBSCURED_SPHERE_FL2","layer:A:MD:SHENDIAN:SPACE_PILLAR_HALL_CENTER","","55","A:MD:SHENDIAN","UNOBSCURED_SPHERE_FL2","underground + overlay","蒙德 / 空之神殿 / 柱殿中央区 / 无覆之间 · 二层","未标记默认隐藏","","plugins[""A:MD:SHENDIAN""].extraConfig.underground.levels[3].children[1] ; plugins[""A:MD:SHENDIAN""].overlayConfig.overlays[3].children[1]"
"4","蒙德","空之神殿","柱殿中央区","无覆之间 · 三层","无覆之间 · 三层","地图分层子项","","","layer:A:MD:SHENDIAN:SPACE_PILLAR_HALL_CENTER/UNOBSCURED_SPHERE_FL3","layer:A:MD:SHENDIAN:SPACE_PILLAR_HALL_CENTER","","55","A:MD:SHENDIAN","UNOBSCURED_SPHERE_FL3","underground + overlay","蒙德 / 空之神殿 / 柱殿中央区 / 无覆之间 · 三层","未标记默认隐藏","","plugins[""A:MD:SHENDIAN""].extraConfig.underground.levels[3].children[2] ; plugins[""A:MD:SHENDIAN""].overlayConfig.overlays[3].children[2]"
"4","蒙德","空之神殿","柱殿中央区","无明之间 · 一层","无明之间 · 一层","地图分层子项","","","layer:A:MD:SHENDIAN:SPACE_PILLAR_HALL_CENTER/AVIDYA_CHAMBER_FL1","layer:A:MD:SHENDIAN:SPACE_PILLAR_HALL_CENTER","","55","A:MD:SHENDIAN","AVIDYA_CHAMBER_FL1","underground + overlay","蒙德 / 空之神殿 / 柱殿中央区 / 无明之间 · 一层","未标记默认隐藏","","plugins[""A:MD:SHENDIAN""].extraConfig.underground.levels[3].children[3] ; plugins[""A:MD:SHENDIAN""].overlayConfig.overlays[3].children[3]"
"4","蒙德","空之神殿","柱殿中央区","无想之间","无想之间","地图分层子项","","","layer:A:MD:SHENDIAN:SPACE_PILLAR_HALL_CENTER/APATHIC_INTERVAL","layer:A:MD:SHENDIAN:SPACE_PILLAR_HALL_CENTER","","55","A:MD:SHENDIAN","APATHIC_INTERVAL","underground + overlay","蒙德 / 空之神殿 / 柱殿中央区 / 无想之间","未标记默认隐藏","","plugins[""A:MD:SHENDIAN""].extraConfig.underground.levels[3].children[4] ; plugins[""A:MD:SHENDIAN""].overlayConfig.overlays[3].children[4]"
"3","蒙德","空之神殿","摹忆中枢","","摹忆中枢","地图分层目录","","","layer:A:MD:SHENDIAN:SIMULACRUM_HUB","area:A:MD:SHENDIAN","","55","A:MD:SHENDIAN","SIMULACRUM_HUB","underground + overlay","蒙德 / 空之神殿 / 摹忆中枢","未标记默认隐藏","","plugins[""A:MD:SHENDIAN""].extraConfig.underground.levels[4] ; plugins[""A:MD:SHENDIAN""].overlayConfig.overlays[4]"
"4","蒙德","空之神殿","摹忆中枢","非有非无有之笼","非有非无有之笼","地图分层子项","","","layer:A:MD:SHENDIAN:SIMULACRUM_HUB/NEITHER_BE_NOR_NONBE_CAGE","layer:A:MD:SHENDIAN:SIMULACRUM_HUB","","55","A:MD:SHENDIAN","NEITHER_BE_NOR_NONBE_CAGE","underground + overlay","蒙德 / 空之神殿 / 摹忆中枢 / 非有非无有之笼","未标记默认隐藏","","plugins[""A:MD:SHENDIAN""].extraConfig.underground.levels[4].children[0] ; plugins[""A:MD:SHENDIAN""].overlayConfig.overlays[4].children[0]"
"4","蒙德","空之神殿","摹忆中枢","非有非无有之笼 · 偏观","非有非无有之笼 · 偏观","地图分层子项","","","layer:A:MD:SHENDIAN:SIMULACRUM_HUB/NEITHER_BE_NOR_NONBE_CAGE_PARTIAL_ABBEY","layer:A:MD:SHENDIAN:SIMULACRUM_HUB","","55","A:MD:SHENDIAN","NEITHER_BE_NOR_NONBE_CAGE_PARTIAL_ABBEY","underground + overlay","蒙德 / 空之神殿 / 摹忆中枢 / 非有非无有之笼 · 偏观","未标记默认隐藏","","plugins[""A:MD:SHENDIAN""].extraConfig.underground.levels[4].children[1] ; plugins[""A:MD:SHENDIAN""].overlayConfig.overlays[4].children[1]"
"4","蒙德","空之神殿","摹忆中枢","摹忆中枢","摹忆中枢","地图分层子项","","","layer:A:MD:SHENDIAN:SIMULACRUM_HUB/SIMULACRUM_HUB","layer:A:MD:SHENDIAN:SIMULACRUM_HUB","","55","A:MD:SHENDIAN","SIMULACRUM_HUB","underground + overlay","蒙德 / 空之神殿 / 摹忆中枢 / 摹忆中枢","未标记默认隐藏","","plugins[""A:MD:SHENDIAN""].extraConfig.underground.levels[4].children[2] ; plugins[""A:MD:SHENDIAN""].overlayConfig.overlays[4].children[2]"
"4","蒙德","空之神殿","摹忆中枢","正觉之间","正觉之间","地图分层子项","","","layer:A:MD:SHENDIAN:SIMULACRUM_HUB/SAMBODHI_CHAMBER","layer:A:MD:SHENDIAN:SIMULACRUM_HUB","","55","A:MD:SHENDIAN","SAMBODHI_CHAMBER","underground + overlay","蒙德 / 空之神殿 / 摹忆中枢 / 正觉之间","未标记默认隐藏","","plugins[""A:MD:SHENDIAN""].extraConfig.underground.levels[4].children[3] ; plugins[""A:MD:SHENDIAN""].overlayConfig.overlays[4].children[3]"
"1","璃月","","","","璃月","顶级分类","","","area:C:LY","","1","1","C:LY","","area-api","璃月","未标记默认隐藏","","area[id=1]"
"2","璃月","璃月","","","璃月","API地区","","","area:A:LY:LIYUE","area:C:LY","2","2","A:LY:LIYUE","","area-api","璃月 / 璃月","未标记默认隐藏","","area[id=2]"
"2","璃月","层岩巨渊","","","层岩巨渊","API地区","","","area:A:LY:CENGYAN","area:C:LY","3","3","A:LY:CENGYAN","","area-api","璃月 / 层岩巨渊","未标记默认隐藏","","area[id=3]"
"2","璃月","地下矿区","","","地下矿区","API地区","","","area:A:LY:CENGYAN_UG","area:C:LY","4","4","A:LY:CENGYAN_UG","","area-api","璃月 / 地下矿区","未标记默认隐藏","","area[id=4]"
"2","璃月","沉玉谷","","","沉玉谷","API地区","","","area:A:LY:CHENYUGU","area:C:LY","34","34","A:LY:CHENYUGU","","area-api","璃月 / 沉玉谷","未标记默认隐藏","","area[id=34]"
"3","璃月","沉玉谷","沉玉谷 · 南陵","","沉玉谷 · 南陵","地图分层目录","","","layer:A:LY:CHENYUGU:CHENYU_VALLEY_SOUTH","area:A:LY:CHENYUGU","","34","A:LY:CHENYUGU","CHENYU_VALLEY_SOUTH","underground + overlay","璃月 / 沉玉谷 / 沉玉谷 · 南陵","未标记默认隐藏","","plugins[""A:LY:CHENYUGU""].extraConfig.underground.levels[0] ; plugins[""A:LY:CHENYUGU""].overlayConfig.overlays[0]"
"4","璃月","沉玉谷","沉玉谷 · 南陵","黄琮墟","黄琮墟","地图分层子项","","","layer:A:LY:CHENYUGU:CHENYU_VALLEY_SOUTH/HUANGCONG_RUIN","layer:A:LY:CHENYUGU:CHENYU_VALLEY_SOUTH","","34","A:LY:CHENYUGU","HUANGCONG_RUIN","underground + overlay","璃月 / 沉玉谷 / 沉玉谷 · 南陵 / 黄琮墟","未标记默认隐藏","","plugins[""A:LY:CHENYUGU""].extraConfig.underground.levels[0].children[0] ; plugins[""A:LY:CHENYUGU""].overlayConfig.overlays[0].children[0]"
"4","璃月","沉玉谷","沉玉谷 · 南陵","伏仙洞","伏仙洞","地图分层子项","","","layer:A:LY:CHENYUGU:CHENYU_VALLEY_SOUTH/ADEPTUS_REPOSE","layer:A:LY:CHENYUGU:CHENYU_VALLEY_SOUTH","","34","A:LY:CHENYUGU","ADEPTUS_REPOSE","underground + overlay","璃月 / 沉玉谷 / 沉玉谷 · 南陵 / 伏仙洞","未标记默认隐藏","","plugins[""A:LY:CHENYUGU""].extraConfig.underground.levels[0].children[1] ; plugins[""A:LY:CHENYUGU""].overlayConfig.overlays[0].children[1]"
"4","璃月","沉玉谷","沉玉谷 · 南陵","灵枢庭","灵枢庭","地图分层子项","","","layer:A:LY:CHENYUGU:CHENYU_VALLEY_SOUTH/LINGSHU_COURTYARD","layer:A:LY:CHENYUGU:CHENYU_VALLEY_SOUTH","","34","A:LY:CHENYUGU","LINGSHU_COURTYARD","underground + overlay","璃月 / 沉玉谷 / 沉玉谷 · 南陵 / 灵枢庭","未标记默认隐藏","","plugins[""A:LY:CHENYUGU""].extraConfig.underground.levels[0].children[2] ; plugins[""A:LY:CHENYUGU""].overlayConfig.overlays[0].children[2]"
"3","璃月","沉玉谷","沉玉谷 · 上谷","","沉玉谷 · 上谷","地图分层目录","","","layer:A:LY:CHENYUGU:CHENYU_VALLEY_UPPER","area:A:LY:CHENYUGU","","34","A:LY:CHENYUGU","CHENYU_VALLEY_UPPER","underground + overlay","璃月 / 沉玉谷 / 沉玉谷 · 上谷","未标记默认隐藏","","plugins[""A:LY:CHENYUGU""].extraConfig.underground.levels[1] ; plugins[""A:LY:CHENYUGU""].overlayConfig.overlays[1]"
"4","璃月","沉玉谷","沉玉谷 · 上谷","王山厅 · 正堂","王山厅 · 正堂","地图分层子项","","","layer:A:LY:CHENYUGU:CHENYU_VALLEY_UPPER/WANGSHAN_HALL_MAIN","layer:A:LY:CHENYUGU:CHENYU_VALLEY_UPPER","","34","A:LY:CHENYUGU","WANGSHAN_HALL_MAIN","underground + overlay","璃月 / 沉玉谷 / 沉玉谷 · 上谷 / 王山厅 · 正堂","未标记默认隐藏","","plugins[""A:LY:CHENYUGU""].extraConfig.underground.levels[1].children[0] ; plugins[""A:LY:CHENYUGU""].overlayConfig.overlays[1].children[0]"
"4","璃月","沉玉谷","沉玉谷 · 上谷","王山厅 · 秘阁","王山厅 · 秘阁","地图分层子项","","","layer:A:LY:CHENYUGU:CHENYU_VALLEY_UPPER/WANGSHAN_HALL_SECRET","layer:A:LY:CHENYUGU:CHENYU_VALLEY_UPPER","","34","A:LY:CHENYUGU","WANGSHAN_HALL_SECRET","underground + overlay","璃月 / 沉玉谷 / 沉玉谷 · 上谷 / 王山厅 · 秘阁","未标记默认隐藏","","plugins[""A:LY:CHENYUGU""].extraConfig.underground.levels[1].children[1] ; plugins[""A:LY:CHENYUGU""].overlayConfig.overlays[1].children[1]"
"4","璃月","沉玉谷","沉玉谷 · 上谷","古老的山洞","古老的山洞","地图分层子项","","","layer:A:LY:CHENYUGU:CHENYU_VALLEY_UPPER/CHENYU_ANCIENT_CAVE","layer:A:LY:CHENYUGU:CHENYU_VALLEY_UPPER","","34","A:LY:CHENYUGU","CHENYU_ANCIENT_CAVE","underground + overlay","璃月 / 沉玉谷 / 沉玉谷 · 上谷 / 古老的山洞","未标记默认隐藏","","plugins[""A:LY:CHENYUGU""].extraConfig.underground.levels[1].children[2] ; plugins[""A:LY:CHENYUGU""].overlayConfig.overlays[1].children[2]"
"4","璃月","沉玉谷","沉玉谷 · 上谷","沉珑渊府","沉珑渊府","地图分层子项","","","layer:A:LY:CHENYUGU:CHENYU_VALLEY_UPPER/CHENLONG_POOL_COURTYARD","layer:A:LY:CHENYUGU:CHENYU_VALLEY_UPPER","","34","A:LY:CHENYUGU","CHENLONG_POOL_COURTYARD","underground + overlay","璃月 / 沉玉谷 / 沉玉谷 · 上谷 / 沉珑渊府","未标记默认隐藏","","plugins[""A:LY:CHENYUGU""].extraConfig.underground.levels[1].children[3] ; plugins[""A:LY:CHENYUGU""].overlayConfig.overlays[1].children[3]"
"3","璃月","沉玉谷","来歆山","","来歆山","地图分层目录","","","layer:A:LY:CHENYUGU:LAIXIN_MT","area:A:LY:CHENYUGU","","34","A:LY:CHENYUGU","LAIXIN_MT","underground + overlay","璃月 / 沉玉谷 / 来歆山","未标记默认隐藏","","plugins[""A:LY:CHENYUGU""].extraConfig.underground.levels[2] ; plugins[""A:LY:CHENYUGU""].overlayConfig.overlays[2]"
"4","璃月","沉玉谷","来歆山","锦落庭","锦落庭","地图分层子项","","","layer:A:LY:CHENYUGU:LAIXIN_MT/FALLEN_BROCADE_COURTYARD","layer:A:LY:CHENYUGU:LAIXIN_MT","","34","A:LY:CHENYUGU","FALLEN_BROCADE_COURTYARD","underground + overlay","璃月 / 沉玉谷 / 来歆山 / 锦落庭","未标记默认隐藏","","plugins[""A:LY:CHENYUGU""].extraConfig.underground.levels[2].children[0] ; plugins[""A:LY:CHENYUGU""].overlayConfig.overlays[2].children[0]"
"1","金苹果群岛","","","","金苹果群岛","顶级分类","","","area:C:APPLE","","7","7","C:APPLE","","area-api","金苹果群岛","包含默认隐藏分类","","area[id=7]"
"2","金苹果群岛","金苹果群岛(1.6)","","","金苹果群岛(1.6)","API地区","","","area:A:APPLE:1_6","area:C:APPLE","8","8","A:APPLE:1_6","","area-api","金苹果群岛 / 金苹果群岛(1.6)","包含默认隐藏分类","","area[id=8]"
"3","金苹果群岛","金苹果群岛(1.6)","金苹果群岛","","金苹果群岛","地图分层目录","","","layer:A:APPLE:1_6:*GOLDEN_APPLE_ISLAND_1_6","area:A:APPLE:1_6","","8","A:APPLE:1_6","*GOLDEN_APPLE_ISLAND_1_6","overlay","金苹果群岛 / 金苹果群岛(1.6) / 金苹果群岛","包含默认隐藏分类","","plugins[""A:APPLE:1_6""].overlayConfig.overlays[0]"
"4","金苹果群岛","金苹果群岛(1.6)","金苹果群岛","第一阶段","第一阶段","地图分层子项","","","layer:A:APPLE:1_6:*GOLDEN_APPLE_ISLAND_1_6/Map_1.6_A","layer:A:APPLE:1_6:*GOLDEN_APPLE_ISLAND_1_6","","8","A:APPLE:1_6","Map_1.6_A","overlay","金苹果群岛 / 金苹果群岛(1.6) / 金苹果群岛 / 第一阶段","包含默认隐藏分类","","plugins[""A:APPLE:1_6""].overlayConfig.overlays[0].children[0]"
"4","金苹果群岛","金苹果群岛(1.6)","金苹果群岛","第二阶段","第二阶段","地图分层子项","","","layer:A:APPLE:1_6:*GOLDEN_APPLE_ISLAND_1_6/Map_1.6_B","layer:A:APPLE:1_6:*GOLDEN_APPLE_ISLAND_1_6","","8","A:APPLE:1_6","Map_1.6_B","overlay","金苹果群岛 / 金苹果群岛(1.6) / 金苹果群岛 / 第二阶段","包含默认隐藏分类","","plugins[""A:APPLE:1_6""].overlayConfig.overlays[0].children[1]"
"2","金苹果群岛","金苹果群岛(2.8)","","","金苹果群岛(2.8)","API地区","","","area:A:APPLE:2_8","area:C:APPLE","10","10","A:APPLE:2_8","","area-api","金苹果群岛 / 金苹果群岛(2.8)","包含默认隐藏分类","","area[id=10]"
"3","金苹果群岛","金苹果群岛(2.8)","危危岛","","危危岛","地图分层目录","","","layer:A:APPLE:2_8:ww","area:A:APPLE:2_8","","10","A:APPLE:2_8","ww","overlay","金苹果群岛 / 金苹果群岛(2.8) / 危危岛","包含默认隐藏分类","","plugins[""A:APPLE:2_8""].overlayConfig.overlays[0]"
"4","金苹果群岛","金苹果群岛(2.8)","危危岛","初始","初始","地图分层子项","","","layer:A:APPLE:2_8:ww/0","layer:A:APPLE:2_8:ww","","10","A:APPLE:2_8","0","overlay","金苹果群岛 / 金苹果群岛(2.8) / 危危岛 / 初始","包含默认隐藏分类","","plugins[""A:APPLE:2_8""].overlayConfig.overlays[0].children[0]"
"4","金苹果群岛","金苹果群岛(2.8)","危危岛","沉入水面","沉入水面","地图分层子项","","","layer:A:APPLE:2_8:ww/1","layer:A:APPLE:2_8:ww","","10","A:APPLE:2_8","1","overlay","金苹果群岛 / 金苹果群岛(2.8) / 危危岛 / 沉入水面","包含默认隐藏分类","","plugins[""A:APPLE:2_8""].overlayConfig.overlays[0].children[1]"
"3","金苹果群岛","金苹果群岛(2.8)","破破岛","","破破岛","地图分层目录","","","layer:A:APPLE:2_8:pp","area:A:APPLE:2_8","","10","A:APPLE:2_8","pp","overlay","金苹果群岛 / 金苹果群岛(2.8) / 破破岛","包含默认隐藏分类","","plugins[""A:APPLE:2_8""].overlayConfig.overlays[1]"
"4","金苹果群岛","金苹果群岛(2.8)","破破岛","初始","初始","地图分层子项","","","layer:A:APPLE:2_8:pp/0","layer:A:APPLE:2_8:pp","","10","A:APPLE:2_8","0","overlay","金苹果群岛 / 金苹果群岛(2.8) / 破破岛 / 初始","包含默认隐藏分类","","plugins[""A:APPLE:2_8""].overlayConfig.overlays[1].children[0]"
"4","金苹果群岛","金苹果群岛(2.8)","破破岛","低","低","地图分层子项","","","layer:A:APPLE:2_8:pp/1","layer:A:APPLE:2_8:pp","","10","A:APPLE:2_8","1","overlay","金苹果群岛 / 金苹果群岛(2.8) / 破破岛 / 低","包含默认隐藏分类","","plugins[""A:APPLE:2_8""].overlayConfig.overlays[1].children[1]"
"4","金苹果群岛","金苹果群岛(2.8)","破破岛","高","高","地图分层子项","","","layer:A:APPLE:2_8:pp/2","layer:A:APPLE:2_8:pp","","10","A:APPLE:2_8","2","overlay","金苹果群岛 / 金苹果群岛(2.8) / 破破岛 / 高","包含默认隐藏分类","","plugins[""A:APPLE:2_8""].overlayConfig.overlays[1].children[2]"
"3","金苹果群岛","金苹果群岛(2.8)","双双岛","","双双岛","地图分层目录","","","layer:A:APPLE:2_8:ss","area:A:APPLE:2_8","","10","A:APPLE:2_8","ss","overlay","金苹果群岛 / 金苹果群岛(2.8) / 双双岛","包含默认隐藏分类","","plugins[""A:APPLE:2_8""].overlayConfig.overlays[2]"
"4","金苹果群岛","金苹果群岛(2.8)","双双岛","初始","初始","地图分层子项","","","layer:A:APPLE:2_8:ss/0","layer:A:APPLE:2_8:ss","","10","A:APPLE:2_8","0","overlay","金苹果群岛 / 金苹果群岛(2.8) / 双双岛 / 初始","包含默认隐藏分类","","plugins[""A:APPLE:2_8""].overlayConfig.overlays[2].children[0]"
"4","金苹果群岛","金苹果群岛(2.8)","双双岛","最终形态","最终形态","地图分层子项","","","layer:A:APPLE:2_8:ss/3","layer:A:APPLE:2_8:ss","","10","A:APPLE:2_8","3","overlay","金苹果群岛 / 金苹果群岛(2.8) / 双双岛 / 最终形态","包含默认隐藏分类","","plugins[""A:APPLE:2_8""].overlayConfig.overlays[2].children[1]"
"3","金苹果群岛","金苹果群岛(2.8)","布丁岛","","布丁岛","地图分层目录","","","layer:A:APPLE:2_8:bd","area:A:APPLE:2_8","","10","A:APPLE:2_8","bd","overlay","金苹果群岛 / 金苹果群岛(2.8) / 布丁岛","包含默认隐藏分类","","plugins[""A:APPLE:2_8""].overlayConfig.overlays[3]"
"4","金苹果群岛","金苹果群岛(2.8)","布丁岛","初始","初始","地图分层子项","","","layer:A:APPLE:2_8:bd/0","layer:A:APPLE:2_8:bd","","10","A:APPLE:2_8","0","overlay","金苹果群岛 / 金苹果群岛(2.8) / 布丁岛 / 初始","包含默认隐藏分类","","plugins[""A:APPLE:2_8""].overlayConfig.overlays[3].children[0]"
"4","金苹果群岛","金苹果群岛(2.8)","布丁岛","优悠-优悠","优悠-优悠","地图分层子项","","","layer:A:APPLE:2_8:bd/1","layer:A:APPLE:2_8:bd","","10","A:APPLE:2_8","1","overlay","金苹果群岛 / 金苹果群岛(2.8) / 布丁岛 / 优悠-优悠","包含默认隐藏分类","","plugins[""A:APPLE:2_8""].overlayConfig.overlays[3].children[1]"
"4","金苹果群岛","金苹果群岛(2.8)","布丁岛","优悠-浮光","优悠-浮光","地图分层子项","","","layer:A:APPLE:2_8:bd/2","layer:A:APPLE:2_8:bd","","10","A:APPLE:2_8","2","overlay","金苹果群岛 / 金苹果群岛(2.8) / 布丁岛 / 优悠-浮光","包含默认隐藏分类","","plugins[""A:APPLE:2_8""].overlayConfig.overlays[3].children[2]"
"4","金苹果群岛","金苹果群岛(2.8)","布丁岛","优悠-磐固","优悠-磐固","地图分层子项","","","layer:A:APPLE:2_8:bd/3","layer:A:APPLE:2_8:bd","","10","A:APPLE:2_8","3","overlay","金苹果群岛 / 金苹果群岛(2.8) / 布丁岛 / 优悠-磐固","包含默认隐藏分类","","plugins[""A:APPLE:2_8""].overlayConfig.overlays[3].children[3]"
"4","金苹果群岛","金苹果群岛(2.8)","布丁岛","磐固-优悠","磐固-优悠","地图分层子项","","","layer:A:APPLE:2_8:bd/7","layer:A:APPLE:2_8:bd","","10","A:APPLE:2_8","7","overlay","金苹果群岛 / 金苹果群岛(2.8) / 布丁岛 / 磐固-优悠","包含默认隐藏分类","","plugins[""A:APPLE:2_8""].overlayConfig.overlays[3].children[4]"
"4","金苹果群岛","金苹果群岛(2.8)","布丁岛","磐固-浮光","磐固-浮光","地图分层子项","","","layer:A:APPLE:2_8:bd/8","layer:A:APPLE:2_8:bd","","10","A:APPLE:2_8","8","overlay","金苹果群岛 / 金苹果群岛(2.8) / 布丁岛 / 磐固-浮光","包含默认隐藏分类","","plugins[""A:APPLE:2_8""].overlayConfig.overlays[3].children[5]"
"4","金苹果群岛","金苹果群岛(2.8)","布丁岛","磐固-磐固","磐固-磐固","地图分层子项","","","layer:A:APPLE:2_8:bd/9","layer:A:APPLE:2_8:bd","","10","A:APPLE:2_8","9","overlay","金苹果群岛 / 金苹果群岛(2.8) / 布丁岛 / 磐固-磐固","包含默认隐藏分类","","plugins[""A:APPLE:2_8""].overlayConfig.overlays[3].children[6]"
"4","金苹果群岛","金苹果群岛(2.8)","布丁岛","浮光-优悠","浮光-优悠","地图分层子项","","","layer:A:APPLE:2_8:bd/4","layer:A:APPLE:2_8:bd","","10","A:APPLE:2_8","4","overlay","金苹果群岛 / 金苹果群岛(2.8) / 布丁岛 / 浮光-优悠","包含默认隐藏分类","","plugins[""A:APPLE:2_8""].overlayConfig.overlays[3].children[7]"
"4","金苹果群岛","金苹果群岛(2.8)","布丁岛","浮光-浮光","浮光-浮光","地图分层子项","","","layer:A:APPLE:2_8:bd/5","layer:A:APPLE:2_8:bd","","10","A:APPLE:2_8","5","overlay","金苹果群岛 / 金苹果群岛(2.8) / 布丁岛 / 浮光-浮光","包含默认隐藏分类","","plugins[""A:APPLE:2_8""].overlayConfig.overlays[3].children[8]"
"4","金苹果群岛","金苹果群岛(2.8)","布丁岛","浮光-磐固","浮光-磐固","地图分层子项","","","layer:A:APPLE:2_8:bd/6","layer:A:APPLE:2_8:bd","","10","A:APPLE:2_8","6","overlay","金苹果群岛 / 金苹果群岛(2.8) / 布丁岛 / 浮光-磐固","包含默认隐藏分类","","plugins[""A:APPLE:2_8""].overlayConfig.overlays[3].children[9]"
"1","稻妻","","","","稻妻","顶级分类","","","area:C:DQ","","11","11","C:DQ","","area-api","稻妻","未标记默认隐藏","","area[id=11]"
"2","稻妻","鸣神岛、神无冢、八酝岛","","","鸣神岛、神无冢、八酝岛","API地区","","","area:A:DQ:1","area:C:DQ","12","12","A:DQ:1","","area-api","稻妻 / 鸣神岛、神无冢、八酝岛","未标记默认隐藏","","area[id=12]"
"3","稻妻","鸣神岛、神无冢、八酝岛","荒海遗迹","","荒海遗迹","地图分层目录","","","layer:A:DQ:1:ARAUMI_RUIN","area:A:DQ:1","","12","A:DQ:1","ARAUMI_RUIN","underground + overlay","稻妻 / 鸣神岛、神无冢、八酝岛 / 荒海遗迹","未标记默认隐藏","","plugins[""A:DQ:1""].extraConfig.underground.levels[0] ; plugins[""A:DQ:1""].overlayConfig.overlays[0]"
"4","稻妻","鸣神岛、神无冢、八酝岛","荒海遗迹","荒海遗迹 · 地下一层","荒海遗迹 · 地下一层","地图分层子项","","","layer:A:DQ:1:ARAUMI_RUIN/ARAUMI_RUIN_UG1","layer:A:DQ:1:ARAUMI_RUIN","","12","A:DQ:1","ARAUMI_RUIN_UG1","underground + overlay","稻妻 / 鸣神岛、神无冢、八酝岛 / 荒海遗迹 / 荒海遗迹 · 地下一层","未标记默认隐藏","","plugins[""A:DQ:1""].extraConfig.underground.levels[0].children[0] ; plugins[""A:DQ:1""].overlayConfig.overlays[0].children[0]"
"4","稻妻","鸣神岛、神无冢、八酝岛","荒海遗迹","荒海遗迹 · 地下二层","荒海遗迹 · 地下二层","地图分层子项","","","layer:A:DQ:1:ARAUMI_RUIN/ARAUMI_RUIN_UG2","layer:A:DQ:1:ARAUMI_RUIN","","12","A:DQ:1","ARAUMI_RUIN_UG2","underground + overlay","稻妻 / 鸣神岛、神无冢、八酝岛 / 荒海遗迹 / 荒海遗迹 · 地下二层","未标记默认隐藏","","plugins[""A:DQ:1""].extraConfig.underground.levels[0].children[1] ; plugins[""A:DQ:1""].overlayConfig.overlays[0].children[1]"
"2","稻妻","清籁岛、海祇岛","","","清籁岛、海祇岛","API地区","","","area:A:DQ:2","area:C:DQ","13","13","A:DQ:2","","area-api","稻妻 / 清籁岛、海祇岛","未标记默认隐藏","","area[id=13]"
"2","稻妻","鹤观","","","鹤观","API地区","","","area:A:DQ:HEGUAN","area:C:DQ","14","14","A:DQ:HEGUAN","","area-api","稻妻 / 鹤观","未标记默认隐藏","","area[id=14]"
"3","稻妻","鹤观","鹤观遗迹","","鹤观遗迹","地图分层目录","","","layer:A:DQ:HEGUAN:TSURUMI_RUIN","area:A:DQ:HEGUAN","","14","A:DQ:HEGUAN","TSURUMI_RUIN","underground + overlay","稻妻 / 鹤观 / 鹤观遗迹","未标记默认隐藏","","plugins[""A:DQ:HEGUAN""].extraConfig.underground.levels[0] ; plugins[""A:DQ:HEGUAN""].overlayConfig.overlays[0]"
"4","稻妻","鹤观","鹤观遗迹","鹤观遗迹 · 上层","鹤观遗迹 · 上层","地图分层子项","","","layer:A:DQ:HEGUAN:TSURUMI_RUIN/TSURUMI_RUIN_UG1","layer:A:DQ:HEGUAN:TSURUMI_RUIN","","14","A:DQ:HEGUAN","TSURUMI_RUIN_UG1","underground + overlay","稻妻 / 鹤观 / 鹤观遗迹 / 鹤观遗迹 · 上层","未标记默认隐藏","","plugins[""A:DQ:HEGUAN""].extraConfig.underground.levels[0].children[0] ; plugins[""A:DQ:HEGUAN""].overlayConfig.overlays[0].children[0]"
"4","稻妻","鹤观","鹤观遗迹","鹤观遗迹 · 下层","鹤观遗迹 · 下层","地图分层子项","","","layer:A:DQ:HEGUAN:TSURUMI_RUIN/TSURUMI_RUIN_UG2","layer:A:DQ:HEGUAN:TSURUMI_RUIN","","14","A:DQ:HEGUAN","TSURUMI_RUIN_UG2","underground + overlay","稻妻 / 鹤观 / 鹤观遗迹 / 鹤观遗迹 · 下层","未标记默认隐藏","","plugins[""A:DQ:HEGUAN""].extraConfig.underground.levels[0].children[1] ; plugins[""A:DQ:HEGUAN""].overlayConfig.overlays[0].children[1]"
"2","稻妻","渊下宫","","","渊下宫","API地区","","","area:A:DQ:YUANXIAGONG","area:C:DQ","15","15","A:DQ:YUANXIAGONG","","area-api","稻妻 / 渊下宫","未标记默认隐藏","","area[id=15]"
"2","稻妻","三界路飨祭(2.5)","","","三界路飨祭(2.5)","API地区","","","area:A:DQ:SANJIE","area:C:DQ","16","16","A:DQ:SANJIE","","area-api","稻妻 / 三界路飨祭(2.5)","包含默认隐藏分类","","area[id=16]"
"1","须弥","","","","须弥","顶级分类","","","area:C:XM","","18","18","C:XM","","area-api","须弥","未标记默认隐藏","","area[id=18]"
"2","须弥","诸法丛林","","","诸法丛林","API地区","","","area:A:XM:FOREST","area:C:XM","19","19","A:XM:FOREST","","area-api","须弥 / 诸法丛林","未标记默认隐藏","","area[id=19]"
"3","须弥","诸法丛林","道成林","","道成林","地图分层目录","","","layer:A:XM:FOREST:AVIDYA_FOREST","area:A:XM:FOREST","","19","A:XM:FOREST","AVIDYA_FOREST","underground + overlay","须弥 / 诸法丛林 / 道成林","未标记默认隐藏","","plugins[""A:XM:FOREST""].extraConfig.underground.levels[0] ; plugins[""A:XM:FOREST""].overlayConfig.overlays[0]"
"4","须弥","诸法丛林","道成林","须罗蕈的藏身地","须罗蕈的藏身地","地图分层子项","","","layer:A:XM:FOREST:AVIDYA_FOREST/ZOHRAH_MUSHROOM_HIDDEN_PLACE","layer:A:XM:FOREST:AVIDYA_FOREST","","19","A:XM:FOREST","ZOHRAH_MUSHROOM_HIDDEN_PLACE","underground + overlay","须弥 / 诸法丛林 / 道成林 / 须罗蕈的藏身地","未标记默认隐藏","","plugins[""A:XM:FOREST""].extraConfig.underground.levels[0].children[0] ; plugins[""A:XM:FOREST""].overlayConfig.overlays[0].children[0]"
"4","须弥","诸法丛林","道成林","须罗蕈的受困处","须罗蕈的受困处","地图分层子项","","","layer:A:XM:FOREST:AVIDYA_FOREST/ZOHRAH_MUSHROOM_TRAPPED_PLACE","layer:A:XM:FOREST:AVIDYA_FOREST","","19","A:XM:FOREST","ZOHRAH_MUSHROOM_TRAPPED_PLACE","underground + overlay","须弥 / 诸法丛林 / 道成林 / 须罗蕈的受困处","未标记默认隐藏","","plugins[""A:XM:FOREST""].extraConfig.underground.levels[0].children[1] ; plugins[""A:XM:FOREST""].overlayConfig.overlays[0].children[1]"
"3","须弥","诸法丛林","茸蕈窟","","茸蕈窟","地图分层目录","","","layer:A:XM:FOREST:CHATRAKAM_CAVE","area:A:XM:FOREST","","19","A:XM:FOREST","CHATRAKAM_CAVE","underground + overlay","须弥 / 诸法丛林 / 茸蕈窟","未标记默认隐藏","","plugins[""A:XM:FOREST""].extraConfig.underground.levels[1] ; plugins[""A:XM:FOREST""].overlayConfig.overlays[1]"
"4","须弥","诸法丛林","茸蕈窟","茸蕈窟 · 北面地下遗迹","茸蕈窟 · 北面地下遗迹","地图分层子项","","","layer:A:XM:FOREST:CHATRAKAM_CAVE/CHATRAKAM_CAVE_NORTH_RUIN","layer:A:XM:FOREST:CHATRAKAM_CAVE","","19","A:XM:FOREST","CHATRAKAM_CAVE_NORTH_RUIN","underground + overlay","须弥 / 诸法丛林 / 茸蕈窟 / 茸蕈窟 · 北面地下遗迹","未标记默认隐藏","","plugins[""A:XM:FOREST""].extraConfig.underground.levels[1].children[0] ; plugins[""A:XM:FOREST""].overlayConfig.overlays[1].children[0]"
"4","须弥","诸法丛林","茸蕈窟","茸蕈窟 · 南面洞窟","茸蕈窟 · 南面洞窟","地图分层子项","","","layer:A:XM:FOREST:CHATRAKAM_CAVE/CHATRAKAM_CAVE_SOUTH_CAVE","layer:A:XM:FOREST:CHATRAKAM_CAVE","","19","A:XM:FOREST","CHATRAKAM_CAVE_SOUTH_CAVE","underground + overlay","须弥 / 诸法丛林 / 茸蕈窟 / 茸蕈窟 · 南面洞窟","未标记默认隐藏","","plugins[""A:XM:FOREST""].extraConfig.underground.levels[1].children[1] ; plugins[""A:XM:FOREST""].overlayConfig.overlays[1].children[1]"
"3","须弥","诸法丛林","桓那兰那","","桓那兰那","地图分层目录","","","layer:A:XM:FOREST:VANARANA","area:A:XM:FOREST","","19","A:XM:FOREST","VANARANA","underground + overlay","须弥 / 诸法丛林 / 桓那兰那","未标记默认隐藏","","plugins[""A:XM:FOREST""].extraConfig.underground.levels[2] ; plugins[""A:XM:FOREST""].overlayConfig.overlays[2]"
"4","须弥","诸法丛林","桓那兰那","桓那兰那 · 南侧小径","桓那兰那 · 南侧小径","地图分层子项","","","layer:A:XM:FOREST:VANARANA/VANARANA_SOUTH_PATH","layer:A:XM:FOREST:VANARANA","","19","A:XM:FOREST","VANARANA_SOUTH_PATH","underground + overlay","须弥 / 诸法丛林 / 桓那兰那 / 桓那兰那 · 南侧小径","未标记默认隐藏","","plugins[""A:XM:FOREST""].extraConfig.underground.levels[2].children[0] ; plugins[""A:XM:FOREST""].overlayConfig.overlays[2].children[0]"
"3","须弥","诸法丛林","维摩庄","","维摩庄","地图分层目录","","","layer:A:XM:FOREST:VIMARA_VILLAGE","area:A:XM:FOREST","","19","A:XM:FOREST","VIMARA_VILLAGE","underground + overlay","须弥 / 诸法丛林 / 维摩庄","未标记默认隐藏","","plugins[""A:XM:FOREST""].extraConfig.underground.levels[3] ; plugins[""A:XM:FOREST""].overlayConfig.overlays[3]"
"4","须弥","诸法丛林","维摩庄","迷失洞窟","迷失洞窟","地图分层子项","","","layer:A:XM:FOREST:VIMARA_VILLAGE/VIMARA_VILLAGE_LOST_CAVE","layer:A:XM:FOREST:VIMARA_VILLAGE","","19","A:XM:FOREST","VIMARA_VILLAGE_LOST_CAVE","underground + overlay","须弥 / 诸法丛林 / 维摩庄 / 迷失洞窟","未标记默认隐藏","","plugins[""A:XM:FOREST""].extraConfig.underground.levels[3].children[0] ; plugins[""A:XM:FOREST""].overlayConfig.overlays[3].children[0]"
"4","须弥","诸法丛林","维摩庄","罗因洞","罗因洞","地图分层子项","","","layer:A:XM:FOREST:VIMARA_VILLAGE/%40ROYINJAN_CAVE","layer:A:XM:FOREST:VIMARA_VILLAGE","","19","A:XM:FOREST","@ROYINJAN_CAVE","underground + overlay","须弥 / 诸法丛林 / 维摩庄 / 罗因洞","未标记默认隐藏","","plugins[""A:XM:FOREST""].extraConfig.underground.levels[3].children[1] ; plugins[""A:XM:FOREST""].overlayConfig.overlays[3].children[1]"
"3","须弥","诸法丛林","降诸魔山","","降诸魔山","地图分层目录","","","layer:A:XM:FOREST:DEVANTAKA_MT","area:A:XM:FOREST","","19","A:XM:FOREST","DEVANTAKA_MT","underground + overlay","须弥 / 诸法丛林 / 降诸魔山","未标记默认隐藏","","plugins[""A:XM:FOREST""].extraConfig.underground.levels[4] ; plugins[""A:XM:FOREST""].overlayConfig.overlays[4]"
"4","须弥","诸法丛林","降诸魔山","降诸魔山 · 巨像之下","降诸魔山 · 巨像之下","地图分层子项","","","layer:A:XM:FOREST:DEVANTAKA_MT/DEVANTAKA_MT_UNDER_GOLEM","layer:A:XM:FOREST:DEVANTAKA_MT","","19","A:XM:FOREST","DEVANTAKA_MT_UNDER_GOLEM","underground + overlay","须弥 / 诸法丛林 / 降诸魔山 / 降诸魔山 · 巨像之下","未标记默认隐藏","","plugins[""A:XM:FOREST""].extraConfig.underground.levels[4].children[0] ; plugins[""A:XM:FOREST""].overlayConfig.overlays[4].children[0]"
"4","须弥","诸法丛林","降诸魔山","降诸魔山 · 水封洞窟","降诸魔山 · 水封洞窟","地图分层子项","","","layer:A:XM:FOREST:DEVANTAKA_MT/DEVANTAKA_MT_WATER_SEALED_CAVE","layer:A:XM:FOREST:DEVANTAKA_MT","","19","A:XM:FOREST","DEVANTAKA_MT_WATER_SEALED_CAVE","underground + overlay","须弥 / 诸法丛林 / 降诸魔山 / 降诸魔山 · 水封洞窟","未标记默认隐藏","","plugins[""A:XM:FOREST""].extraConfig.underground.levels[4].children[1] ; plugins[""A:XM:FOREST""].overlayConfig.overlays[4].children[1]"
"4","须弥","诸法丛林","降诸魔山","旧窟暗道","旧窟暗道","地图分层子项","","","layer:A:XM:FOREST:DEVANTAKA_MT/OLD_CAVE_BLIND_PATH","layer:A:XM:FOREST:DEVANTAKA_MT","","19","A:XM:FOREST","OLD_CAVE_BLIND_PATH","underground + overlay","须弥 / 诸法丛林 / 降诸魔山 / 旧窟暗道","未标记默认隐藏","","plugins[""A:XM:FOREST""].extraConfig.underground.levels[4].children[2] ; plugins[""A:XM:FOREST""].overlayConfig.overlays[4].children[2]"
"4","须弥","诸法丛林","降诸魔山","迪弗旧窟","迪弗旧窟","地图分层子项","","","layer:A:XM:FOREST:DEVANTAKA_MT/DEV_CAVERN","layer:A:XM:FOREST:DEVANTAKA_MT","","19","A:XM:FOREST","DEV_CAVERN","underground + overlay","须弥 / 诸法丛林 / 降诸魔山 / 迪弗旧窟","未标记默认隐藏","","plugins[""A:XM:FOREST""].extraConfig.underground.levels[4].children[3] ; plugins[""A:XM:FOREST""].overlayConfig.overlays[4].children[3]"
"3","须弥","诸法丛林","无郁稠林","","无郁稠林","地图分层目录","","","layer:A:XM:FOREST:MAWTIYIMA_FOREST","area:A:XM:FOREST","","19","A:XM:FOREST","MAWTIYIMA_FOREST","underground + overlay","须弥 / 诸法丛林 / 无郁稠林","未标记默认隐藏","","plugins[""A:XM:FOREST""].extraConfig.underground.levels[5] ; plugins[""A:XM:FOREST""].overlayConfig.overlays[5]"
"4","须弥","诸法丛林","无郁稠林","蕈菌点亮的洞窟小径","蕈菌点亮的洞窟小径","地图分层子项","","","layer:A:XM:FOREST:MAWTIYIMA_FOREST/FUNGI_LIGHTEN_CAVE_PATH","layer:A:XM:FOREST:MAWTIYIMA_FOREST","","19","A:XM:FOREST","FUNGI_LIGHTEN_CAVE_PATH","underground + overlay","须弥 / 诸法丛林 / 无郁稠林 / 蕈菌点亮的洞窟小径","未标记默认隐藏","","plugins[""A:XM:FOREST""].extraConfig.underground.levels[5].children[0] ; plugins[""A:XM:FOREST""].overlayConfig.overlays[5].children[0]"
"4","须弥","诸法丛林","无郁稠林","无郁夷摩 · 隐匿之地","无郁夷摩 · 隐匿之地","地图分层子项","","","layer:A:XM:FOREST:MAWTIYIMA_FOREST/MAWTIYIMA_CLOAK_PLACE","layer:A:XM:FOREST:MAWTIYIMA_FOREST","","19","A:XM:FOREST","MAWTIYIMA_CLOAK_PLACE","underground + overlay","须弥 / 诸法丛林 / 无郁稠林 / 无郁夷摩 · 隐匿之地","未标记默认隐藏","","plugins[""A:XM:FOREST""].extraConfig.underground.levels[5].children[1] ; plugins[""A:XM:FOREST""].overlayConfig.overlays[5].children[1]"
"4","须弥","诸法丛林","无郁稠林","掣电树的篱阴","掣电树的篱阴","地图分层子项","","","layer:A:XM:FOREST:MAWTIYIMA_FOREST/ELECTRO_REGISVINE","layer:A:XM:FOREST:MAWTIYIMA_FOREST","","19","A:XM:FOREST","ELECTRO_REGISVINE","underground + overlay","须弥 / 诸法丛林 / 无郁稠林 / 掣电树的篱阴","未标记默认隐藏","","plugins[""A:XM:FOREST""].extraConfig.underground.levels[5].children[2] ; plugins[""A:XM:FOREST""].overlayConfig.overlays[5].children[2]"
"3","须弥","诸法丛林","山中洞窟","","山中洞窟","地图分层目录","","","layer:A:XM:FOREST:CAVE_IN_MT","area:A:XM:FOREST","","19","A:XM:FOREST","CAVE_IN_MT","underground + overlay","须弥 / 诸法丛林 / 山中洞窟","未标记默认隐藏","","plugins[""A:XM:FOREST""].extraConfig.underground.levels[6] ; plugins[""A:XM:FOREST""].overlayConfig.overlays[6]"
"4","须弥","诸法丛林","山中洞窟","山中洞窟 · 一层","山中洞窟 · 一层","地图分层子项","","","layer:A:XM:FOREST:CAVE_IN_MT/CAVE_IN_MT_UG1","layer:A:XM:FOREST:CAVE_IN_MT","","19","A:XM:FOREST","CAVE_IN_MT_UG1","underground + overlay","须弥 / 诸法丛林 / 山中洞窟 / 山中洞窟 · 一层","未标记默认隐藏","","plugins[""A:XM:FOREST""].extraConfig.underground.levels[6].children[0] ; plugins[""A:XM:FOREST""].overlayConfig.overlays[6].children[0]"
"4","须弥","诸法丛林","山中洞窟","山中洞窟 · 二层","山中洞窟 · 二层","地图分层子项","","","layer:A:XM:FOREST:CAVE_IN_MT/CAVE_IN_MT_UG2","layer:A:XM:FOREST:CAVE_IN_MT","","19","A:XM:FOREST","CAVE_IN_MT_UG2","underground + overlay","须弥 / 诸法丛林 / 山中洞窟 / 山中洞窟 · 二层","未标记默认隐藏","","plugins[""A:XM:FOREST""].extraConfig.underground.levels[6].children[1] ; plugins[""A:XM:FOREST""].overlayConfig.overlays[6].children[1]"
"4","须弥","诸法丛林","山中洞窟","山中洞窟 · 三层","山中洞窟 · 三层","地图分层子项","","","layer:A:XM:FOREST:CAVE_IN_MT/CAVE_IN_MT_UG3","layer:A:XM:FOREST:CAVE_IN_MT","","19","A:XM:FOREST","CAVE_IN_MT_UG3","underground + overlay","须弥 / 诸法丛林 / 山中洞窟 / 山中洞窟 · 三层","未标记默认隐藏","","plugins[""A:XM:FOREST""].extraConfig.underground.levels[6].children[2] ; plugins[""A:XM:FOREST""].overlayConfig.overlays[6].children[2]"
"4","须弥","诸法丛林","山中洞窟","山中洞窟 · 四层","山中洞窟 · 四层","地图分层子项","","","layer:A:XM:FOREST:CAVE_IN_MT/CAVE_IN_MT_UG4","layer:A:XM:FOREST:CAVE_IN_MT","","19","A:XM:FOREST","CAVE_IN_MT_UG4","underground + overlay","须弥 / 诸法丛林 / 山中洞窟 / 山中洞窟 · 四层","未标记默认隐藏","","plugins[""A:XM:FOREST""].extraConfig.underground.levels[6].children[3] ; plugins[""A:XM:FOREST""].overlayConfig.overlays[6].children[3]"
"3","须弥","诸法丛林","水天丛林","","水天丛林","地图分层目录","","","layer:A:XM:FOREST:APAM_WOODS","area:A:XM:FOREST","","19","A:XM:FOREST","APAM_WOODS","underground + overlay","须弥 / 诸法丛林 / 水天丛林","未标记默认隐藏","","plugins[""A:XM:FOREST""].extraConfig.underground.levels[7] ; plugins[""A:XM:FOREST""].overlayConfig.overlays[7]"
"4","须弥","诸法丛林","水天丛林","通往觉树之堂的水道","通往觉树之堂的水道","地图分层子项","","","layer:A:XM:FOREST:APAM_WOODS/WATERPATH_TO_ASHVATTHA_CONCOURSE","layer:A:XM:FOREST:APAM_WOODS","","19","A:XM:FOREST","WATERPATH_TO_ASHVATTHA_CONCOURSE","underground + overlay","须弥 / 诸法丛林 / 水天丛林 / 通往觉树之堂的水道","未标记默认隐藏","","plugins[""A:XM:FOREST""].extraConfig.underground.levels[7].children[0] ; plugins[""A:XM:FOREST""].overlayConfig.overlays[7].children[0]"
"4","须弥","诸法丛林","水天丛林","废墟之下的蜿蜒暗道","废墟之下的蜿蜒暗道","地图分层子项","","","layer:A:XM:FOREST:APAM_WOODS/APAM_WOODS_BLIND_PATH_UNDER_RUIN","layer:A:XM:FOREST:APAM_WOODS","","19","A:XM:FOREST","APAM_WOODS_BLIND_PATH_UNDER_RUIN","underground + overlay","须弥 / 诸法丛林 / 水天丛林 / 废墟之下的蜿蜒暗道","未标记默认隐藏","","plugins[""A:XM:FOREST""].extraConfig.underground.levels[7].children[1] ; plugins[""A:XM:FOREST""].overlayConfig.overlays[7].children[1]"
"4","须弥","诸法丛林","水天丛林","雨的尽头","雨的尽头","地图分层子项","","","layer:A:XM:FOREST:APAM_WOODS/RAIN_END","layer:A:XM:FOREST:APAM_WOODS","","19","A:XM:FOREST","RAIN_END","underground + overlay","须弥 / 诸法丛林 / 水天丛林 / 雨的尽头","未标记默认隐藏","","plugins[""A:XM:FOREST""].extraConfig.underground.levels[7].children[2] ; plugins[""A:XM:FOREST""].overlayConfig.overlays[7].children[2]"
"3","须弥","诸法丛林","往昔的桓那兰那","","往昔的桓那兰那","地图分层目录","","","layer:A:XM:FOREST:OLD_VANARANA","area:A:XM:FOREST","","19","A:XM:FOREST","OLD_VANARANA","underground + overlay","须弥 / 诸法丛林 / 往昔的桓那兰那","未标记默认隐藏","","plugins[""A:XM:FOREST""].extraConfig.underground.levels[8] ; plugins[""A:XM:FOREST""].overlayConfig.overlays[8]"
"4","须弥","诸法丛林","往昔的桓那兰那","往昔的桓那兰那 · 沙中故里","往昔的桓那兰那 · 沙中故里","地图分层子项","","","layer:A:XM:FOREST:OLD_VANARANA/OLD_VANARANA_SAND_EMBRACED_HOME","layer:A:XM:FOREST:OLD_VANARANA","","19","A:XM:FOREST","OLD_VANARANA_SAND_EMBRACED_HOME","underground + overlay","须弥 / 诸法丛林 / 往昔的桓那兰那 / 往昔的桓那兰那 · 沙中故里","未标记默认隐藏","","plugins[""A:XM:FOREST""].extraConfig.underground.levels[8].children[0] ; plugins[""A:XM:FOREST""].overlayConfig.overlays[8].children[0]"
"4","须弥","诸法丛林","往昔的桓那兰那","往昔的桓那兰那 · 失梦的国土","往昔的桓那兰那 · 失梦的国土","地图分层子项","","","layer:A:XM:FOREST:OLD_VANARANA/OLD_VANARANA_GROUNDED_DREAM_LAND","layer:A:XM:FOREST:OLD_VANARANA","","19","A:XM:FOREST","OLD_VANARANA_GROUNDED_DREAM_LAND","underground + overlay","须弥 / 诸法丛林 / 往昔的桓那兰那 / 往昔的桓那兰那 · 失梦的国土","未标记默认隐藏","","plugins[""A:XM:FOREST""].extraConfig.underground.levels[8].children[1] ; plugins[""A:XM:FOREST""].overlayConfig.overlays[8].children[1]"
"3","须弥","诸法丛林","桓那兰那西侧","","桓那兰那西侧","地图分层目录","","","layer:A:XM:FOREST:VANARANA_W","area:A:XM:FOREST","","19","A:XM:FOREST","VANARANA_W","underground + overlay","须弥 / 诸法丛林 / 桓那兰那西侧","未标记默认隐藏","","plugins[""A:XM:FOREST""].extraConfig.underground.levels[9] ; plugins[""A:XM:FOREST""].overlayConfig.overlays[9]"
"4","须弥","诸法丛林","桓那兰那西侧","翠翎恐蕈的巢窟","翠翎恐蕈的巢窟","地图分层子项","","","layer:A:XM:FOREST:VANARANA_W/JADEPLUME_TERRORSHROOM","layer:A:XM:FOREST:VANARANA_W","","19","A:XM:FOREST","JADEPLUME_TERRORSHROOM","underground + overlay","须弥 / 诸法丛林 / 桓那兰那西侧 / 翠翎恐蕈的巢窟","未标记默认隐藏","","plugins[""A:XM:FOREST""].extraConfig.underground.levels[9].children[0] ; plugins[""A:XM:FOREST""].overlayConfig.overlays[9].children[0]"
"4","须弥","诸法丛林","桓那兰那西侧","法莎洞","法莎洞","地图分层子项","","","layer:A:XM:FOREST:VANARANA_W/%40VARSHA_CAVE","layer:A:XM:FOREST:VANARANA_W","","19","A:XM:FOREST","@VARSHA_CAVE","underground + overlay","须弥 / 诸法丛林 / 桓那兰那西侧 / 法莎洞","未标记默认隐藏","","plugins[""A:XM:FOREST""].extraConfig.underground.levels[9].children[1] ; plugins[""A:XM:FOREST""].overlayConfig.overlays[9].children[1]"
"2","须弥","大赤沙海","","","大赤沙海","API地区","","","area:A:XM:DESERT","area:C:XM","21","21","A:XM:DESERT","","area-api","须弥 / 大赤沙海","未标记默认隐藏","","area[id=21]"
"3","须弥","大赤沙海","舍身步道","","舍身步道","地图分层目录","","","layer:A:XM:DESERT:ABDJU_ROAD","area:A:XM:DESERT","","21","A:XM:DESERT","ABDJU_ROAD","underground + overlay","须弥 / 大赤沙海 / 舍身步道","未标记默认隐藏","","plugins[""A:XM:DESERT""].extraConfig.underground.levels[0] ; plugins[""A:XM:DESERT""].overlayConfig.overlays[0]"
"4","须弥","大赤沙海","舍身步道","舍身步道 · 遗迹上层","舍身步道 · 遗迹上层","地图分层子项","","","layer:A:XM:DESERT:ABDJU_ROAD/ABDJU_ROAD_UG1","layer:A:XM:DESERT:ABDJU_ROAD","","21","A:XM:DESERT","ABDJU_ROAD_UG1","underground + overlay","须弥 / 大赤沙海 / 舍身步道 / 舍身步道 · 遗迹上层","未标记默认隐藏","","plugins[""A:XM:DESERT""].extraConfig.underground.levels[0].children[0] ; plugins[""A:XM:DESERT""].overlayConfig.overlays[0].children[0]"
"4","须弥","大赤沙海","舍身步道","舍身步道 · 遗迹下层","舍身步道 · 遗迹下层","地图分层子项","","","layer:A:XM:DESERT:ABDJU_ROAD/ABDJU_ROAD_UG2","layer:A:XM:DESERT:ABDJU_ROAD","","21","A:XM:DESERT","ABDJU_ROAD_UG2","underground + overlay","须弥 / 大赤沙海 / 舍身步道 / 舍身步道 · 遗迹下层","未标记默认隐藏","","plugins[""A:XM:DESERT""].extraConfig.underground.levels[0].children[1] ; plugins[""A:XM:DESERT""].overlayConfig.overlays[0].children[1]"
"3","须弥","大赤沙海","秘仪圣殿","","秘仪圣殿","地图分层目录","","","layer:A:XM:DESERT:KHEMENU_TEMPLE","area:A:XM:DESERT","","21","A:XM:DESERT","KHEMENU_TEMPLE","underground + overlay","须弥 / 大赤沙海 / 秘仪圣殿","未标记默认隐藏","","plugins[""A:XM:DESERT""].extraConfig.underground.levels[1] ; plugins[""A:XM:DESERT""].overlayConfig.overlays[1]"
"4","须弥","大赤沙海","秘仪圣殿","秘仪圣殿 · 门厅","秘仪圣殿 · 门厅","地图分层子项","","","layer:A:XM:DESERT:KHEMENU_TEMPLE/KHEMENU_TEMPLE_HALL","layer:A:XM:DESERT:KHEMENU_TEMPLE","","21","A:XM:DESERT","KHEMENU_TEMPLE_HALL","underground + overlay","须弥 / 大赤沙海 / 秘仪圣殿 / 秘仪圣殿 · 门厅","未标记默认隐藏","","plugins[""A:XM:DESERT""].extraConfig.underground.levels[1].children[0] ; plugins[""A:XM:DESERT""].overlayConfig.overlays[1].children[0]"
"4","须弥","大赤沙海","秘仪圣殿","秘仪圣殿 · 地下区域","秘仪圣殿 · 地下区域","地图分层子项","","","layer:A:XM:DESERT:KHEMENU_TEMPLE/KHEMENU_TEMPLE_UG","layer:A:XM:DESERT:KHEMENU_TEMPLE","","21","A:XM:DESERT","KHEMENU_TEMPLE_UG","underground + overlay","须弥 / 大赤沙海 / 秘仪圣殿 / 秘仪圣殿 · 地下区域","未标记默认隐藏","","plugins[""A:XM:DESERT""].extraConfig.underground.levels[1].children[1] ; plugins[""A:XM:DESERT""].overlayConfig.overlays[1].children[1]"
"4","须弥","大赤沙海","秘仪圣殿","秘仪圣殿 · 地下深处","秘仪圣殿 · 地下深处","地图分层子项","","","layer:A:XM:DESERT:KHEMENU_TEMPLE/KHEMENU_TEMPLE_UG_DEEP","layer:A:XM:DESERT:KHEMENU_TEMPLE","","21","A:XM:DESERT","KHEMENU_TEMPLE_UG_DEEP","underground + overlay","须弥 / 大赤沙海 / 秘仪圣殿 / 秘仪圣殿 · 地下深处","未标记默认隐藏","","plugins[""A:XM:DESERT""].extraConfig.underground.levels[1].children[2] ; plugins[""A:XM:DESERT""].overlayConfig.overlays[1].children[2]"
"4","须弥","大赤沙海","秘仪圣殿","秘仪圣殿 · 密室","秘仪圣殿 · 密室","地图分层子项","","","layer:A:XM:DESERT:KHEMENU_TEMPLE/KHEMENU_TEMPLE_CHAMBER","layer:A:XM:DESERT:KHEMENU_TEMPLE","","21","A:XM:DESERT","KHEMENU_TEMPLE_CHAMBER","underground + overlay","须弥 / 大赤沙海 / 秘仪圣殿 / 秘仪圣殿 · 密室","未标记默认隐藏","","plugins[""A:XM:DESERT""].extraConfig.underground.levels[1].children[3] ; plugins[""A:XM:DESERT""].overlayConfig.overlays[1].children[3]"
"3","须弥","大赤沙海","赤王陵东部","","赤王陵东部","地图分层目录","","","layer:A:XM:DESERT:DESHRET_KING_MAUSOLEUM_E","area:A:XM:DESERT","","21","A:XM:DESERT","DESHRET_KING_MAUSOLEUM_E","underground + overlay","须弥 / 大赤沙海 / 赤王陵东部","未标记默认隐藏","","plugins[""A:XM:DESERT""].extraConfig.underground.levels[2] ; plugins[""A:XM:DESERT""].overlayConfig.overlays[2]"
"4","须弥","大赤沙海","赤王陵东部","赤王陵东部 · 权杖厅","赤王陵东部 · 权杖厅","地图分层子项","","","layer:A:XM:DESERT:DESHRET_KING_MAUSOLEUM_E/DESHRET_KING_MAUSOLEUM_E_SEKHEM_HALL","layer:A:XM:DESERT:DESHRET_KING_MAUSOLEUM_E","","21","A:XM:DESERT","DESHRET_KING_MAUSOLEUM_E_SEKHEM_HALL","underground + overlay","须弥 / 大赤沙海 / 赤王陵东部 / 赤王陵东部 · 权杖厅","未标记默认隐藏","","plugins[""A:XM:DESERT""].extraConfig.underground.levels[2].children[0] ; plugins[""A:XM:DESERT""].overlayConfig.overlays[2].children[0]"
"4","须弥","大赤沙海","赤王陵东部","赤王陵东部 · 岩窟区域","赤王陵东部 · 岩窟区域","地图分层子项","","","layer:A:XM:DESERT:DESHRET_KING_MAUSOLEUM_E/DESHRET_KING_MAUSOLEUM_E_ROCK_CAVE","layer:A:XM:DESERT:DESHRET_KING_MAUSOLEUM_E","","21","A:XM:DESERT","DESHRET_KING_MAUSOLEUM_E_ROCK_CAVE","underground + overlay","须弥 / 大赤沙海 / 赤王陵东部 / 赤王陵东部 · 岩窟区域","未标记默认隐藏","","plugins[""A:XM:DESERT""].extraConfig.underground.levels[2].children[1] ; plugins[""A:XM:DESERT""].overlayConfig.overlays[2].children[1]"
"3","须弥","大赤沙海","赤王陵","","赤王陵","地图分层目录","","","layer:A:XM:DESERT:DESHRET_KING_MAUSOLEUM","area:A:XM:DESERT","","21","A:XM:DESERT","DESHRET_KING_MAUSOLEUM","underground + overlay","须弥 / 大赤沙海 / 赤王陵","未标记默认隐藏","","plugins[""A:XM:DESERT""].extraConfig.underground.levels[3] ; plugins[""A:XM:DESERT""].overlayConfig.overlays[3]"
"4","须弥","大赤沙海","赤王陵","赤王陵 · 主厅","赤王陵 · 主厅","地图分层子项","","","layer:A:XM:DESERT:DESHRET_KING_MAUSOLEUM/DESHRET_KING_MAUSOLEUM_HALL","layer:A:XM:DESERT:DESHRET_KING_MAUSOLEUM","","21","A:XM:DESERT","DESHRET_KING_MAUSOLEUM_HALL","underground + overlay","须弥 / 大赤沙海 / 赤王陵 / 赤王陵 · 主厅","未标记默认隐藏","","plugins[""A:XM:DESERT""].extraConfig.underground.levels[3].children[0] ; plugins[""A:XM:DESERT""].overlayConfig.overlays[3].children[0]"
"4","须弥","大赤沙海","赤王陵","赤王陵 · 中层","赤王陵 · 中层","地图分层子项","","","layer:A:XM:DESERT:DESHRET_KING_MAUSOLEUM/DESHRET_KING_MAUSOLEUM_UG1","layer:A:XM:DESERT:DESHRET_KING_MAUSOLEUM","","21","A:XM:DESERT","DESHRET_KING_MAUSOLEUM_UG1","underground + overlay","须弥 / 大赤沙海 / 赤王陵 / 赤王陵 · 中层","未标记默认隐藏","","plugins[""A:XM:DESERT""].extraConfig.underground.levels[3].children[1] ; plugins[""A:XM:DESERT""].overlayConfig.overlays[3].children[1]"
"4","须弥","大赤沙海","赤王陵","赤王陵 · 底层","赤王陵 · 底层","地图分层子项","","","layer:A:XM:DESERT:DESHRET_KING_MAUSOLEUM/DESHRET_KING_MAUSOLEUM_UG2","layer:A:XM:DESERT:DESHRET_KING_MAUSOLEUM","","21","A:XM:DESERT","DESHRET_KING_MAUSOLEUM_UG2","underground + overlay","须弥 / 大赤沙海 / 赤王陵 / 赤王陵 · 底层","未标记默认隐藏","","plugins[""A:XM:DESERT""].extraConfig.underground.levels[3].children[2] ; plugins[""A:XM:DESERT""].overlayConfig.overlays[3].children[2]"
"3","须弥","大赤沙海","赤王陵西南","","赤王陵西南","地图分层目录","","","layer:A:XM:DESERT:DESHRET_KING_MAUSOLEUM_SW","area:A:XM:DESERT","","21","A:XM:DESERT","DESHRET_KING_MAUSOLEUM_SW","underground + overlay","须弥 / 大赤沙海 / 赤王陵西南","未标记默认隐藏","","plugins[""A:XM:DESERT""].extraConfig.underground.levels[4] ; plugins[""A:XM:DESERT""].overlayConfig.overlays[4]"
"4","须弥","大赤沙海","赤王陵西南","赤王陵西南 · 岩窟区域","赤王陵西南 · 岩窟区域","地图分层子项","","","layer:A:XM:DESERT:DESHRET_KING_MAUSOLEUM_SW/DESHRET_KING_MAUSOLEUM_SW_ROCK_CAVE","layer:A:XM:DESERT:DESHRET_KING_MAUSOLEUM_SW","","21","A:XM:DESERT","DESHRET_KING_MAUSOLEUM_SW_ROCK_CAVE","underground + overlay","须弥 / 大赤沙海 / 赤王陵西南 / 赤王陵西南 · 岩窟区域","未标记默认隐藏","","plugins[""A:XM:DESERT""].extraConfig.underground.levels[4].children[0] ; plugins[""A:XM:DESERT""].overlayConfig.overlays[4].children[0]"
"4","须弥","大赤沙海","赤王陵西南","赤王陵西南 · 中层通道","赤王陵西南 · 中层通道","地图分层子项","","","layer:A:XM:DESERT:DESHRET_KING_MAUSOLEUM_SW/DESHRET_KING_MAUSOLEUM_SW_PATH","layer:A:XM:DESERT:DESHRET_KING_MAUSOLEUM_SW","","21","A:XM:DESERT","DESHRET_KING_MAUSOLEUM_SW_PATH","underground + overlay","须弥 / 大赤沙海 / 赤王陵西南 / 赤王陵西南 · 中层通道","未标记默认隐藏","","plugins[""A:XM:DESERT""].extraConfig.underground.levels[4].children[1] ; plugins[""A:XM:DESERT""].overlayConfig.overlays[4].children[1]"
"4","须弥","大赤沙海","赤王陵西南","赤王陵西南 · 下层遗迹","赤王陵西南 · 下层遗迹","地图分层子项","","","layer:A:XM:DESERT:DESHRET_KING_MAUSOLEUM_SW/DESHRET_KING_MAUSOLEUM_SW_RUIN","layer:A:XM:DESERT:DESHRET_KING_MAUSOLEUM_SW","","21","A:XM:DESERT","DESHRET_KING_MAUSOLEUM_SW_RUIN","underground + overlay","须弥 / 大赤沙海 / 赤王陵西南 / 赤王陵西南 · 下层遗迹","未标记默认隐藏","","plugins[""A:XM:DESERT""].extraConfig.underground.levels[4].children[2] ; plugins[""A:XM:DESERT""].overlayConfig.overlays[4].children[2]"
"4","须弥","大赤沙海","赤王陵西南","赤王陵西南 · 地下遗迹","赤王陵西南 · 地下遗迹","地图分层子项","","","layer:A:XM:DESERT:DESHRET_KING_MAUSOLEUM_SW/DESHRET_KING_MAUSOLEUM_SW_UG_RUIN","layer:A:XM:DESERT:DESHRET_KING_MAUSOLEUM_SW","","21","A:XM:DESERT","DESHRET_KING_MAUSOLEUM_SW_UG_RUIN","underground + overlay","须弥 / 大赤沙海 / 赤王陵西南 / 赤王陵西南 · 地下遗迹","未标记默认隐藏","","plugins[""A:XM:DESERT""].extraConfig.underground.levels[4].children[3] ; plugins[""A:XM:DESERT""].overlayConfig.overlays[4].children[3]"
"3","须弥","大赤沙海","赤王陵西北","","赤王陵西北","地图分层目录","","","layer:A:XM:DESERT:DESHRET_KING_MAUSOLEUM_NW","area:A:XM:DESERT","","21","A:XM:DESERT","DESHRET_KING_MAUSOLEUM_NW","underground + overlay","须弥 / 大赤沙海 / 赤王陵西北","未标记默认隐藏","","plugins[""A:XM:DESERT""].extraConfig.underground.levels[5] ; plugins[""A:XM:DESERT""].overlayConfig.overlays[5]"
"4","须弥","大赤沙海","赤王陵西北","赤王陵西北 · 岩窟上层","赤王陵西北 · 岩窟上层","地图分层子项","","","layer:A:XM:DESERT:DESHRET_KING_MAUSOLEUM_NW/DESHRET_KING_MAUSOLEUM_NW_UG1","layer:A:XM:DESERT:DESHRET_KING_MAUSOLEUM_NW","","21","A:XM:DESERT","DESHRET_KING_MAUSOLEUM_NW_UG1","underground + overlay","须弥 / 大赤沙海 / 赤王陵西北 / 赤王陵西北 · 岩窟上层","未标记默认隐藏","","plugins[""A:XM:DESERT""].extraConfig.underground.levels[5].children[0] ; plugins[""A:XM:DESERT""].overlayConfig.overlays[5].children[0]"
"4","须弥","大赤沙海","赤王陵西北","赤王陵西北 · 岩窟中层","赤王陵西北 · 岩窟中层","地图分层子项","","","layer:A:XM:DESERT:DESHRET_KING_MAUSOLEUM_NW/DESHRET_KING_MAUSOLEUM_NW_UG2","layer:A:XM:DESERT:DESHRET_KING_MAUSOLEUM_NW","","21","A:XM:DESERT","DESHRET_KING_MAUSOLEUM_NW_UG2","underground + overlay","须弥 / 大赤沙海 / 赤王陵西北 / 赤王陵西北 · 岩窟中层","未标记默认隐藏","","plugins[""A:XM:DESERT""].extraConfig.underground.levels[5].children[1] ; plugins[""A:XM:DESERT""].overlayConfig.overlays[5].children[1]"
"4","须弥","大赤沙海","赤王陵西北","赤王陵西北 · 岩窟下层","赤王陵西北 · 岩窟下层","地图分层子项","","","layer:A:XM:DESERT:DESHRET_KING_MAUSOLEUM_NW/DESHRET_KING_MAUSOLEUM_NW_UG3","layer:A:XM:DESERT:DESHRET_KING_MAUSOLEUM_NW","","21","A:XM:DESERT","DESHRET_KING_MAUSOLEUM_NW_UG3","underground + overlay","须弥 / 大赤沙海 / 赤王陵西北 / 赤王陵西北 · 岩窟下层","未标记默认隐藏","","plugins[""A:XM:DESERT""].extraConfig.underground.levels[5].children[2] ; plugins[""A:XM:DESERT""].overlayConfig.overlays[5].children[2]"
"3","须弥","大赤沙海","居尔城墟神殿","","居尔城墟神殿","地图分层目录","","","layer:A:XM:DESERT:GURABAD_RUIN_TEMPLE","area:A:XM:DESERT","","21","A:XM:DESERT","GURABAD_RUIN_TEMPLE","underground + overlay","须弥 / 大赤沙海 / 居尔城墟神殿","未标记默认隐藏","","plugins[""A:XM:DESERT""].extraConfig.underground.levels[6] ; plugins[""A:XM:DESERT""].overlayConfig.overlays[6]"
"4","须弥","大赤沙海","居尔城墟神殿","居尔城墟神殿 · 上层","居尔城墟神殿 · 上层","地图分层子项","","","layer:A:XM:DESERT:GURABAD_RUIN_TEMPLE/GURABAD_RUIN_TEMPLE_UG1","layer:A:XM:DESERT:GURABAD_RUIN_TEMPLE","","21","A:XM:DESERT","GURABAD_RUIN_TEMPLE_UG1","underground + overlay","须弥 / 大赤沙海 / 居尔城墟神殿 / 居尔城墟神殿 · 上层","未标记默认隐藏","","plugins[""A:XM:DESERT""].extraConfig.underground.levels[6].children[0] ; plugins[""A:XM:DESERT""].overlayConfig.overlays[6].children[0]"
"4","须弥","大赤沙海","居尔城墟神殿","居尔城墟神殿 · 下层","居尔城墟神殿 · 下层","地图分层子项","","","layer:A:XM:DESERT:GURABAD_RUIN_TEMPLE/GURABAD_RUIN_TEMPLE_UG2","layer:A:XM:DESERT:GURABAD_RUIN_TEMPLE","","21","A:XM:DESERT","GURABAD_RUIN_TEMPLE_UG2","underground + overlay","须弥 / 大赤沙海 / 居尔城墟神殿 / 居尔城墟神殿 · 下层","未标记默认隐藏","","plugins[""A:XM:DESERT""].extraConfig.underground.levels[6].children[1] ; plugins[""A:XM:DESERT""].overlayConfig.overlays[6].children[1]"
"3","须弥","大赤沙海","圣显厅","","圣显厅","地图分层目录","","","layer:A:XM:DESERT:%40KHAJ_NISUT_HALL","area:A:XM:DESERT","","21","A:XM:DESERT","@KHAJ_NISUT_HALL","underground + overlay","须弥 / 大赤沙海 / 圣显厅","未标记默认隐藏","","plugins[""A:XM:DESERT""].extraConfig.underground.levels[7] ; plugins[""A:XM:DESERT""].overlayConfig.overlays[7]"
"4","须弥","大赤沙海","圣显厅","圣显厅 · 上","圣显厅 · 上","地图分层子项","","","layer:A:XM:DESERT:%40KHAJ_NISUT_HALL/%40KHAJ_NISUT_HALL_UG1","layer:A:XM:DESERT:%40KHAJ_NISUT_HALL","","21","A:XM:DESERT","@KHAJ_NISUT_HALL_UG1","underground + overlay","须弥 / 大赤沙海 / 圣显厅 / 圣显厅 · 上","未标记默认隐藏","","plugins[""A:XM:DESERT""].extraConfig.underground.levels[7].children[0] ; plugins[""A:XM:DESERT""].overlayConfig.overlays[7].children[0]"
"4","须弥","大赤沙海","圣显厅","圣显厅 · 中","圣显厅 · 中","地图分层子项","","","layer:A:XM:DESERT:%40KHAJ_NISUT_HALL/%40KHAJ_NISUT_HALL_UG2","layer:A:XM:DESERT:%40KHAJ_NISUT_HALL","","21","A:XM:DESERT","@KHAJ_NISUT_HALL_UG2","underground + overlay","须弥 / 大赤沙海 / 圣显厅 / 圣显厅 · 中","未标记默认隐藏","","plugins[""A:XM:DESERT""].extraConfig.underground.levels[7].children[1] ; plugins[""A:XM:DESERT""].overlayConfig.overlays[7].children[1]"
"4","须弥","大赤沙海","圣显厅","圣显厅 · 下","圣显厅 · 下","地图分层子项","","","layer:A:XM:DESERT:%40KHAJ_NISUT_HALL/%40KHAJ_NISUT_HALL_UG3","layer:A:XM:DESERT:%40KHAJ_NISUT_HALL","","21","A:XM:DESERT","@KHAJ_NISUT_HALL_UG3","underground + overlay","须弥 / 大赤沙海 / 圣显厅 / 圣显厅 · 下","未标记默认隐藏","","plugins[""A:XM:DESERT""].extraConfig.underground.levels[7].children[2] ; plugins[""A:XM:DESERT""].overlayConfig.overlays[7].children[2]"
"3","须弥","大赤沙海","荼诃落谷","","荼诃落谷","地图分层目录","","","layer:A:XM:DESERT:DAHRI_VALLEY","area:A:XM:DESERT","","21","A:XM:DESERT","DAHRI_VALLEY","underground + overlay","须弥 / 大赤沙海 / 荼诃落谷","未标记默认隐藏","","plugins[""A:XM:DESERT""].extraConfig.underground.levels[8] ; plugins[""A:XM:DESERT""].overlayConfig.overlays[8]"
"4","须弥","大赤沙海","荼诃落谷","图特摩斯的秘密据点","图特摩斯的秘密据点","地图分层子项","","","layer:A:XM:DESERT:DAHRI_VALLEY/THUTMOSE_SECRET_PLACE","layer:A:XM:DESERT:DAHRI_VALLEY","","21","A:XM:DESERT","THUTMOSE_SECRET_PLACE","underground + overlay","须弥 / 大赤沙海 / 荼诃落谷 / 图特摩斯的秘密据点","未标记默认隐藏","","plugins[""A:XM:DESERT""].extraConfig.underground.levels[8].children[0] ; plugins[""A:XM:DESERT""].overlayConfig.overlays[8].children[0]"
"4","须弥","大赤沙海","荼诃落谷","落谷山内 · 洞窟上层","落谷山内 · 洞窟上层","地图分层子项","","","layer:A:XM:DESERT:DAHRI_VALLEY/DAHRI_UG1","layer:A:XM:DESERT:DAHRI_VALLEY","","21","A:XM:DESERT","DAHRI_UG1","underground + overlay","须弥 / 大赤沙海 / 荼诃落谷 / 落谷山内 · 洞窟上层","未标记默认隐藏","","plugins[""A:XM:DESERT""].extraConfig.underground.levels[8].children[1] ; plugins[""A:XM:DESERT""].overlayConfig.overlays[8].children[1]"
"4","须弥","大赤沙海","荼诃落谷","落谷山内 · 洞窟下层","落谷山内 · 洞窟下层","地图分层子项","","","layer:A:XM:DESERT:DAHRI_VALLEY/DAHRI_UG2","layer:A:XM:DESERT:DAHRI_VALLEY","","21","A:XM:DESERT","DAHRI_UG2","underground + overlay","须弥 / 大赤沙海 / 荼诃落谷 / 落谷山内 · 洞窟下层","未标记默认隐藏","","plugins[""A:XM:DESERT""].extraConfig.underground.levels[8].children[2] ; plugins[""A:XM:DESERT""].overlayConfig.overlays[8].children[2]"
"3","须弥","大赤沙海","活力之家","","活力之家","地图分层目录","","","layer:A:XM:DESERT:DAR_ALSHIFA","area:A:XM:DESERT","","21","A:XM:DESERT","DAR_ALSHIFA","underground + overlay","须弥 / 大赤沙海 / 活力之家","未标记默认隐藏","","plugins[""A:XM:DESERT""].extraConfig.underground.levels[9] ; plugins[""A:XM:DESERT""].overlayConfig.overlays[9]"
"4","须弥","大赤沙海","活力之家","活力之家 · 地下黯道","活力之家 · 地下黯道","地图分层子项","","","layer:A:XM:DESERT:DAR_ALSHIFA/DAR_ALSHIFA_BLIND_PATH","layer:A:XM:DESERT:DAR_ALSHIFA","","21","A:XM:DESERT","DAR_ALSHIFA_BLIND_PATH","underground + overlay","须弥 / 大赤沙海 / 活力之家 / 活力之家 · 地下黯道","未标记默认隐藏","","plugins[""A:XM:DESERT""].extraConfig.underground.levels[9].children[0] ; plugins[""A:XM:DESERT""].overlayConfig.overlays[9].children[0]"
"3","须弥","大赤沙海","无相之草","","无相之草","地图分层目录","","","layer:A:XM:DESERT:DENDRO_HYPOSTASIS","area:A:XM:DESERT","","21","A:XM:DESERT","DENDRO_HYPOSTASIS","underground + overlay","须弥 / 大赤沙海 / 无相之草","未标记默认隐藏","","plugins[""A:XM:DESERT""].extraConfig.underground.levels[10] ; plugins[""A:XM:DESERT""].overlayConfig.overlays[10]"
"4","须弥","大赤沙海","无相之草","无相之草 · 盘踞之地","无相之草 · 盘踞之地","地图分层子项","","","layer:A:XM:DESERT:DENDRO_HYPOSTASIS/DENDRO_HYPOSTASIS","layer:A:XM:DESERT:DENDRO_HYPOSTASIS","","21","A:XM:DESERT","DENDRO_HYPOSTASIS","underground + overlay","须弥 / 大赤沙海 / 无相之草 / 无相之草 · 盘踞之地","未标记默认隐藏","","plugins[""A:XM:DESERT""].extraConfig.underground.levels[10].children[0] ; plugins[""A:XM:DESERT""].overlayConfig.overlays[10].children[0]"
"3","须弥","大赤沙海","其他遗迹","","其他遗迹","地图分层目录","","","layer:A:XM:DESERT:OTHER_RUIN","area:A:XM:DESERT","","21","A:XM:DESERT","OTHER_RUIN","underground + overlay","须弥 / 大赤沙海 / 其他遗迹","未标记默认隐藏","","plugins[""A:XM:DESERT""].extraConfig.underground.levels[11] ; plugins[""A:XM:DESERT""].overlayConfig.overlays[11]"
"4","须弥","大赤沙海","其他遗迹","赤王陵南部 · 地下遗迹","赤王陵南部 · 地下遗迹","地图分层子项","","","layer:A:XM:DESERT:OTHER_RUIN/DESHRET_KING_MAUSOLEUM_S_RUIN","layer:A:XM:DESERT:OTHER_RUIN","","21","A:XM:DESERT","DESHRET_KING_MAUSOLEUM_S_RUIN","underground + overlay","须弥 / 大赤沙海 / 其他遗迹 / 赤王陵南部 · 地下遗迹","未标记默认隐藏","","plugins[""A:XM:DESERT""].extraConfig.underground.levels[11].children[0] ; plugins[""A:XM:DESERT""].overlayConfig.overlays[11].children[0]"
"2","须弥","千壑沙地","","","千壑沙地","API地区","","","area:A:XM:DESERT2","area:C:XM","22","22","A:XM:DESERT2","","area-api","须弥 / 千壑沙地","未标记默认隐藏","","area[id=22]"
"3","须弥","千壑沙地","沙虫隧道","","沙虫隧道","地图分层目录","","","layer:A:XM:DESERT2:WENUT_TUNNEL","area:A:XM:DESERT2","","22","A:XM:DESERT2","WENUT_TUNNEL","underground + overlay","须弥 / 千壑沙地 / 沙虫隧道","未标记默认隐藏","","plugins[""A:XM:DESERT2""].extraConfig.underground.levels[0] ; plugins[""A:XM:DESERT2""].overlayConfig.overlays[0]"
"4","须弥","千壑沙地","沙虫隧道","沙虫隧道 · 上方通路","沙虫隧道 · 上方通路","地图分层子项","","","layer:A:XM:DESERT2:WENUT_TUNNEL/WENUT_TUNNEL_PATH","layer:A:XM:DESERT2:WENUT_TUNNEL","","22","A:XM:DESERT2","WENUT_TUNNEL_PATH","underground + overlay","须弥 / 千壑沙地 / 沙虫隧道 / 沙虫隧道 · 上方通路","未标记默认隐藏","","plugins[""A:XM:DESERT2""].extraConfig.underground.levels[0].children[0] ; plugins[""A:XM:DESERT2""].overlayConfig.overlays[0].children[0]"
"4","须弥","千壑沙地","沙虫隧道","沙虫隧道 · 上层","沙虫隧道 · 上层","地图分层子项","","","layer:A:XM:DESERT2:WENUT_TUNNEL/WENUT_TUNNEL_UG1","layer:A:XM:DESERT2:WENUT_TUNNEL","","22","A:XM:DESERT2","WENUT_TUNNEL_UG1","underground + overlay","须弥 / 千壑沙地 / 沙虫隧道 / 沙虫隧道 · 上层","未标记默认隐藏","","plugins[""A:XM:DESERT2""].extraConfig.underground.levels[0].children[1] ; plugins[""A:XM:DESERT2""].overlayConfig.overlays[0].children[1]"
"4","须弥","千壑沙地","沙虫隧道","沙虫隧道 · 中层","沙虫隧道 · 中层","地图分层子项","","","layer:A:XM:DESERT2:WENUT_TUNNEL/WENUT_TUNNEL_UG2","layer:A:XM:DESERT2:WENUT_TUNNEL","","22","A:XM:DESERT2","WENUT_TUNNEL_UG2","underground + overlay","须弥 / 千壑沙地 / 沙虫隧道 / 沙虫隧道 · 中层","未标记默认隐藏","","plugins[""A:XM:DESERT2""].extraConfig.underground.levels[0].children[2] ; plugins[""A:XM:DESERT2""].overlayConfig.overlays[0].children[2]"
"4","须弥","千壑沙地","沙虫隧道","沙虫隧道 · 下层","沙虫隧道 · 下层","地图分层子项","","","layer:A:XM:DESERT2:WENUT_TUNNEL/WENUT_TUNNEL_UG3","layer:A:XM:DESERT2:WENUT_TUNNEL","","22","A:XM:DESERT2","WENUT_TUNNEL_UG3","underground + overlay","须弥 / 千壑沙地 / 沙虫隧道 / 沙虫隧道 · 下层","未标记默认隐藏","","plugins[""A:XM:DESERT2""].extraConfig.underground.levels[0].children[3] ; plugins[""A:XM:DESERT2""].overlayConfig.overlays[0].children[3]"
"3","须弥","千壑沙地","居尔城墟神殿","","居尔城墟神殿","地图分层目录","","","layer:A:XM:DESERT2:GURABAD_RUIN_TEMPLE","area:A:XM:DESERT2","","22","A:XM:DESERT2","GURABAD_RUIN_TEMPLE","underground + overlay","须弥 / 千壑沙地 / 居尔城墟神殿","未标记默认隐藏","","plugins[""A:XM:DESERT2""].extraConfig.underground.levels[1] ; plugins[""A:XM:DESERT2""].overlayConfig.overlays[1]"
"4","须弥","千壑沙地","居尔城墟神殿","居尔城墟神殿 · 上层","居尔城墟神殿 · 上层","地图分层子项","","","layer:A:XM:DESERT2:GURABAD_RUIN_TEMPLE/GURABAD_RUIN_TEMPLE_UG1","layer:A:XM:DESERT2:GURABAD_RUIN_TEMPLE","","22","A:XM:DESERT2","GURABAD_RUIN_TEMPLE_UG1","underground + overlay","须弥 / 千壑沙地 / 居尔城墟神殿 / 居尔城墟神殿 · 上层","未标记默认隐藏","","plugins[""A:XM:DESERT2""].extraConfig.underground.levels[1].children[0] ; plugins[""A:XM:DESERT2""].overlayConfig.overlays[1].children[0]"
"4","须弥","千壑沙地","居尔城墟神殿","居尔城墟神殿 · 下层","居尔城墟神殿 · 下层","地图分层子项","","","layer:A:XM:DESERT2:GURABAD_RUIN_TEMPLE/GURABAD_RUIN_TEMPLE_UG2","layer:A:XM:DESERT2:GURABAD_RUIN_TEMPLE","","22","A:XM:DESERT2","GURABAD_RUIN_TEMPLE_UG2","underground + overlay","须弥 / 千壑沙地 / 居尔城墟神殿 / 居尔城墟神殿 · 下层","未标记默认隐藏","","plugins[""A:XM:DESERT2""].extraConfig.underground.levels[1].children[1] ; plugins[""A:XM:DESERT2""].overlayConfig.overlays[1].children[1]"
"3","须弥","千壑沙地","达马山","","达马山","地图分层目录","","","layer:A:XM:DESERT2:DAMAVAND_MT","area:A:XM:DESERT2","","22","A:XM:DESERT2","DAMAVAND_MT","underground + overlay","须弥 / 千壑沙地 / 达马山","未标记默认隐藏","","plugins[""A:XM:DESERT2""].extraConfig.underground.levels[2] ; plugins[""A:XM:DESERT2""].overlayConfig.overlays[2]"
"4","须弥","千壑沙地","达马山","达马山遗迹 · 上层","达马山遗迹 · 上层","地图分层子项","","","layer:A:XM:DESERT2:DAMAVAND_MT/DAMAVAND_MT_UG1","layer:A:XM:DESERT2:DAMAVAND_MT","","22","A:XM:DESERT2","DAMAVAND_MT_UG1","underground + overlay","须弥 / 千壑沙地 / 达马山 / 达马山遗迹 · 上层","未标记默认隐藏","","plugins[""A:XM:DESERT2""].extraConfig.underground.levels[2].children[0] ; plugins[""A:XM:DESERT2""].overlayConfig.overlays[2].children[0]"
"4","须弥","千壑沙地","达马山","达马山遗迹 · 下层","达马山遗迹 · 下层","地图分层子项","","","layer:A:XM:DESERT2:DAMAVAND_MT/DAMAVAND_MT_UG2","layer:A:XM:DESERT2:DAMAVAND_MT","","22","A:XM:DESERT2","DAMAVAND_MT_UG2","underground + overlay","须弥 / 千壑沙地 / 达马山 / 达马山遗迹 · 下层","未标记默认隐藏","","plugins[""A:XM:DESERT2""].extraConfig.underground.levels[2].children[1] ; plugins[""A:XM:DESERT2""].overlayConfig.overlays[2].children[1]"
"4","须弥","千壑沙地","达马山","永恒绿洲","永恒绿洲","地图分层子项","","","layer:A:XM:DESERT2:DAMAVAND_MT/ETERNAL_OASIS","layer:A:XM:DESERT2:DAMAVAND_MT","","22","A:XM:DESERT2","ETERNAL_OASIS","underground + overlay","须弥 / 千壑沙地 / 达马山 / 永恒绿洲","未标记默认隐藏","","plugins[""A:XM:DESERT2""].extraConfig.underground.levels[2].children[2] ; plugins[""A:XM:DESERT2""].overlayConfig.overlays[2].children[2]"
"3","须弥","千壑沙地","镇灵监牢","","镇灵监牢","地图分层目录","","","layer:A:XM:DESERT2:LILOUPAR_CELL","area:A:XM:DESERT2","","22","A:XM:DESERT2","LILOUPAR_CELL","underground + overlay","须弥 / 千壑沙地 / 镇灵监牢","未标记默认隐藏","","plugins[""A:XM:DESERT2""].extraConfig.underground.levels[3] ; plugins[""A:XM:DESERT2""].overlayConfig.overlays[3]"
"4","须弥","千壑沙地","镇灵监牢","镇灵监牢","镇灵监牢","地图分层子项","","","layer:A:XM:DESERT2:LILOUPAR_CELL/LILOUPAR_CELL","layer:A:XM:DESERT2:LILOUPAR_CELL","","22","A:XM:DESERT2","LILOUPAR_CELL","underground + overlay","须弥 / 千壑沙地 / 镇灵监牢 / 镇灵监牢","未标记默认隐藏","","plugins[""A:XM:DESERT2""].extraConfig.underground.levels[3].children[0] ; plugins[""A:XM:DESERT2""].overlayConfig.overlays[3].children[0]"
"3","须弥","千壑沙地","阿佩普的行宫花园","","阿佩普的行宫花园","地图分层目录","","","layer:A:XM:DESERT2:APEP_GARDEN","area:A:XM:DESERT2","","22","A:XM:DESERT2","APEP_GARDEN","underground + overlay","须弥 / 千壑沙地 / 阿佩普的行宫花园","未标记默认隐藏","","plugins[""A:XM:DESERT2""].extraConfig.underground.levels[4] ; plugins[""A:XM:DESERT2""].overlayConfig.overlays[4]"
"4","须弥","千壑沙地","阿佩普的行宫花园","阿佩普的行宫花园","阿佩普的行宫花园","地图分层子项","","","layer:A:XM:DESERT2:APEP_GARDEN/APEP_GARDEN","layer:A:XM:DESERT2:APEP_GARDEN","","22","A:XM:DESERT2","APEP_GARDEN","underground + overlay","须弥 / 千壑沙地 / 阿佩普的行宫花园 / 阿佩普的行宫花园","未标记默认隐藏","","plugins[""A:XM:DESERT2""].extraConfig.underground.levels[4].children[0] ; plugins[""A:XM:DESERT2""].overlayConfig.overlays[4].children[0]"
"2","须弥","苍漠囿土","","","苍漠囿土","API地区","","","area:A:XM:DESERT3","area:C:XM","23","23","A:XM:DESERT3","","area-api","须弥 / 苍漠囿土","未标记默认隐藏","","area[id=23]"
"3","须弥","苍漠囿土","阻勒隘","","阻勒隘","地图分层目录","","","layer:A:XM:DESERT3:ZULQARNAIN_GATE","area:A:XM:DESERT3","","23","A:XM:DESERT3","ZULQARNAIN_GATE","underground + overlay","须弥 / 苍漠囿土 / 阻勒隘","未标记默认隐藏","","plugins[""A:XM:DESERT3""].extraConfig.underground.levels[0] ; plugins[""A:XM:DESERT3""].overlayConfig.overlays[0]"
"4","须弥","苍漠囿土","阻勒隘","阻勒隘 · 地下洞窟","阻勒隘 · 地下洞窟","地图分层子项","","","layer:A:XM:DESERT3:ZULQARNAIN_GATE/ZULQARNAIN_GATE_UG_CAVE","layer:A:XM:DESERT3:ZULQARNAIN_GATE","","23","A:XM:DESERT3","ZULQARNAIN_GATE_UG_CAVE","underground + overlay","须弥 / 苍漠囿土 / 阻勒隘 / 阻勒隘 · 地下洞窟","未标记默认隐藏","","plugins[""A:XM:DESERT3""].extraConfig.underground.levels[0].children[0] ; plugins[""A:XM:DESERT3""].overlayConfig.overlays[0].children[0]"
"3","须弥","苍漠囿土","逾渊地墟","","逾渊地墟","地图分层目录","","","layer:A:XM:DESERT3:HANGEH_AFRASIYAB","area:A:XM:DESERT3","","23","A:XM:DESERT3","HANGEH_AFRASIYAB","underground + overlay","须弥 / 苍漠囿土 / 逾渊地墟","未标记默认隐藏","","plugins[""A:XM:DESERT3""].extraConfig.underground.levels[1] ; plugins[""A:XM:DESERT3""].overlayConfig.overlays[1]"
"4","须弥","苍漠囿土","逾渊地墟","逾渊地墟 · 上层","逾渊地墟 · 上层","地图分层子项","","","layer:A:XM:DESERT3:HANGEH_AFRASIYAB/HANGEH_AFRASIYAB_UG1","layer:A:XM:DESERT3:HANGEH_AFRASIYAB","","23","A:XM:DESERT3","HANGEH_AFRASIYAB_UG1","underground + overlay","须弥 / 苍漠囿土 / 逾渊地墟 / 逾渊地墟 · 上层","未标记默认隐藏","","plugins[""A:XM:DESERT3""].extraConfig.underground.levels[1].children[0] ; plugins[""A:XM:DESERT3""].overlayConfig.overlays[1].children[0]"
"4","须弥","苍漠囿土","逾渊地墟","逾渊地墟 · 下层","逾渊地墟 · 下层","地图分层子项","","","layer:A:XM:DESERT3:HANGEH_AFRASIYAB/HANGEH_AFRASIYAB_UG2","layer:A:XM:DESERT3:HANGEH_AFRASIYAB","","23","A:XM:DESERT3","HANGEH_AFRASIYAB_UG2","underground + overlay","须弥 / 苍漠囿土 / 逾渊地墟 / 逾渊地墟 · 下层","未标记默认隐藏","","plugins[""A:XM:DESERT3""].extraConfig.underground.levels[1].children[1] ; plugins[""A:XM:DESERT3""].overlayConfig.overlays[1].children[1]"
"3","须弥","苍漠囿土","精石铜城","","精石铜城","地图分层目录","","","layer:A:XM:DESERT3:MADINAT_ALNUHAS","area:A:XM:DESERT3","","23","A:XM:DESERT3","MADINAT_ALNUHAS","underground + overlay","须弥 / 苍漠囿土 / 精石铜城","未标记默认隐藏","","plugins[""A:XM:DESERT3""].extraConfig.underground.levels[2] ; plugins[""A:XM:DESERT3""].overlayConfig.overlays[2]"
"4","须弥","苍漠囿土","精石铜城","精石铜城 · 上层","精石铜城 · 上层","地图分层子项","","","layer:A:XM:DESERT3:MADINAT_ALNUHAS/MADINAT_ALNUHAS_UG1","layer:A:XM:DESERT3:MADINAT_ALNUHAS","","23","A:XM:DESERT3","MADINAT_ALNUHAS_UG1","underground + overlay","须弥 / 苍漠囿土 / 精石铜城 / 精石铜城 · 上层","未标记默认隐藏","","plugins[""A:XM:DESERT3""].extraConfig.underground.levels[2].children[0] ; plugins[""A:XM:DESERT3""].overlayConfig.overlays[2].children[0]"
"4","须弥","苍漠囿土","精石铜城","精石铜城 · 下层","精石铜城 · 下层","地图分层子项","","","layer:A:XM:DESERT3:MADINAT_ALNUHAS/MADINAT_ALNUHAS_UG2","layer:A:XM:DESERT3:MADINAT_ALNUHAS","","23","A:XM:DESERT3","MADINAT_ALNUHAS_UG2","underground + overlay","须弥 / 苍漠囿土 / 精石铜城 / 精石铜城 · 下层","未标记默认隐藏","","plugins[""A:XM:DESERT3""].extraConfig.underground.levels[2].children[1] ; plugins[""A:XM:DESERT3""].overlayConfig.overlays[2].children[1]"
"3","须弥","苍漠囿土","通向枫丹","","通向枫丹","地图分层目录","","","layer:A:XM:DESERT3:TO_FONTAINE","area:A:XM:DESERT3","","23","A:XM:DESERT3","TO_FONTAINE","underground + overlay","须弥 / 苍漠囿土 / 通向枫丹","未标记默认隐藏","","plugins[""A:XM:DESERT3""].extraConfig.underground.levels[3] ; plugins[""A:XM:DESERT3""].overlayConfig.overlays[3]"
"4","须弥","苍漠囿土","通向枫丹","遗忘之路","遗忘之路","地图分层子项","","","layer:A:XM:DESERT3:TO_FONTAINE/FORGOTTEN_PATH","layer:A:XM:DESERT3:TO_FONTAINE","","23","A:XM:DESERT3","FORGOTTEN_PATH","underground + overlay","须弥 / 苍漠囿土 / 通向枫丹 / 遗忘之路","未标记默认隐藏","","plugins[""A:XM:DESERT3""].extraConfig.underground.levels[3].children[0] ; plugins[""A:XM:DESERT3""].overlayConfig.overlays[3].children[0]"
"3","须弥","苍漠囿土","甘露花海","","甘露花海","地图分层目录","","","layer:A:XM:DESERT3:VOURUKASHA_OASIS","area:A:XM:DESERT3","","23","A:XM:DESERT3","VOURUKASHA_OASIS","underground + overlay","须弥 / 苍漠囿土 / 甘露花海","未标记默认隐藏","","plugins[""A:XM:DESERT3""].extraConfig.underground.levels[4] ; plugins[""A:XM:DESERT3""].overlayConfig.overlays[4]"
"4","须弥","苍漠囿土","甘露花海","万种母树","万种母树","地图分层子项","","","layer:A:XM:DESERT3:VOURUKASHA_OASIS/HARVISPTOKHM","layer:A:XM:DESERT3:VOURUKASHA_OASIS","","23","A:XM:DESERT3","HARVISPTOKHM","underground + overlay","须弥 / 苍漠囿土 / 甘露花海 / 万种母树","未标记默认隐藏","","plugins[""A:XM:DESERT3""].extraConfig.underground.levels[4].children[0] ; plugins[""A:XM:DESERT3""].overlayConfig.overlays[4].children[0]"
"4","须弥","苍漠囿土","甘露花海","甘露池","甘露池","地图分层子项","","","layer:A:XM:DESERT3:VOURUKASHA_OASIS/AMRITA_POOL","layer:A:XM:DESERT3:VOURUKASHA_OASIS","","23","A:XM:DESERT3","AMRITA_POOL","underground + overlay","须弥 / 苍漠囿土 / 甘露花海 / 甘露池","未标记默认隐藏","","plugins[""A:XM:DESERT3""].extraConfig.underground.levels[4].children[1] ; plugins[""A:XM:DESERT3""].overlayConfig.overlays[4].children[1]"
"3","须弥","苍漠囿土","其他","","其他","地图分层目录","","","layer:A:XM:DESERT3:OTHER","area:A:XM:DESERT3","","23","A:XM:DESERT3","OTHER","underground + overlay","须弥 / 苍漠囿土 / 其他","未标记默认隐藏","","plugins[""A:XM:DESERT3""].extraConfig.underground.levels[5] ; plugins[""A:XM:DESERT3""].overlayConfig.overlays[5]"
"4","须弥","苍漠囿土","其他","林泽诸窟","林泽诸窟","地图分层子项","","","layer:A:XM:DESERT3:OTHER/%40SWAMP_CAVERN","layer:A:XM:DESERT3:OTHER","","23","A:XM:DESERT3","@SWAMP_CAVERN","underground + overlay","须弥 / 苍漠囿土 / 其他 / 林泽诸窟","未标记默认隐藏","","plugins[""A:XM:DESERT3""].extraConfig.underground.levels[5].children[0] ; plugins[""A:XM:DESERT3""].overlayConfig.overlays[5].children[0]"
"4","须弥","苍漠囿土","其他","铁穆窟","铁穆窟","地图分层子项","","","layer:A:XM:DESERT3:OTHER/%40TEMIR_CAVE","layer:A:XM:DESERT3:OTHER","","23","A:XM:DESERT3","@TEMIR_CAVE","underground + overlay","须弥 / 苍漠囿土 / 其他 / 铁穆窟","未标记默认隐藏","","plugins[""A:XM:DESERT3""].extraConfig.underground.levels[5].children[1] ; plugins[""A:XM:DESERT3""].overlayConfig.overlays[5].children[1]"
"1","琉形蜃境","","","","琉形蜃境","顶级分类","","","area:C:VELURIYAM","","25","25","C:VELURIYAM","","area-api","琉形蜃境","包含默认隐藏分类","","area[id=25]"
"2","琉形蜃境","琉形蜃境(3.8)","","","琉形蜃境(3.8)","API地区","","","area:A:VELURIYAM:3_8","area:C:VELURIYAM","26","26","A:VELURIYAM:3_8","","area-api","琉形蜃境 / 琉形蜃境(3.8)","包含默认隐藏分类","","area[id=26]"
"1","枫丹","","","","枫丹","顶级分类","","","area:C:FD","","27","27","C:FD","","area-api","枫丹","未标记默认隐藏","","area[id=27]"
"2","枫丹","枫丹廷区、白露区、苍晶区","","","枫丹廷区、白露区、苍晶区","API地区","","","area:A:FD:FENGDAN","area:C:FD","28","28","A:FD:FENGDAN","","area-api","枫丹 / 枫丹廷区、白露区、苍晶区","未标记默认隐藏","","area[id=28]"
"3","枫丹","枫丹廷区、白露区、苍晶区","大枫丹湖","","大枫丹湖","地图分层目录","","","layer:A:FD:FENGDAN:GRAND_FONTAINE_LAKE","area:A:FD:FENGDAN","","28","A:FD:FENGDAN","GRAND_FONTAINE_LAKE","underground + overlay","枫丹 / 枫丹廷区、白露区、苍晶区 / 大枫丹湖","未标记默认隐藏","","plugins[""A:FD:FENGDAN""].extraConfig.underground.levels[0] ; plugins[""A:FD:FENGDAN""].overlayConfig.overlays[0]"
"4","枫丹","枫丹廷区、白露区、苍晶区","大枫丹湖","万水之源 · 大枫丹湖","万水之源 · 大枫丹湖","地图分层子项","","","layer:A:FD:FENGDAN:GRAND_FONTAINE_LAKE/GRAND_FONTAINE_LAKE","layer:A:FD:FENGDAN:GRAND_FONTAINE_LAKE","","28","A:FD:FENGDAN","GRAND_FONTAINE_LAKE","underground + overlay","枫丹 / 枫丹廷区、白露区、苍晶区 / 大枫丹湖 / 万水之源 · 大枫丹湖","未标记默认隐藏","","plugins[""A:FD:FENGDAN""].extraConfig.underground.levels[0].children[0] ; plugins[""A:FD:FENGDAN""].overlayConfig.overlays[0].children[0]"
"4","枫丹","枫丹廷区、白露区、苍晶区","大枫丹湖","报偿之河","报偿之河","地图分层子项","","","layer:A:FD:FENGDAN:GRAND_FONTAINE_LAKE/TALIONIS_RIVER","layer:A:FD:FENGDAN:GRAND_FONTAINE_LAKE","","28","A:FD:FENGDAN","TALIONIS_RIVER","underground + overlay","枫丹 / 枫丹廷区、白露区、苍晶区 / 大枫丹湖 / 报偿之河","未标记默认隐藏","","plugins[""A:FD:FENGDAN""].extraConfig.underground.levels[0].children[1] ; plugins[""A:FD:FENGDAN""].overlayConfig.overlays[0].children[1]"
"4","枫丹","枫丹廷区、白露区、苍晶区","大枫丹湖","幻人的襁褓","幻人的襁褓","地图分层子项","","","layer:A:FD:FENGDAN:GRAND_FONTAINE_LAKE/TULPA_SWADDLE","layer:A:FD:FENGDAN:GRAND_FONTAINE_LAKE","","28","A:FD:FENGDAN","TULPA_SWADDLE","underground + overlay","枫丹 / 枫丹廷区、白露区、苍晶区 / 大枫丹湖 / 幻人的襁褓","未标记默认隐藏","","plugins[""A:FD:FENGDAN""].extraConfig.underground.levels[0].children[2] ; plugins[""A:FD:FENGDAN""].overlayConfig.overlays[0].children[2]"
"4","枫丹","枫丹廷区、白露区、苍晶区","大枫丹湖","欧蒂克莱尔","欧蒂克莱尔","地图分层子项","","","layer:A:FD:FENGDAN:GRAND_FONTAINE_LAKE/HAUTECLAIRE","layer:A:FD:FENGDAN:GRAND_FONTAINE_LAKE","","28","A:FD:FENGDAN","HAUTECLAIRE","underground + overlay","枫丹 / 枫丹廷区、白露区、苍晶区 / 大枫丹湖 / 欧蒂克莱尔","未标记默认隐藏","","plugins[""A:FD:FENGDAN""].extraConfig.underground.levels[0].children[3] ; plugins[""A:FD:FENGDAN""].overlayConfig.overlays[0].children[3]"
"3","枫丹","枫丹廷区、白露区、苍晶区","水下城墟","","水下城墟","地图分层目录","","","layer:A:FD:FENGDAN:UNDERWATER_RUIN","area:A:FD:FENGDAN","","28","A:FD:FENGDAN","UNDERWATER_RUIN","underground + overlay","枫丹 / 枫丹廷区、白露区、苍晶区 / 水下城墟","未标记默认隐藏","","plugins[""A:FD:FENGDAN""].extraConfig.underground.levels[1] ; plugins[""A:FD:FENGDAN""].overlayConfig.overlays[1]"
"4","枫丹","枫丹廷区、白露区、苍晶区","水下城墟","水下城墟 · 外围区域","水下城墟 · 外围区域","地图分层子项","","","layer:A:FD:FENGDAN:UNDERWATER_RUIN/UNDERWATER_RUIN_OUTER","layer:A:FD:FENGDAN:UNDERWATER_RUIN","","28","A:FD:FENGDAN","UNDERWATER_RUIN_OUTER","underground + overlay","枫丹 / 枫丹廷区、白露区、苍晶区 / 水下城墟 / 水下城墟 · 外围区域","未标记默认隐藏","","plugins[""A:FD:FENGDAN""].extraConfig.underground.levels[1].children[0] ; plugins[""A:FD:FENGDAN""].overlayConfig.overlays[1].children[0]"
"4","枫丹","枫丹廷区、白露区、苍晶区","水下城墟","水下城墟 · 中心区域","水下城墟 · 中心区域","地图分层子项","","","layer:A:FD:FENGDAN:UNDERWATER_RUIN/UNDERWATER_RUIN_CENTER","layer:A:FD:FENGDAN:UNDERWATER_RUIN","","28","A:FD:FENGDAN","UNDERWATER_RUIN_CENTER","underground + overlay","枫丹 / 枫丹廷区、白露区、苍晶区 / 水下城墟 / 水下城墟 · 中心区域","未标记默认隐藏","","plugins[""A:FD:FENGDAN""].extraConfig.underground.levels[1].children[1] ; plugins[""A:FD:FENGDAN""].overlayConfig.overlays[1].children[1]"
"4","枫丹","枫丹廷区、白露区、苍晶区","水下城墟","水下城墟 · 北部区域","水下城墟 · 北部区域","地图分层子项","","","layer:A:FD:FENGDAN:UNDERWATER_RUIN/UNDERWATER_RUIN_NORTH","layer:A:FD:FENGDAN:UNDERWATER_RUIN","","28","A:FD:FENGDAN","UNDERWATER_RUIN_NORTH","underground + overlay","枫丹 / 枫丹廷区、白露区、苍晶区 / 水下城墟 / 水下城墟 · 北部区域","未标记默认隐藏","","plugins[""A:FD:FENGDAN""].extraConfig.underground.levels[1].children[2] ; plugins[""A:FD:FENGDAN""].overlayConfig.overlays[1].children[2]"
"3","枫丹","枫丹廷区、白露区、苍晶区","安眠处","","安眠处","地图分层目录","","","layer:A:FD:FENGDAN:ANNAPAUSIS","area:A:FD:FENGDAN","","28","A:FD:FENGDAN","ANNAPAUSIS","underground + overlay","枫丹 / 枫丹廷区、白露区、苍晶区 / 安眠处","未标记默认隐藏","","plugins[""A:FD:FENGDAN""].extraConfig.underground.levels[2] ; plugins[""A:FD:FENGDAN""].overlayConfig.overlays[2]"
"4","枫丹","枫丹廷区、白露区、苍晶区","安眠处","安眠处","安眠处","地图分层子项","","","layer:A:FD:FENGDAN:ANNAPAUSIS/ANNAPAUSIS","layer:A:FD:FENGDAN:ANNAPAUSIS","","28","A:FD:FENGDAN","ANNAPAUSIS","underground + overlay","枫丹 / 枫丹廷区、白露区、苍晶区 / 安眠处 / 安眠处","未标记默认隐藏","","plugins[""A:FD:FENGDAN""].extraConfig.underground.levels[2].children[0] ; plugins[""A:FD:FENGDAN""].overlayConfig.overlays[2].children[0]"
"4","枫丹","枫丹廷区、白露区、苍晶区","安眠处","高塔尽头的回旋长廊","高塔尽头的回旋长廊","地图分层子项","","","layer:A:FD:FENGDAN:ANNAPAUSIS/ANNAPAUSIS_LONG_CORRIDOR","layer:A:FD:FENGDAN:ANNAPAUSIS","","28","A:FD:FENGDAN","ANNAPAUSIS_LONG_CORRIDOR","underground + overlay","枫丹 / 枫丹廷区、白露区、苍晶区 / 安眠处 / 高塔尽头的回旋长廊","未标记默认隐藏","","plugins[""A:FD:FENGDAN""].extraConfig.underground.levels[2].children[1] ; plugins[""A:FD:FENGDAN""].overlayConfig.overlays[2].children[1]"
"4","枫丹","枫丹廷区、白露区、苍晶区","安眠处","跳出回旋长廊之后","跳出回旋长廊之后","地图分层子项","","","layer:A:FD:FENGDAN:ANNAPAUSIS/ANNAPAUSIS_POST_LONG_CORRIDOR","layer:A:FD:FENGDAN:ANNAPAUSIS","","28","A:FD:FENGDAN","ANNAPAUSIS_POST_LONG_CORRIDOR","underground + overlay","枫丹 / 枫丹廷区、白露区、苍晶区 / 安眠处 / 跳出回旋长廊之后","未标记默认隐藏","","plugins[""A:FD:FENGDAN""].extraConfig.underground.levels[2].children[2] ; plugins[""A:FD:FENGDAN""].overlayConfig.overlays[2].children[2]"
"4","枫丹","枫丹廷区、白露区、苍晶区","安眠处","阿兰 · 吉约丹的安眠处","阿兰 · 吉约丹的安眠处","地图分层子项","","","layer:A:FD:FENGDAN:ANNAPAUSIS/ALAIN_GUILLOTIN_REST_PLACE","layer:A:FD:FENGDAN:ANNAPAUSIS","","28","A:FD:FENGDAN","ALAIN_GUILLOTIN_REST_PLACE","underground + overlay","枫丹 / 枫丹廷区、白露区、苍晶区 / 安眠处 / 阿兰 · 吉约丹的安眠处","未标记默认隐藏","","plugins[""A:FD:FENGDAN""].extraConfig.underground.levels[2].children[3] ; plugins[""A:FD:FENGDAN""].overlayConfig.overlays[2].children[3]"
"3","枫丹","枫丹廷区、白露区、苍晶区","厄里那斯内部","","厄里那斯内部","地图分层目录","","","layer:A:FD:FENGDAN:ELYNAS_INNER","area:A:FD:FENGDAN","","28","A:FD:FENGDAN","ELYNAS_INNER","underground + overlay","枫丹 / 枫丹廷区、白露区、苍晶区 / 厄里那斯内部","未标记默认隐藏","","plugins[""A:FD:FENGDAN""].extraConfig.underground.levels[3] ; plugins[""A:FD:FENGDAN""].overlayConfig.overlays[3]"
"4","枫丹","枫丹廷区、白露区、苍晶区","厄里那斯内部","厄里那斯内部 · 北区","厄里那斯内部 · 北区","地图分层子项","","","layer:A:FD:FENGDAN:ELYNAS_INNER/ELYNAS_INNER_NORTH","layer:A:FD:FENGDAN:ELYNAS_INNER","","28","A:FD:FENGDAN","ELYNAS_INNER_NORTH","underground + overlay","枫丹 / 枫丹廷区、白露区、苍晶区 / 厄里那斯内部 / 厄里那斯内部 · 北区","未标记默认隐藏","","plugins[""A:FD:FENGDAN""].extraConfig.underground.levels[3].children[0] ; plugins[""A:FD:FENGDAN""].overlayConfig.overlays[3].children[0]"
"4","枫丹","枫丹廷区、白露区、苍晶区","厄里那斯内部","厄里那斯内部 · 南区","厄里那斯内部 · 南区","地图分层子项","","","layer:A:FD:FENGDAN:ELYNAS_INNER/ELYNAS_INNER_SOUTH","layer:A:FD:FENGDAN:ELYNAS_INNER","","28","A:FD:FENGDAN","ELYNAS_INNER_SOUTH","underground + overlay","枫丹 / 枫丹廷区、白露区、苍晶区 / 厄里那斯内部 / 厄里那斯内部 · 南区","未标记默认隐藏","","plugins[""A:FD:FENGDAN""].extraConfig.underground.levels[3].children[1] ; plugins[""A:FD:FENGDAN""].overlayConfig.overlays[3].children[1]"
"4","枫丹","枫丹廷区、白露区、苍晶区","厄里那斯内部","？？？","？？？","地图分层子项","","","layer:A:FD:FENGDAN:ELYNAS_INNER/%40FONTAINE_MYSTERIOUS_SPACE","layer:A:FD:FENGDAN:ELYNAS_INNER","","28","A:FD:FENGDAN","@FONTAINE_MYSTERIOUS_SPACE","underground","枫丹 / 枫丹廷区、白露区、苍晶区 / 厄里那斯内部 / ？？？","未标记默认隐藏","原配置为问号","plugins[""A:FD:FENGDAN""].extraConfig.underground.levels[3].children[2]"
"3","枫丹","枫丹廷区、白露区、苍晶区","地下小镇","","地下小镇","地图分层目录","","","layer:A:FD:FENGDAN:UNDERGROUND_TOWNLET","area:A:FD:FENGDAN","","28","A:FD:FENGDAN","UNDERGROUND_TOWNLET","underground + overlay","枫丹 / 枫丹廷区、白露区、苍晶区 / 地下小镇","未标记默认隐藏","","plugins[""A:FD:FENGDAN""].extraConfig.underground.levels[4] ; plugins[""A:FD:FENGDAN""].overlayConfig.overlays[4]"
"4","枫丹","枫丹廷区、白露区、苍晶区","地下小镇","灰河","灰河","地图分层子项","","","layer:A:FD:FENGDAN:UNDERGROUND_TOWNLET/ASH_RIVER","layer:A:FD:FENGDAN:UNDERGROUND_TOWNLET","","28","A:FD:FENGDAN","ASH_RIVER","underground + overlay","枫丹 / 枫丹廷区、白露区、苍晶区 / 地下小镇 / 灰河","未标记默认隐藏","","plugins[""A:FD:FENGDAN""].extraConfig.underground.levels[4].children[0] ; plugins[""A:FD:FENGDAN""].overlayConfig.overlays[4].children[0]"
"4","枫丹","枫丹廷区、白露区、苍晶区","地下小镇","白淞镇","白淞镇","地图分层子项","","","layer:A:FD:FENGDAN:UNDERGROUND_TOWNLET/POISSON","layer:A:FD:FENGDAN:UNDERGROUND_TOWNLET","","28","A:FD:FENGDAN","POISSON","underground + overlay","枫丹 / 枫丹廷区、白露区、苍晶区 / 地下小镇 / 白淞镇","未标记默认隐藏","","plugins[""A:FD:FENGDAN""].extraConfig.underground.levels[4].children[1] ; plugins[""A:FD:FENGDAN""].overlayConfig.overlays[4].children[1]"
"3","枫丹","枫丹廷区、白露区、苍晶区","炽热水域","","炽热水域","地图分层目录","","","layer:A:FD:FENGDAN:PYRO_AQUATORIUM","area:A:FD:FENGDAN","","28","A:FD:FENGDAN","PYRO_AQUATORIUM","underground + overlay","枫丹 / 枫丹廷区、白露区、苍晶区 / 炽热水域","未标记默认隐藏","","plugins[""A:FD:FENGDAN""].extraConfig.underground.levels[5] ; plugins[""A:FD:FENGDAN""].overlayConfig.overlays[5]"
"4","枫丹","枫丹廷区、白露区、苍晶区","炽热水域","炽热的洞窟 · 上层","炽热的洞窟 · 上层","地图分层子项","","","layer:A:FD:FENGDAN:PYRO_AQUATORIUM/PYRO_CAVE_UG1","layer:A:FD:FENGDAN:PYRO_AQUATORIUM","","28","A:FD:FENGDAN","PYRO_CAVE_UG1","underground + overlay","枫丹 / 枫丹廷区、白露区、苍晶区 / 炽热水域 / 炽热的洞窟 · 上层","未标记默认隐藏","","plugins[""A:FD:FENGDAN""].extraConfig.underground.levels[5].children[0] ; plugins[""A:FD:FENGDAN""].overlayConfig.overlays[5].children[0]"
"4","枫丹","枫丹廷区、白露区、苍晶区","炽热水域","炽热的洞窟 · 下层","炽热的洞窟 · 下层","地图分层子项","","","layer:A:FD:FENGDAN:PYRO_AQUATORIUM/PYRO_CAVE_UG2","layer:A:FD:FENGDAN:PYRO_AQUATORIUM","","28","A:FD:FENGDAN","PYRO_CAVE_UG2","underground + overlay","枫丹 / 枫丹廷区、白露区、苍晶区 / 炽热水域 / 炽热的洞窟 · 下层","未标记默认隐藏","","plugins[""A:FD:FENGDAN""].extraConfig.underground.levels[5].children[1] ; plugins[""A:FD:FENGDAN""].overlayConfig.overlays[5].children[1]"
"4","枫丹","枫丹廷区、白露区、苍晶区","炽热水域","沉船残骸","沉船残骸","地图分层子项","","","layer:A:FD:FENGDAN:PYRO_AQUATORIUM/SANK_SHIP_WRECKAGE","layer:A:FD:FENGDAN:PYRO_AQUATORIUM","","28","A:FD:FENGDAN","SANK_SHIP_WRECKAGE","underground + overlay","枫丹 / 枫丹廷区、白露区、苍晶区 / 炽热水域 / 沉船残骸","未标记默认隐藏","","plugins[""A:FD:FENGDAN""].extraConfig.underground.levels[5].children[2] ; plugins[""A:FD:FENGDAN""].overlayConfig.overlays[5].children[2]"
"4","枫丹","枫丹廷区、白露区、苍晶区","炽热水域","「铁甲熔火帝皇御座」","「铁甲熔火帝皇御座」","地图分层子项","","","layer:A:FD:FENGDAN:PYRO_AQUATORIUM/FIRE_IRON_EMPEROR_THRONE","layer:A:FD:FENGDAN:PYRO_AQUATORIUM","","28","A:FD:FENGDAN","FIRE_IRON_EMPEROR_THRONE","underground + overlay","枫丹 / 枫丹廷区、白露区、苍晶区 / 炽热水域 / 「铁甲熔火帝皇御座」","未标记默认隐藏","","plugins[""A:FD:FENGDAN""].extraConfig.underground.levels[5].children[3] ; plugins[""A:FD:FENGDAN""].overlayConfig.overlays[5].children[3]"
"4","枫丹","枫丹廷区、白露区、苍晶区","炽热水域","隐居处","隐居处","地图分层子项","","","layer:A:FD:FENGDAN:PYRO_AQUATORIUM/PYRO_HIDDEN_DWELLING","layer:A:FD:FENGDAN:PYRO_AQUATORIUM","","28","A:FD:FENGDAN","PYRO_HIDDEN_DWELLING","underground + overlay","枫丹 / 枫丹廷区、白露区、苍晶区 / 炽热水域 / 隐居处","未标记默认隐藏","","plugins[""A:FD:FENGDAN""].extraConfig.underground.levels[5].children[4] ; plugins[""A:FD:FENGDAN""].overlayConfig.overlays[5].children[4]"
"2","枫丹","枫丹动能工程科学研究院区、黎翡区","","","枫丹动能工程科学研究院区、黎翡区","API地区","","","area:A:FD:FENGDAN2","area:C:FD","29","29","A:FD:FENGDAN2","","area-api","枫丹 / 枫丹动能工程科学研究院区、黎翡区","未标记默认隐藏","","area[id=29]"
"3","枫丹","枫丹动能工程科学研究院区、黎翡区","大枫丹湖","","大枫丹湖","地图分层目录","","","layer:A:FD:FENGDAN2:GRAND_FONTAINE_LAKE","area:A:FD:FENGDAN2","","29","A:FD:FENGDAN2","GRAND_FONTAINE_LAKE","underground + overlay","枫丹 / 枫丹动能工程科学研究院区、黎翡区 / 大枫丹湖","未标记默认隐藏","","plugins[""A:FD:FENGDAN2""].extraConfig.underground.levels[0] ; plugins[""A:FD:FENGDAN2""].overlayConfig.overlays[1]"
"4","枫丹","枫丹动能工程科学研究院区、黎翡区","大枫丹湖","万水之源 · 大枫丹湖","万水之源 · 大枫丹湖","地图分层子项","","","layer:A:FD:FENGDAN2:GRAND_FONTAINE_LAKE/GRAND_FONTAINE_LAKE","layer:A:FD:FENGDAN2:GRAND_FONTAINE_LAKE","","29","A:FD:FENGDAN2","GRAND_FONTAINE_LAKE","underground + overlay","枫丹 / 枫丹动能工程科学研究院区、黎翡区 / 大枫丹湖 / 万水之源 · 大枫丹湖","未标记默认隐藏","","plugins[""A:FD:FENGDAN2""].extraConfig.underground.levels[0].children[0] ; plugins[""A:FD:FENGDAN2""].overlayConfig.overlays[1].children[0]"
"4","枫丹","枫丹动能工程科学研究院区、黎翡区","大枫丹湖","水下洞窟","水下洞窟","地图分层子项","","","layer:A:FD:FENGDAN2:GRAND_FONTAINE_LAKE/UNDERWATER_CAVE","layer:A:FD:FENGDAN2:GRAND_FONTAINE_LAKE","","29","A:FD:FENGDAN2","UNDERWATER_CAVE","underground + overlay","枫丹 / 枫丹动能工程科学研究院区、黎翡区 / 大枫丹湖 / 水下洞窟","未标记默认隐藏","","plugins[""A:FD:FENGDAN2""].extraConfig.underground.levels[0].children[1] ; plugins[""A:FD:FENGDAN2""].overlayConfig.overlays[1].children[1]"
"4","枫丹","枫丹动能工程科学研究院区、黎翡区","大枫丹湖","水下岩道","水下岩道","地图分层子项","","","layer:A:FD:FENGDAN2:GRAND_FONTAINE_LAKE/UNDERWATER_ROCK_PATH","layer:A:FD:FENGDAN2:GRAND_FONTAINE_LAKE","","29","A:FD:FENGDAN2","UNDERWATER_ROCK_PATH","underground + overlay","枫丹 / 枫丹动能工程科学研究院区、黎翡区 / 大枫丹湖 / 水下岩道","未标记默认隐藏","","plugins[""A:FD:FENGDAN2""].extraConfig.underground.levels[0].children[2] ; plugins[""A:FD:FENGDAN2""].overlayConfig.overlays[1].children[2]"
"4","枫丹","枫丹动能工程科学研究院区、黎翡区","大枫丹湖","「千年珍珠骏麟王庭」","「千年珍珠骏麟王庭」","地图分层子项","","","layer:A:FD:FENGDAN2:GRAND_FONTAINE_LAKE/MILLENNIAL_PEARL_SEAHORSE","layer:A:FD:FENGDAN2:GRAND_FONTAINE_LAKE","","29","A:FD:FENGDAN2","MILLENNIAL_PEARL_SEAHORSE","underground + overlay","枫丹 / 枫丹动能工程科学研究院区、黎翡区 / 大枫丹湖 / 「千年珍珠骏麟王庭」","未标记默认隐藏","","plugins[""A:FD:FENGDAN2""].extraConfig.underground.levels[0].children[3] ; plugins[""A:FD:FENGDAN2""].overlayConfig.overlays[1].children[3]"
"3","枫丹","枫丹动能工程科学研究院区、黎翡区","梅洛彼得堡","","梅洛彼得堡","地图分层目录","","","layer:A:FD:FENGDAN2:MEROPIDE_FORTRESS","area:A:FD:FENGDAN2","","29","A:FD:FENGDAN2","MEROPIDE_FORTRESS","underground + overlay","枫丹 / 枫丹动能工程科学研究院区、黎翡区 / 梅洛彼得堡","未标记默认隐藏","","plugins[""A:FD:FENGDAN2""].extraConfig.underground.levels[1] ; plugins[""A:FD:FENGDAN2""].overlayConfig.overlays[2]"
"4","枫丹","枫丹动能工程科学研究院区、黎翡区","梅洛彼得堡","梅洛彼得堡 · 接待处","梅洛彼得堡 · 接待处","地图分层子项","","","layer:A:FD:FENGDAN2:MEROPIDE_FORTRESS/MEROPIDE_FORTRESS_RECEPTION_ROOM","layer:A:FD:FENGDAN2:MEROPIDE_FORTRESS","","29","A:FD:FENGDAN2","MEROPIDE_FORTRESS_RECEPTION_ROOM","underground + overlay","枫丹 / 枫丹动能工程科学研究院区、黎翡区 / 梅洛彼得堡 / 梅洛彼得堡 · 接待处","未标记默认隐藏","","plugins[""A:FD:FENGDAN2""].extraConfig.underground.levels[1].children[0] ; plugins[""A:FD:FENGDAN2""].overlayConfig.overlays[2].children[0]"
"4","枫丹","枫丹动能工程科学研究院区、黎翡区","梅洛彼得堡","梅洛彼得堡 · 监舍区","梅洛彼得堡 · 监舍区","地图分层子项","","","layer:A:FD:FENGDAN2:MEROPIDE_FORTRESS/MEROPIDE_FORTRESS_JAIL_AREA","layer:A:FD:FENGDAN2:MEROPIDE_FORTRESS","","29","A:FD:FENGDAN2","MEROPIDE_FORTRESS_JAIL_AREA","underground + overlay","枫丹 / 枫丹动能工程科学研究院区、黎翡区 / 梅洛彼得堡 / 梅洛彼得堡 · 监舍区","未标记默认隐藏","","plugins[""A:FD:FENGDAN2""].extraConfig.underground.levels[1].children[1] ; plugins[""A:FD:FENGDAN2""].overlayConfig.overlays[2].children[1]"
"4","枫丹","枫丹动能工程科学研究院区、黎翡区","梅洛彼得堡","梅洛彼得堡 · 管理区","梅洛彼得堡 · 管理区","地图分层子项","","","layer:A:FD:FENGDAN2:MEROPIDE_FORTRESS/MEROPIDE_FORTRESS_MANAGMENT_AREA","layer:A:FD:FENGDAN2:MEROPIDE_FORTRESS","","29","A:FD:FENGDAN2","MEROPIDE_FORTRESS_MANAGMENT_AREA","underground + overlay","枫丹 / 枫丹动能工程科学研究院区、黎翡区 / 梅洛彼得堡 / 梅洛彼得堡 · 管理区","未标记默认隐藏","","plugins[""A:FD:FENGDAN2""].extraConfig.underground.levels[1].children[2] ; plugins[""A:FD:FENGDAN2""].overlayConfig.overlays[2].children[2]"
"4","枫丹","枫丹动能工程科学研究院区、黎翡区","梅洛彼得堡","梅洛彼得堡 · 生产区上层","梅洛彼得堡 · 生产区上层","地图分层子项","","","layer:A:FD:FENGDAN2:MEROPIDE_FORTRESS/MEROPIDE_FORTRESS_PRODUCING_AREA_UG1","layer:A:FD:FENGDAN2:MEROPIDE_FORTRESS","","29","A:FD:FENGDAN2","MEROPIDE_FORTRESS_PRODUCING_AREA_UG1","underground + overlay","枫丹 / 枫丹动能工程科学研究院区、黎翡区 / 梅洛彼得堡 / 梅洛彼得堡 · 生产区上层","未标记默认隐藏","","plugins[""A:FD:FENGDAN2""].extraConfig.underground.levels[1].children[3] ; plugins[""A:FD:FENGDAN2""].overlayConfig.overlays[2].children[3]"
"4","枫丹","枫丹动能工程科学研究院区、黎翡区","梅洛彼得堡","梅洛彼得堡 · 生产区下层","梅洛彼得堡 · 生产区下层","地图分层子项","","","layer:A:FD:FENGDAN2:MEROPIDE_FORTRESS/MEROPIDE_FORTRESS_PRODUCING_AREA_UG2","layer:A:FD:FENGDAN2:MEROPIDE_FORTRESS","","29","A:FD:FENGDAN2","MEROPIDE_FORTRESS_PRODUCING_AREA_UG2","underground + overlay","枫丹 / 枫丹动能工程科学研究院区、黎翡区 / 梅洛彼得堡 / 梅洛彼得堡 · 生产区下层","未标记默认隐藏","","plugins[""A:FD:FENGDAN2""].extraConfig.underground.levels[1].children[4] ; plugins[""A:FD:FENGDAN2""].overlayConfig.overlays[2].children[4]"
"4","枫丹","枫丹动能工程科学研究院区、黎翡区","梅洛彼得堡","梅洛彼得堡 · 废弃生产区","梅洛彼得堡 · 废弃生产区","地图分层子项","","","layer:A:FD:FENGDAN2:MEROPIDE_FORTRESS/MEROPIDE_FORTRESS_ABANDONED_PRODUCING_AREA","layer:A:FD:FENGDAN2:MEROPIDE_FORTRESS","","29","A:FD:FENGDAN2","MEROPIDE_FORTRESS_ABANDONED_PRODUCING_AREA","underground + overlay","枫丹 / 枫丹动能工程科学研究院区、黎翡区 / 梅洛彼得堡 / 梅洛彼得堡 · 废弃生产区","未标记默认隐藏","","plugins[""A:FD:FENGDAN2""].extraConfig.underground.levels[1].children[5] ; plugins[""A:FD:FENGDAN2""].overlayConfig.overlays[2].children[5]"
"3","枫丹","枫丹动能工程科学研究院区、黎翡区","奎瑟尔的发条工坊","","奎瑟尔的发条工坊","地图分层目录","","","layer:A:FD:FENGDAN2:QUESEL_CLOCKWORK_WORKSHOP","area:A:FD:FENGDAN2","","29","A:FD:FENGDAN2","QUESEL_CLOCKWORK_WORKSHOP","underground + overlay","枫丹 / 枫丹动能工程科学研究院区、黎翡区 / 奎瑟尔的发条工坊","未标记默认隐藏","","plugins[""A:FD:FENGDAN2""].extraConfig.underground.levels[2] ; plugins[""A:FD:FENGDAN2""].overlayConfig.overlays[3]"
"4","枫丹","枫丹动能工程科学研究院区、黎翡区","奎瑟尔的发条工坊","奎瑟尔的发条工坊 · 入口","奎瑟尔的发条工坊 · 入口","地图分层子项","","","layer:A:FD:FENGDAN2:QUESEL_CLOCKWORK_WORKSHOP/QUESEL_CLOCKWORK_WORKSHOP_ENTRANCE","layer:A:FD:FENGDAN2:QUESEL_CLOCKWORK_WORKSHOP","","29","A:FD:FENGDAN2","QUESEL_CLOCKWORK_WORKSHOP_ENTRANCE","underground + overlay","枫丹 / 枫丹动能工程科学研究院区、黎翡区 / 奎瑟尔的发条工坊 / 奎瑟尔的发条工坊 · 入口","未标记默认隐藏","","plugins[""A:FD:FENGDAN2""].extraConfig.underground.levels[2].children[0] ; plugins[""A:FD:FENGDAN2""].overlayConfig.overlays[3].children[0]"
"4","枫丹","枫丹动能工程科学研究院区、黎翡区","奎瑟尔的发条工坊","奎瑟尔的发条工坊 · 中层","奎瑟尔的发条工坊 · 中层","地图分层子项","","","layer:A:FD:FENGDAN2:QUESEL_CLOCKWORK_WORKSHOP/QUESEL_CLOCKWORK_WORKSHOP_UG1","layer:A:FD:FENGDAN2:QUESEL_CLOCKWORK_WORKSHOP","","29","A:FD:FENGDAN2","QUESEL_CLOCKWORK_WORKSHOP_UG1","underground + overlay","枫丹 / 枫丹动能工程科学研究院区、黎翡区 / 奎瑟尔的发条工坊 / 奎瑟尔的发条工坊 · 中层","未标记默认隐藏","","plugins[""A:FD:FENGDAN2""].extraConfig.underground.levels[2].children[1] ; plugins[""A:FD:FENGDAN2""].overlayConfig.overlays[3].children[1]"
"4","枫丹","枫丹动能工程科学研究院区、黎翡区","奎瑟尔的发条工坊","奎瑟尔的发条工坊 · 下层","奎瑟尔的发条工坊 · 下层","地图分层子项","","","layer:A:FD:FENGDAN2:QUESEL_CLOCKWORK_WORKSHOP/QUESEL_CLOCKWORK_WORKSHOP_UG2","layer:A:FD:FENGDAN2:QUESEL_CLOCKWORK_WORKSHOP","","29","A:FD:FENGDAN2","QUESEL_CLOCKWORK_WORKSHOP_UG2","underground + overlay","枫丹 / 枫丹动能工程科学研究院区、黎翡区 / 奎瑟尔的发条工坊 / 奎瑟尔的发条工坊 · 下层","未标记默认隐藏","","plugins[""A:FD:FENGDAN2""].extraConfig.underground.levels[2].children[2] ; plugins[""A:FD:FENGDAN2""].overlayConfig.overlays[3].children[2]"
"3","枫丹","枫丹动能工程科学研究院区、黎翡区","废弃实验室","","废弃实验室","地图分层目录","","","layer:A:FD:FENGDAN2:ABANDONED_LABORATORY","area:A:FD:FENGDAN2","","29","A:FD:FENGDAN2","ABANDONED_LABORATORY","underground + overlay","枫丹 / 枫丹动能工程科学研究院区、黎翡区 / 废弃实验室","未标记默认隐藏","","plugins[""A:FD:FENGDAN2""].extraConfig.underground.levels[3] ; plugins[""A:FD:FENGDAN2""].overlayConfig.overlays[4]"
"4","枫丹","枫丹动能工程科学研究院区、黎翡区","废弃实验室","废弃实验室 · 上方水域","废弃实验室 · 上方水域","地图分层子项","","","layer:A:FD:FENGDAN2:ABANDONED_LABORATORY/ABANDONED_LABORATORY_AQUATORIUM","layer:A:FD:FENGDAN2:ABANDONED_LABORATORY","","29","A:FD:FENGDAN2","ABANDONED_LABORATORY_AQUATORIUM","underground + overlay","枫丹 / 枫丹动能工程科学研究院区、黎翡区 / 废弃实验室 / 废弃实验室 · 上方水域","未标记默认隐藏","","plugins[""A:FD:FENGDAN2""].extraConfig.underground.levels[3].children[0] ; plugins[""A:FD:FENGDAN2""].overlayConfig.overlays[4].children[0]"
"4","枫丹","枫丹动能工程科学研究院区、黎翡区","废弃实验室","废弃实验室 · 遗址","废弃实验室 · 遗址","地图分层子项","","","layer:A:FD:FENGDAN2:ABANDONED_LABORATORY/ABANDONED_RUIN","layer:A:FD:FENGDAN2:ABANDONED_LABORATORY","","29","A:FD:FENGDAN2","ABANDONED_RUIN","underground + overlay","枫丹 / 枫丹动能工程科学研究院区、黎翡区 / 废弃实验室 / 废弃实验室 · 遗址","未标记默认隐藏","","plugins[""A:FD:FENGDAN2""].extraConfig.underground.levels[3].children[1] ; plugins[""A:FD:FENGDAN2""].overlayConfig.overlays[4].children[1]"
"4","枫丹","枫丹动能工程科学研究院区、黎翡区","废弃实验室","废弃实验室 · 遗址下层","废弃实验室 · 遗址下层","地图分层子项","","","layer:A:FD:FENGDAN2:ABANDONED_LABORATORY/ABANDONED_RUIN_UG","layer:A:FD:FENGDAN2:ABANDONED_LABORATORY","","29","A:FD:FENGDAN2","ABANDONED_RUIN_UG","underground + overlay","枫丹 / 枫丹动能工程科学研究院区、黎翡区 / 废弃实验室 / 废弃实验室 · 遗址下层","未标记默认隐藏","","plugins[""A:FD:FENGDAN2""].extraConfig.underground.levels[3].children[2] ; plugins[""A:FD:FENGDAN2""].overlayConfig.overlays[4].children[2]"
"3","枫丹","枫丹动能工程科学研究院区、黎翡区","其他","","其他","地图分层目录","","","layer:A:FD:FENGDAN2:OTHER","area:A:FD:FENGDAN2","","29","A:FD:FENGDAN2","OTHER","underground + overlay","枫丹 / 枫丹动能工程科学研究院区、黎翡区 / 其他","未标记默认隐藏","","plugins[""A:FD:FENGDAN2""].extraConfig.underground.levels[4] ; plugins[""A:FD:FENGDAN2""].overlayConfig.overlays[5]"
"4","枫丹","枫丹动能工程科学研究院区、黎翡区","其他","布拉维的藏书室","布拉维的藏书室","地图分层子项","","","layer:A:FD:FENGDAN2:OTHER/BRAVAIS_LIBRARY","layer:A:FD:FENGDAN2:OTHER","","29","A:FD:FENGDAN2","BRAVAIS_LIBRARY","underground + overlay","枫丹 / 枫丹动能工程科学研究院区、黎翡区 / 其他 / 布拉维的藏书室","未标记默认隐藏","","plugins[""A:FD:FENGDAN2""].extraConfig.underground.levels[4].children[0] ; plugins[""A:FD:FENGDAN2""].overlayConfig.overlays[5].children[0]"
"4","枫丹","枫丹动能工程科学研究院区、黎翡区","其他","水文数据中枢处理站","水文数据中枢处理站","地图分层子项","","","layer:A:FD:FENGDAN2:OTHER/HYDROLOGY_DATA_CENTRAL_PROCESSING_STATION","layer:A:FD:FENGDAN2:OTHER","","29","A:FD:FENGDAN2","HYDROLOGY_DATA_CENTRAL_PROCESSING_STATION","underground + overlay","枫丹 / 枫丹动能工程科学研究院区、黎翡区 / 其他 / 水文数据中枢处理站","未标记默认隐藏","","plugins[""A:FD:FENGDAN2""].extraConfig.underground.levels[4].children[1] ; plugins[""A:FD:FENGDAN2""].overlayConfig.overlays[5].children[1]"
"3","枫丹","枫丹动能工程科学研究院区、黎翡区","中央实验室遗址","","中央实验室遗址","地图分层目录","","","layer:A:FD:FENGDAN2:*CENTRAL_LAB_RUIN","area:A:FD:FENGDAN2","","29","A:FD:FENGDAN2","*CENTRAL_LAB_RUIN","overlay","枫丹 / 枫丹动能工程科学研究院区、黎翡区 / 中央实验室遗址","未标记默认隐藏","","plugins[""A:FD:FENGDAN2""].overlayConfig.overlays[0]"
"4","枫丹","枫丹动能工程科学研究院区、黎翡区","中央实验室遗址","任务前","任务前","地图分层子项","","","layer:A:FD:FENGDAN2:*CENTRAL_LAB_RUIN/1","layer:A:FD:FENGDAN2:*CENTRAL_LAB_RUIN","","29","A:FD:FENGDAN2","1","overlay","枫丹 / 枫丹动能工程科学研究院区、黎翡区 / 中央实验室遗址 / 任务前","未标记默认隐藏","","plugins[""A:FD:FENGDAN2""].overlayConfig.overlays[0].children[0]"
"4","枫丹","枫丹动能工程科学研究院区、黎翡区","中央实验室遗址","任务中","任务中","地图分层子项","","","layer:A:FD:FENGDAN2:*CENTRAL_LAB_RUIN/2","layer:A:FD:FENGDAN2:*CENTRAL_LAB_RUIN","","29","A:FD:FENGDAN2","2","overlay","枫丹 / 枫丹动能工程科学研究院区、黎翡区 / 中央实验室遗址 / 任务中","未标记默认隐藏","","plugins[""A:FD:FENGDAN2""].overlayConfig.overlays[0].children[1]"
"4","枫丹","枫丹动能工程科学研究院区、黎翡区","中央实验室遗址","任务后","任务后","地图分层子项","","","layer:A:FD:FENGDAN2:*CENTRAL_LAB_RUIN/3","layer:A:FD:FENGDAN2:*CENTRAL_LAB_RUIN","","29","A:FD:FENGDAN2","3","overlay","枫丹 / 枫丹动能工程科学研究院区、黎翡区 / 中央实验室遗址 / 任务后","未标记默认隐藏","","plugins[""A:FD:FENGDAN2""].overlayConfig.overlays[0].children[2]"
"2","枫丹","莫尔泰区、伊黎耶林区","","","莫尔泰区、伊黎耶林区","API地区","","","area:A:FD:FENGDAN3","area:C:FD","30","30","A:FD:FENGDAN3","","area-api","枫丹 / 莫尔泰区、伊黎耶林区","未标记默认隐藏","","area[id=30]"
"3","枫丹","莫尔泰区、伊黎耶林区","大枫丹湖","","大枫丹湖","地图分层目录","","","layer:A:FD:FENGDAN3:GRAND_FONTAINE_LAKE","area:A:FD:FENGDAN3","","30","A:FD:FENGDAN3","GRAND_FONTAINE_LAKE","underground + overlay","枫丹 / 莫尔泰区、伊黎耶林区 / 大枫丹湖","未标记默认隐藏","","plugins[""A:FD:FENGDAN3""].extraConfig.underground.levels[0] ; plugins[""A:FD:FENGDAN3""].overlayConfig.overlays[1]"
"4","枫丹","莫尔泰区、伊黎耶林区","大枫丹湖","万水之源 · 大枫丹湖","万水之源 · 大枫丹湖","地图分层子项","","","layer:A:FD:FENGDAN3:GRAND_FONTAINE_LAKE/GRAND_FONTAINE_LAKE","layer:A:FD:FENGDAN3:GRAND_FONTAINE_LAKE","","30","A:FD:FENGDAN3","GRAND_FONTAINE_LAKE","underground + overlay","枫丹 / 莫尔泰区、伊黎耶林区 / 大枫丹湖 / 万水之源 · 大枫丹湖","未标记默认隐藏","","plugins[""A:FD:FENGDAN3""].extraConfig.underground.levels[0].children[0] ; plugins[""A:FD:FENGDAN3""].overlayConfig.overlays[1].children[0]"
"4","枫丹","莫尔泰区、伊黎耶林区","大枫丹湖","？？？","？？？","地图分层子项","","","layer:A:FD:FENGDAN3:GRAND_FONTAINE_LAKE/%40FONTAINE_MYSTERIOUS_SPACE","layer:A:FD:FENGDAN3:GRAND_FONTAINE_LAKE","","30","A:FD:FENGDAN3","@FONTAINE_MYSTERIOUS_SPACE","underground","枫丹 / 莫尔泰区、伊黎耶林区 / 大枫丹湖 / ？？？","未标记默认隐藏","原配置为问号","plugins[""A:FD:FENGDAN3""].extraConfig.underground.levels[0].children[1]"
"4","枫丹","莫尔泰区、伊黎耶林区","大枫丹湖","隐蔽的研究室","隐蔽的研究室","地图分层子项","","","layer:A:FD:FENGDAN3:GRAND_FONTAINE_LAKE/MASKED_LABORATORY","layer:A:FD:FENGDAN3:GRAND_FONTAINE_LAKE","","30","A:FD:FENGDAN3","MASKED_LABORATORY","underground + overlay","枫丹 / 莫尔泰区、伊黎耶林区 / 大枫丹湖 / 隐蔽的研究室","未标记默认隐藏","","plugins[""A:FD:FENGDAN3""].extraConfig.underground.levels[0].children[2] ; plugins[""A:FD:FENGDAN3""].overlayConfig.overlays[1].children[1]"
"3","枫丹","莫尔泰区、伊黎耶林区","伊黎耶岛地下","","伊黎耶岛地下","地图分层目录","","","layer:A:FD:FENGDAN3:ERINNYES_ISLAND","area:A:FD:FENGDAN3","","30","A:FD:FENGDAN3","ERINNYES_ISLAND","underground + overlay","枫丹 / 莫尔泰区、伊黎耶林区 / 伊黎耶岛地下","未标记默认隐藏","","plugins[""A:FD:FENGDAN3""].extraConfig.underground.levels[1] ; plugins[""A:FD:FENGDAN3""].overlayConfig.overlays[2]"
"4","枫丹","莫尔泰区、伊黎耶林区","伊黎耶岛地下","优兰尼娅湖水下","优兰尼娅湖水下","地图分层子项","","","layer:A:FD:FENGDAN3:ERINNYES_ISLAND/URANIA_LAKE_UG","layer:A:FD:FENGDAN3:ERINNYES_ISLAND","","30","A:FD:FENGDAN3","URANIA_LAKE_UG","underground + overlay","枫丹 / 莫尔泰区、伊黎耶林区 / 伊黎耶岛地下 / 优兰尼娅湖水下","未标记默认隐藏","","plugins[""A:FD:FENGDAN3""].extraConfig.underground.levels[1].children[0] ; plugins[""A:FD:FENGDAN3""].overlayConfig.overlays[2].children[0]"
"4","枫丹","莫尔泰区、伊黎耶林区","伊黎耶岛地下","伊黎耶岛 · 地下水脉","伊黎耶岛 · 地下水脉","地图分层子项","","","layer:A:FD:FENGDAN3:ERINNYES_ISLAND/ERINNYES_ISLAND_UG_WATERVEIN","layer:A:FD:FENGDAN3:ERINNYES_ISLAND","","30","A:FD:FENGDAN3","ERINNYES_ISLAND_UG_WATERVEIN","underground + overlay","枫丹 / 莫尔泰区、伊黎耶林区 / 伊黎耶岛地下 / 伊黎耶岛 · 地下水脉","未标记默认隐藏","","plugins[""A:FD:FENGDAN3""].extraConfig.underground.levels[1].children[1] ; plugins[""A:FD:FENGDAN3""].overlayConfig.overlays[2].children[1]"
"4","枫丹","莫尔泰区、伊黎耶林区","伊黎耶岛地下","伊黎耶岛 · 地下洞窟","伊黎耶岛 · 地下洞窟","地图分层子项","","","layer:A:FD:FENGDAN3:ERINNYES_ISLAND/ERINNYES_ISLAND_UG_CAVE","layer:A:FD:FENGDAN3:ERINNYES_ISLAND","","30","A:FD:FENGDAN3","ERINNYES_ISLAND_UG_CAVE","underground + overlay","枫丹 / 莫尔泰区、伊黎耶林区 / 伊黎耶岛地下 / 伊黎耶岛 · 地下洞窟","未标记默认隐藏","","plugins[""A:FD:FENGDAN3""].extraConfig.underground.levels[1].children[2] ; plugins[""A:FD:FENGDAN3""].overlayConfig.overlays[2].children[2]"
"4","枫丹","莫尔泰区、伊黎耶林区","伊黎耶岛地下","欧蒂克莱尔","欧蒂克莱尔","地图分层子项","","","layer:A:FD:FENGDAN3:ERINNYES_ISLAND/HAUTECLAIRE","layer:A:FD:FENGDAN3:ERINNYES_ISLAND","","30","A:FD:FENGDAN3","HAUTECLAIRE","underground + overlay","枫丹 / 莫尔泰区、伊黎耶林区 / 伊黎耶岛地下 / 欧蒂克莱尔","未标记默认隐藏","","plugins[""A:FD:FENGDAN3""].extraConfig.underground.levels[1].children[3] ; plugins[""A:FD:FENGDAN3""].overlayConfig.overlays[2].children[3]"
"4","枫丹","莫尔泰区、伊黎耶林区","伊黎耶岛地下","伊黎耶岛东侧水道","伊黎耶岛东侧水道","地图分层子项","","","layer:A:FD:FENGDAN3:ERINNYES_ISLAND/ERINNYES_ISLAND_WATERPATH_E","layer:A:FD:FENGDAN3:ERINNYES_ISLAND","","30","A:FD:FENGDAN3","ERINNYES_ISLAND_WATERPATH_E","underground + overlay","枫丹 / 莫尔泰区、伊黎耶林区 / 伊黎耶岛地下 / 伊黎耶岛东侧水道","未标记默认隐藏","","plugins[""A:FD:FENGDAN3""].extraConfig.underground.levels[1].children[4] ; plugins[""A:FD:FENGDAN3""].overlayConfig.overlays[2].children[4]"
"4","枫丹","莫尔泰区、伊黎耶林区","伊黎耶岛地下","湖中的庇护所","湖中的庇护所","地图分层子项","","","layer:A:FD:FENGDAN3:ERINNYES_ISLAND/%40URANIA_LAKE_SHELTER","layer:A:FD:FENGDAN3:ERINNYES_ISLAND","","30","A:FD:FENGDAN3","@URANIA_LAKE_SHELTER","underground","枫丹 / 莫尔泰区、伊黎耶林区 / 伊黎耶岛地下 / 湖中的庇护所","未标记默认隐藏","","plugins[""A:FD:FENGDAN3""].extraConfig.underground.levels[1].children[5]"
"3","枫丹","莫尔泰区、伊黎耶林区","记忆之象限","","记忆之象限","地图分层目录","","","layer:A:FD:FENGDAN3:QUAD_MEMORY","area:A:FD:FENGDAN3","","30","A:FD:FENGDAN3","QUAD_MEMORY","underground + overlay","枫丹 / 莫尔泰区、伊黎耶林区 / 记忆之象限","未标记默认隐藏","","plugins[""A:FD:FENGDAN3""].extraConfig.underground.levels[2] ; plugins[""A:FD:FENGDAN3""].overlayConfig.overlays[3]"
"4","枫丹","莫尔泰区、伊黎耶林区","记忆之象限","荒野的洞窟（上）","荒野的洞窟（上）","地图分层子项","","","layer:A:FD:FENGDAN3:QUAD_MEMORY/MOOR_CAVE_QUAD_MEMORY_UG1","layer:A:FD:FENGDAN3:QUAD_MEMORY","","30","A:FD:FENGDAN3","MOOR_CAVE_QUAD_MEMORY_UG1","underground + overlay","枫丹 / 莫尔泰区、伊黎耶林区 / 记忆之象限 / 荒野的洞窟（上）","未标记默认隐藏","","plugins[""A:FD:FENGDAN3""].extraConfig.underground.levels[2].children[0] ; plugins[""A:FD:FENGDAN3""].overlayConfig.overlays[3].children[0]"
"4","枫丹","莫尔泰区、伊黎耶林区","记忆之象限","荒野的洞窟（下）","荒野的洞窟（下）","地图分层子项","","","layer:A:FD:FENGDAN3:QUAD_MEMORY/MOOR_CAVE_QUAD_MEMORY_UG2","layer:A:FD:FENGDAN3:QUAD_MEMORY","","30","A:FD:FENGDAN3","MOOR_CAVE_QUAD_MEMORY_UG2","underground + overlay","枫丹 / 莫尔泰区、伊黎耶林区 / 记忆之象限 / 荒野的洞窟（下）","未标记默认隐藏","","plugins[""A:FD:FENGDAN3""].extraConfig.underground.levels[2].children[1] ; plugins[""A:FD:FENGDAN3""].overlayConfig.overlays[3].children[1]"
"4","枫丹","莫尔泰区、伊黎耶林区","记忆之象限","记忆之象限","记忆之象限","地图分层子项","","","layer:A:FD:FENGDAN3:QUAD_MEMORY/QUAD_MEMORY","layer:A:FD:FENGDAN3:QUAD_MEMORY","","30","A:FD:FENGDAN3","QUAD_MEMORY","underground + overlay","枫丹 / 莫尔泰区、伊黎耶林区 / 记忆之象限 / 记忆之象限","未标记默认隐藏","","plugins[""A:FD:FENGDAN3""].extraConfig.underground.levels[2].children[2] ; plugins[""A:FD:FENGDAN3""].overlayConfig.overlays[3].children[2]"
"4","枫丹","莫尔泰区、伊黎耶林区","记忆之象限","诡谲的地下设施","诡谲的地下设施","地图分层子项","","","layer:A:FD:FENGDAN3:QUAD_MEMORY/STRANGE_UG_FACILITY","layer:A:FD:FENGDAN3:QUAD_MEMORY","","30","A:FD:FENGDAN3","STRANGE_UG_FACILITY","underground + overlay","枫丹 / 莫尔泰区、伊黎耶林区 / 记忆之象限 / 诡谲的地下设施","未标记默认隐藏","","plugins[""A:FD:FENGDAN3""].extraConfig.underground.levels[2].children[3] ; plugins[""A:FD:FENGDAN3""].overlayConfig.overlays[3].children[3]"
"3","枫丹","莫尔泰区、伊黎耶林区","愿望之象限","","愿望之象限","地图分层目录","","","layer:A:FD:FENGDAN3:QUAD_WILL","area:A:FD:FENGDAN3","","30","A:FD:FENGDAN3","QUAD_WILL","underground + overlay","枫丹 / 莫尔泰区、伊黎耶林区 / 愿望之象限","未标记默认隐藏","","plugins[""A:FD:FENGDAN3""].extraConfig.underground.levels[3] ; plugins[""A:FD:FENGDAN3""].overlayConfig.overlays[4]"
"4","枫丹","莫尔泰区、伊黎耶林区","愿望之象限","荒野的洞窟","荒野的洞窟","地图分层子项","","","layer:A:FD:FENGDAN3:QUAD_WILL/MOOR_CAVE_QUAD_WILL","layer:A:FD:FENGDAN3:QUAD_WILL","","30","A:FD:FENGDAN3","MOOR_CAVE_QUAD_WILL","underground + overlay","枫丹 / 莫尔泰区、伊黎耶林区 / 愿望之象限 / 荒野的洞窟","未标记默认隐藏","","plugins[""A:FD:FENGDAN3""].extraConfig.underground.levels[3].children[0] ; plugins[""A:FD:FENGDAN3""].overlayConfig.overlays[4].children[0]"
"4","枫丹","莫尔泰区、伊黎耶林区","愿望之象限","愿望之象限","愿望之象限","地图分层子项","","","layer:A:FD:FENGDAN3:QUAD_WILL/QUAD_WILL","layer:A:FD:FENGDAN3:QUAD_WILL","","30","A:FD:FENGDAN3","QUAD_WILL","underground + overlay","枫丹 / 莫尔泰区、伊黎耶林区 / 愿望之象限 / 愿望之象限","未标记默认隐藏","","plugins[""A:FD:FENGDAN3""].extraConfig.underground.levels[3].children[1] ; plugins[""A:FD:FENGDAN3""].overlayConfig.overlays[4].children[1]"
"3","枫丹","莫尔泰区、伊黎耶林区","灵魂之象限","","灵魂之象限","地图分层目录","","","layer:A:FD:FENGDAN3:QUAD_SOUL","area:A:FD:FENGDAN3","","30","A:FD:FENGDAN3","QUAD_SOUL","underground + overlay","枫丹 / 莫尔泰区、伊黎耶林区 / 灵魂之象限","未标记默认隐藏","","plugins[""A:FD:FENGDAN3""].extraConfig.underground.levels[4] ; plugins[""A:FD:FENGDAN3""].overlayConfig.overlays[5]"
"4","枫丹","莫尔泰区、伊黎耶林区","灵魂之象限","荒野的洞窟","荒野的洞窟","地图分层子项","","","layer:A:FD:FENGDAN3:QUAD_SOUL/MOOR_CAVE_QUAD_SOUL","layer:A:FD:FENGDAN3:QUAD_SOUL","","30","A:FD:FENGDAN3","MOOR_CAVE_QUAD_SOUL","underground + overlay","枫丹 / 莫尔泰区、伊黎耶林区 / 灵魂之象限 / 荒野的洞窟","未标记默认隐藏","","plugins[""A:FD:FENGDAN3""].extraConfig.underground.levels[4].children[0] ; plugins[""A:FD:FENGDAN3""].overlayConfig.overlays[5].children[0]"
"4","枫丹","莫尔泰区、伊黎耶林区","灵魂之象限","灵魂之象限","灵魂之象限","地图分层子项","","","layer:A:FD:FENGDAN3:QUAD_SOUL/QUAD_SOUL","layer:A:FD:FENGDAN3:QUAD_SOUL","","30","A:FD:FENGDAN3","QUAD_SOUL","underground + overlay","枫丹 / 莫尔泰区、伊黎耶林区 / 灵魂之象限 / 灵魂之象限","未标记默认隐藏","","plugins[""A:FD:FENGDAN3""].extraConfig.underground.levels[4].children[1] ; plugins[""A:FD:FENGDAN3""].overlayConfig.overlays[5].children[1]"
"3","枫丹","莫尔泰区、伊黎耶林区","人格之象限","","人格之象限","地图分层目录","","","layer:A:FD:FENGDAN3:QUAD_PERSONALITY","area:A:FD:FENGDAN3","","30","A:FD:FENGDAN3","QUAD_PERSONALITY","underground + overlay","枫丹 / 莫尔泰区、伊黎耶林区 / 人格之象限","未标记默认隐藏","","plugins[""A:FD:FENGDAN3""].extraConfig.underground.levels[5] ; plugins[""A:FD:FENGDAN3""].overlayConfig.overlays[6]"
"4","枫丹","莫尔泰区、伊黎耶林区","人格之象限","荒野的洞窟","荒野的洞窟","地图分层子项","","","layer:A:FD:FENGDAN3:QUAD_PERSONALITY/MOOR_CAVE_QUAD_PERSONALITY","layer:A:FD:FENGDAN3:QUAD_PERSONALITY","","30","A:FD:FENGDAN3","MOOR_CAVE_QUAD_PERSONALITY","underground + overlay","枫丹 / 莫尔泰区、伊黎耶林区 / 人格之象限 / 荒野的洞窟","未标记默认隐藏","","plugins[""A:FD:FENGDAN3""].extraConfig.underground.levels[5].children[0] ; plugins[""A:FD:FENGDAN3""].overlayConfig.overlays[6].children[0]"
"4","枫丹","莫尔泰区、伊黎耶林区","人格之象限","人格之象限","人格之象限","地图分层子项","","","layer:A:FD:FENGDAN3:QUAD_PERSONALITY/QUAD_PERSONALITY","layer:A:FD:FENGDAN3:QUAD_PERSONALITY","","30","A:FD:FENGDAN3","QUAD_PERSONALITY","underground + overlay","枫丹 / 莫尔泰区、伊黎耶林区 / 人格之象限 / 人格之象限","未标记默认隐藏","","plugins[""A:FD:FENGDAN3""].extraConfig.underground.levels[5].children[1] ; plugins[""A:FD:FENGDAN3""].overlayConfig.overlays[6].children[1]"
"3","枫丹","莫尔泰区、伊黎耶林区","水与土之眼","","水与土之眼","地图分层目录","","","layer:A:FD:FENGDAN3:WATER_LAND_EYE","area:A:FD:FENGDAN3","","30","A:FD:FENGDAN3","WATER_LAND_EYE","underground + overlay","枫丹 / 莫尔泰区、伊黎耶林区 / 水与土之眼","未标记默认隐藏","","plugins[""A:FD:FENGDAN3""].extraConfig.underground.levels[6] ; plugins[""A:FD:FENGDAN3""].overlayConfig.overlays[7]"
"4","枫丹","莫尔泰区、伊黎耶林区","水与土之眼","水与土之眼 · 上部","水与土之眼 · 上部","地图分层子项","","","layer:A:FD:FENGDAN3:WATER_LAND_EYE/WATER_LAND_EYE_UPPER","layer:A:FD:FENGDAN3:WATER_LAND_EYE","","30","A:FD:FENGDAN3","WATER_LAND_EYE_UPPER","underground + overlay","枫丹 / 莫尔泰区、伊黎耶林区 / 水与土之眼 / 水与土之眼 · 上部","未标记默认隐藏","","plugins[""A:FD:FENGDAN3""].extraConfig.underground.levels[6].children[0] ; plugins[""A:FD:FENGDAN3""].overlayConfig.overlays[7].children[0]"
"4","枫丹","莫尔泰区、伊黎耶林区","水与土之眼","水与土之眼 · 殿堂","水与土之眼 · 殿堂","地图分层子项","","","layer:A:FD:FENGDAN3:WATER_LAND_EYE/WATER_LAND_EYE_HALL","layer:A:FD:FENGDAN3:WATER_LAND_EYE","","30","A:FD:FENGDAN3","WATER_LAND_EYE_HALL","underground + overlay","枫丹 / 莫尔泰区、伊黎耶林区 / 水与土之眼 / 水与土之眼 · 殿堂","未标记默认隐藏","","plugins[""A:FD:FENGDAN3""].extraConfig.underground.levels[6].children[1] ; plugins[""A:FD:FENGDAN3""].overlayConfig.overlays[7].children[1]"
"4","枫丹","莫尔泰区、伊黎耶林区","水与土之眼","水与土的洞窟 · 外围渠道","水与土的洞窟 · 外围渠道","地图分层子项","","","layer:A:FD:FENGDAN3:WATER_LAND_EYE/WATER_LAND_EYE_CAVE_OUTER","layer:A:FD:FENGDAN3:WATER_LAND_EYE","","30","A:FD:FENGDAN3","WATER_LAND_EYE_CAVE_OUTER","underground + overlay","枫丹 / 莫尔泰区、伊黎耶林区 / 水与土之眼 / 水与土的洞窟 · 外围渠道","未标记默认隐藏","","plugins[""A:FD:FENGDAN3""].extraConfig.underground.levels[6].children[2] ; plugins[""A:FD:FENGDAN3""].overlayConfig.overlays[7].children[2]"
"3","枫丹","莫尔泰区、伊黎耶林区","安眠处","","安眠处","地图分层目录","","","layer:A:FD:FENGDAN3:ANNAPAUSIS","area:A:FD:FENGDAN3","","30","A:FD:FENGDAN3","ANNAPAUSIS","underground + overlay","枫丹 / 莫尔泰区、伊黎耶林区 / 安眠处","未标记默认隐藏","","plugins[""A:FD:FENGDAN3""].extraConfig.underground.levels[7] ; plugins[""A:FD:FENGDAN3""].overlayConfig.overlays[8]"
"4","枫丹","莫尔泰区、伊黎耶林区","安眠处","跳出回旋长廊之后","跳出回旋长廊之后","地图分层子项","","","layer:A:FD:FENGDAN3:ANNAPAUSIS/ANNAPAUSIS_POST_LONG_CORRIDOR","layer:A:FD:FENGDAN3:ANNAPAUSIS","","30","A:FD:FENGDAN3","ANNAPAUSIS_POST_LONG_CORRIDOR","underground + overlay","枫丹 / 莫尔泰区、伊黎耶林区 / 安眠处 / 跳出回旋长廊之后","未标记默认隐藏","","plugins[""A:FD:FENGDAN3""].extraConfig.underground.levels[7].children[0] ; plugins[""A:FD:FENGDAN3""].overlayConfig.overlays[8].children[0]"
"3","枫丹","莫尔泰区、伊黎耶林区","厄里那斯","","厄里那斯","地图分层目录","","","layer:A:FD:FENGDAN3:ELYNAS","area:A:FD:FENGDAN3","","30","A:FD:FENGDAN3","ELYNAS","underground + overlay","枫丹 / 莫尔泰区、伊黎耶林区 / 厄里那斯","未标记默认隐藏","","plugins[""A:FD:FENGDAN3""].extraConfig.underground.levels[8] ; plugins[""A:FD:FENGDAN3""].overlayConfig.overlays[9]"
"4","枫丹","莫尔泰区、伊黎耶林区","厄里那斯","厄里那斯内部 · 北区","厄里那斯内部 · 北区","地图分层子项","","","layer:A:FD:FENGDAN3:ELYNAS/ELYNAS_INNER_NORTH","layer:A:FD:FENGDAN3:ELYNAS","","30","A:FD:FENGDAN3","ELYNAS_INNER_NORTH","underground + overlay","枫丹 / 莫尔泰区、伊黎耶林区 / 厄里那斯 / 厄里那斯内部 · 北区","未标记默认隐藏","","plugins[""A:FD:FENGDAN3""].extraConfig.underground.levels[8].children[0] ; plugins[""A:FD:FENGDAN3""].overlayConfig.overlays[9].children[0]"
"3","枫丹","莫尔泰区、伊黎耶林区","自体自身之塔","","自体自身之塔","地图分层目录","","","layer:A:FD:FENGDAN3:*IPSISSIMUS_TOWER","area:A:FD:FENGDAN3","","30","A:FD:FENGDAN3","*IPSISSIMUS_TOWER","overlay","枫丹 / 莫尔泰区、伊黎耶林区 / 自体自身之塔","未标记默认隐藏","","plugins[""A:FD:FENGDAN3""].overlayConfig.overlays[0]"
"4","枫丹","莫尔泰区、伊黎耶林区","自体自身之塔","沉入水中前","沉入水中前","地图分层子项","","","layer:A:FD:FENGDAN3:*IPSISSIMUS_TOWER/0","layer:A:FD:FENGDAN3:*IPSISSIMUS_TOWER","","30","A:FD:FENGDAN3","0","overlay","枫丹 / 莫尔泰区、伊黎耶林区 / 自体自身之塔 / 沉入水中前","未标记默认隐藏","","plugins[""A:FD:FENGDAN3""].overlayConfig.overlays[0].children[0]"
"2","枫丹","诺思托伊区","","","诺思托伊区","API地区","","","area:A:FD:FENGDAN4","area:C:FD","31","31","A:FD:FENGDAN4","","area-api","枫丹 / 诺思托伊区","未标记默认隐藏","","area[id=31]"
"3","枫丹","诺思托伊区","褪色古堡","","褪色古堡","地图分层目录","","","layer:A:FD:FENGDAN4:FADED_CASTLE","area:A:FD:FENGDAN4","","31","A:FD:FENGDAN4","FADED_CASTLE","underground + overlay","枫丹 / 诺思托伊区 / 褪色古堡","未标记默认隐藏","","plugins[""A:FD:FENGDAN4""].extraConfig.underground.levels[0] ; plugins[""A:FD:FENGDAN4""].overlayConfig.overlays[0]"
"4","枫丹","诺思托伊区","褪色古堡","褪色古堡 · 上层","褪色古堡 · 上层","地图分层子项","","","layer:A:FD:FENGDAN4:FADED_CASTLE/FADED_CASTLE_UG1","layer:A:FD:FENGDAN4:FADED_CASTLE","","31","A:FD:FENGDAN4","FADED_CASTLE_UG1","underground + overlay","枫丹 / 诺思托伊区 / 褪色古堡 / 褪色古堡 · 上层","未标记默认隐藏","","plugins[""A:FD:FENGDAN4""].extraConfig.underground.levels[0].children[0] ; plugins[""A:FD:FENGDAN4""].overlayConfig.overlays[0].children[0]"
"4","枫丹","诺思托伊区","褪色古堡","褪色古堡 · 中层","褪色古堡 · 中层","地图分层子项","","","layer:A:FD:FENGDAN4:FADED_CASTLE/FADED_CASTLE_UG2","layer:A:FD:FENGDAN4:FADED_CASTLE","","31","A:FD:FENGDAN4","FADED_CASTLE_UG2","underground + overlay","枫丹 / 诺思托伊区 / 褪色古堡 / 褪色古堡 · 中层","未标记默认隐藏","","plugins[""A:FD:FENGDAN4""].extraConfig.underground.levels[0].children[1] ; plugins[""A:FD:FENGDAN4""].overlayConfig.overlays[0].children[1]"
"4","枫丹","诺思托伊区","褪色古堡","褪色古堡 · 底层","褪色古堡 · 底层","地图分层子项","","","layer:A:FD:FENGDAN4:FADED_CASTLE/FADED_CASTLE_UG3","layer:A:FD:FENGDAN4:FADED_CASTLE","","31","A:FD:FENGDAN4","FADED_CASTLE_UG3","underground + overlay","枫丹 / 诺思托伊区 / 褪色古堡 / 褪色古堡 · 底层","未标记默认隐藏","","plugins[""A:FD:FENGDAN4""].extraConfig.underground.levels[0].children[2] ; plugins[""A:FD:FENGDAN4""].overlayConfig.overlays[0].children[2]"
"4","枫丹","诺思托伊区","褪色古堡","褪色古堡 · 陈列馆","褪色古堡 · 陈列馆","地图分层子项","","","layer:A:FD:FENGDAN4:FADED_CASTLE/FADED_CASTLE_EXHIBIT_HALL","layer:A:FD:FENGDAN4:FADED_CASTLE","","31","A:FD:FENGDAN4","FADED_CASTLE_EXHIBIT_HALL","underground + overlay","枫丹 / 诺思托伊区 / 褪色古堡 / 褪色古堡 · 陈列馆","未标记默认隐藏","","plugins[""A:FD:FENGDAN4""].extraConfig.underground.levels[0].children[3] ; plugins[""A:FD:FENGDAN4""].overlayConfig.overlays[0].children[3]"
"2","枫丹","旧日之海","","","旧日之海","API地区","","","area:A:FD:ANCIENT_SEA","area:C:FD","32","32","A:FD:ANCIENT_SEA","","area-api","枫丹 / 旧日之海","未标记默认隐藏","","area[id=32]"
"3","枫丹","旧日之海","旧日之海","","旧日之海","地图分层目录","","","layer:A:FD:ANCIENT_SEA:ANCIENT_SEA","area:A:FD:ANCIENT_SEA","","32","A:FD:ANCIENT_SEA","ANCIENT_SEA","underground + overlay","枫丹 / 旧日之海 / 旧日之海","未标记默认隐藏","","plugins[""A:FD:ANCIENT_SEA""].extraConfig.underground.levels[0] ; plugins[""A:FD:ANCIENT_SEA""].overlayConfig.overlays[0]"
"4","枫丹","旧日之海","旧日之海","海柱之路","海柱之路","地图分层子项","","","layer:A:FD:ANCIENT_SEA:ANCIENT_SEA/PATH_OCEAN_PILLAR","layer:A:FD:ANCIENT_SEA:ANCIENT_SEA","","32","A:FD:ANCIENT_SEA","PATH_OCEAN_PILLAR","underground + overlay","枫丹 / 旧日之海 / 旧日之海 / 海柱之路","未标记默认隐藏","","plugins[""A:FD:ANCIENT_SEA""].extraConfig.underground.levels[0].children[0] ; plugins[""A:FD:ANCIENT_SEA""].overlayConfig.overlays[0].children[0]"
"4","枫丹","旧日之海","旧日之海","旧日之海","旧日之海","地图分层子项","","","layer:A:FD:ANCIENT_SEA:ANCIENT_SEA/ANCIENT_SEA","layer:A:FD:ANCIENT_SEA:ANCIENT_SEA","","32","A:FD:ANCIENT_SEA","ANCIENT_SEA","underground + overlay","枫丹 / 旧日之海 / 旧日之海 / 旧日之海","未标记默认隐藏","","plugins[""A:FD:ANCIENT_SEA""].extraConfig.underground.levels[0].children[1] ; plugins[""A:FD:ANCIENT_SEA""].overlayConfig.overlays[0].children[1]"
"4","枫丹","旧日之海","旧日之海","切萨勒姆宫","切萨勒姆宫","地图分层子项","","","layer:A:FD:ANCIENT_SEA:ANCIENT_SEA/CHESALEUM_PALACE","layer:A:FD:ANCIENT_SEA:ANCIENT_SEA","","32","A:FD:ANCIENT_SEA","CHESALEUM_PALACE","underground + overlay","枫丹 / 旧日之海 / 旧日之海 / 切萨勒姆宫","未标记默认隐藏","","plugins[""A:FD:ANCIENT_SEA""].extraConfig.underground.levels[0].children[2] ; plugins[""A:FD:ANCIENT_SEA""].overlayConfig.overlays[0].children[2]"
"3","枫丹","旧日之海","安提库旧港","","安提库旧港","地图分层目录","","","layer:A:FD:ANCIENT_SEA:OLD_ANTICON_HARBOR","area:A:FD:ANCIENT_SEA","","32","A:FD:ANCIENT_SEA","OLD_ANTICON_HARBOR","underground + overlay","枫丹 / 旧日之海 / 安提库旧港","未标记默认隐藏","","plugins[""A:FD:ANCIENT_SEA""].extraConfig.underground.levels[1] ; plugins[""A:FD:ANCIENT_SEA""].overlayConfig.overlays[1]"
"4","枫丹","旧日之海","安提库旧港","安提库旧港 · 上层","安提库旧港 · 上层","地图分层子项","","","layer:A:FD:ANCIENT_SEA:OLD_ANTICON_HARBOR/OLD_ANTICON_HARBOR_UG1","layer:A:FD:ANCIENT_SEA:OLD_ANTICON_HARBOR","","32","A:FD:ANCIENT_SEA","OLD_ANTICON_HARBOR_UG1","underground + overlay","枫丹 / 旧日之海 / 安提库旧港 / 安提库旧港 · 上层","未标记默认隐藏","","plugins[""A:FD:ANCIENT_SEA""].extraConfig.underground.levels[1].children[0] ; plugins[""A:FD:ANCIENT_SEA""].overlayConfig.overlays[1].children[0]"
"4","枫丹","旧日之海","安提库旧港","安提库旧港 · 下层","安提库旧港 · 下层","地图分层子项","","","layer:A:FD:ANCIENT_SEA:OLD_ANTICON_HARBOR/OLD_ANTICON_HARBOR_UG2","layer:A:FD:ANCIENT_SEA:OLD_ANTICON_HARBOR","","32","A:FD:ANCIENT_SEA","OLD_ANTICON_HARBOR_UG2","underground + overlay","枫丹 / 旧日之海 / 安提库旧港 / 安提库旧港 · 下层","未标记默认隐藏","","plugins[""A:FD:ANCIENT_SEA""].extraConfig.underground.levels[1].children[1] ; plugins[""A:FD:ANCIENT_SEA""].overlayConfig.overlays[1].children[1]"
"3","枫丹","旧日之海","卡皮托利姆","","卡皮托利姆","地图分层目录","","","layer:A:FD:ANCIENT_SEA:CAPITOLIUM","area:A:FD:ANCIENT_SEA","","32","A:FD:ANCIENT_SEA","CAPITOLIUM","underground + overlay","枫丹 / 旧日之海 / 卡皮托利姆","未标记默认隐藏","","plugins[""A:FD:ANCIENT_SEA""].extraConfig.underground.levels[2] ; plugins[""A:FD:ANCIENT_SEA""].overlayConfig.overlays[2]"
"4","枫丹","旧日之海","卡皮托利姆","卡皮托利姆","卡皮托利姆","地图分层子项","","","layer:A:FD:ANCIENT_SEA:CAPITOLIUM/CAPITOLIUM","layer:A:FD:ANCIENT_SEA:CAPITOLIUM","","32","A:FD:ANCIENT_SEA","CAPITOLIUM","underground + overlay","枫丹 / 旧日之海 / 卡皮托利姆 / 卡皮托利姆","未标记默认隐藏","","plugins[""A:FD:ANCIENT_SEA""].extraConfig.underground.levels[2].children[0] ; plugins[""A:FD:ANCIENT_SEA""].overlayConfig.overlays[2].children[0]"
"4","枫丹","旧日之海","卡皮托利姆","雅努斯通道","雅努斯通道","地图分层子项","","","layer:A:FD:ANCIENT_SEA:CAPITOLIUM/JANUS_PASSAGE","layer:A:FD:ANCIENT_SEA:CAPITOLIUM","","32","A:FD:ANCIENT_SEA","JANUS_PASSAGE","underground + overlay","枫丹 / 旧日之海 / 卡皮托利姆 / 雅努斯通道","未标记默认隐藏","","plugins[""A:FD:ANCIENT_SEA""].extraConfig.underground.levels[2].children[1] ; plugins[""A:FD:ANCIENT_SEA""].overlayConfig.overlays[2].children[1]"
"4","枫丹","旧日之海","卡皮托利姆","卡皮托利姆 · 谐律院","卡皮托利姆 · 谐律院","地图分层子项","","","layer:A:FD:ANCIENT_SEA:CAPITOLIUM/CAPITOLIUM_HARMONY_COURT","layer:A:FD:ANCIENT_SEA:CAPITOLIUM","","32","A:FD:ANCIENT_SEA","CAPITOLIUM_HARMONY_COURT","underground + overlay","枫丹 / 旧日之海 / 卡皮托利姆 / 卡皮托利姆 · 谐律院","未标记默认隐藏","","plugins[""A:FD:ANCIENT_SEA""].extraConfig.underground.levels[2].children[2] ; plugins[""A:FD:ANCIENT_SEA""].overlayConfig.overlays[2].children[2]"
"4","枫丹","旧日之海","卡皮托利姆","卡皮托利姆 · 旧宫","卡皮托利姆 · 旧宫","地图分层子项","","","layer:A:FD:ANCIENT_SEA:CAPITOLIUM/CAPITOLIUM_OLD_PALACE","layer:A:FD:ANCIENT_SEA:CAPITOLIUM","","32","A:FD:ANCIENT_SEA","CAPITOLIUM_OLD_PALACE","underground + overlay","枫丹 / 旧日之海 / 卡皮托利姆 / 卡皮托利姆 · 旧宫","未标记默认隐藏","","plugins[""A:FD:ANCIENT_SEA""].extraConfig.underground.levels[2].children[3] ; plugins[""A:FD:ANCIENT_SEA""].overlayConfig.overlays[2].children[3]"
"3","枫丹","旧日之海","黄金宫殿","","黄金宫殿","地图分层目录","","","layer:A:FD:ANCIENT_SEA:GOLDEN_PALACE","area:A:FD:ANCIENT_SEA","","32","A:FD:ANCIENT_SEA","GOLDEN_PALACE","underground + overlay","枫丹 / 旧日之海 / 黄金宫殿","未标记默认隐藏","","plugins[""A:FD:ANCIENT_SEA""].extraConfig.underground.levels[3] ; plugins[""A:FD:ANCIENT_SEA""].overlayConfig.overlays[3]"
"4","枫丹","旧日之海","黄金宫殿","黄金宫殿 · 上层","黄金宫殿 · 上层","地图分层子项","","","layer:A:FD:ANCIENT_SEA:GOLDEN_PALACE/GOLDEN_PALACE_UG1","layer:A:FD:ANCIENT_SEA:GOLDEN_PALACE","","32","A:FD:ANCIENT_SEA","GOLDEN_PALACE_UG1","underground + overlay","枫丹 / 旧日之海 / 黄金宫殿 / 黄金宫殿 · 上层","未标记默认隐藏","","plugins[""A:FD:ANCIENT_SEA""].extraConfig.underground.levels[3].children[0] ; plugins[""A:FD:ANCIENT_SEA""].overlayConfig.overlays[3].children[0]"
"4","枫丹","旧日之海","黄金宫殿","黄金宫殿 · 下层","黄金宫殿 · 下层","地图分层子项","","","layer:A:FD:ANCIENT_SEA:GOLDEN_PALACE/GOLDEN_PALACE_UG2","layer:A:FD:ANCIENT_SEA:GOLDEN_PALACE","","32","A:FD:ANCIENT_SEA","GOLDEN_PALACE_UG2","underground + overlay","枫丹 / 旧日之海 / 黄金宫殿 / 黄金宫殿 · 下层","未标记默认隐藏","","plugins[""A:FD:ANCIENT_SEA""].extraConfig.underground.levels[3].children[1] ; plugins[""A:FD:ANCIENT_SEA""].overlayConfig.overlays[3].children[1]"
"1","希穆兰卡","","","","希穆兰卡","顶级分类","","","area:C:SIMULANKA","","42","42","C:SIMULANKA","","area-api","希穆兰卡","包含默认隐藏分类","","area[id=42]"
"2","希穆兰卡","希穆兰卡(4.8)","","","希穆兰卡(4.8)","API地区","","","area:A:SIMULANKA:4_8","area:C:SIMULANKA","43","43","A:SIMULANKA:4_8","","area-api","希穆兰卡 / 希穆兰卡(4.8)","包含默认隐藏分类","","area[id=43]"
"3","希穆兰卡","希穆兰卡(4.8)","星轨王城","","星轨王城","地图分层目录","","","layer:A:SIMULANKA:4_8:CONSTEL_METROPOLE","area:A:SIMULANKA:4_8","","43","A:SIMULANKA:4_8","CONSTEL_METROPOLE","underground + overlay","希穆兰卡 / 希穆兰卡(4.8) / 星轨王城","包含默认隐藏分类","","plugins[""A:SIMULANKA:4_8""].extraConfig.underground.levels[0] ; plugins[""A:SIMULANKA:4_8""].overlayConfig.overlays[0]"
"4","希穆兰卡","希穆兰卡(4.8)","星轨王城","城堡底部","城堡底部","地图分层子项","","","layer:A:SIMULANKA:4_8:CONSTEL_METROPOLE/CONSTEL_METROPOLE_CASTLE_BASE","layer:A:SIMULANKA:4_8:CONSTEL_METROPOLE","","43","A:SIMULANKA:4_8","CONSTEL_METROPOLE_CASTLE_BASE","underground + overlay","希穆兰卡 / 希穆兰卡(4.8) / 星轨王城 / 城堡底部","包含默认隐藏分类","","plugins[""A:SIMULANKA:4_8""].extraConfig.underground.levels[0].children[0] ; plugins[""A:SIMULANKA:4_8""].overlayConfig.overlays[0].children[0]"
"4","希穆兰卡","希穆兰卡(4.8)","星轨王城","城堡中部","城堡中部","地图分层子项","","","layer:A:SIMULANKA:4_8:CONSTEL_METROPOLE/CONSTEL_METROPOLE_CASTLE_CENTER","layer:A:SIMULANKA:4_8:CONSTEL_METROPOLE","","43","A:SIMULANKA:4_8","CONSTEL_METROPOLE_CASTLE_CENTER","underground + overlay","希穆兰卡 / 希穆兰卡(4.8) / 星轨王城 / 城堡中部","包含默认隐藏分类","","plugins[""A:SIMULANKA:4_8""].extraConfig.underground.levels[0].children[1] ; plugins[""A:SIMULANKA:4_8""].overlayConfig.overlays[0].children[1]"
"4","希穆兰卡","希穆兰卡(4.8)","星轨王城","星间庭园","星间庭园","地图分层子项","","","layer:A:SIMULANKA:4_8:CONSTEL_METROPOLE/CONSTEL_METROPOLE_ASTRAL_GARDEN","layer:A:SIMULANKA:4_8:CONSTEL_METROPOLE","","43","A:SIMULANKA:4_8","CONSTEL_METROPOLE_ASTRAL_GARDEN","underground + overlay","希穆兰卡 / 希穆兰卡(4.8) / 星轨王城 / 星间庭园","包含默认隐藏分类","","plugins[""A:SIMULANKA:4_8""].extraConfig.underground.levels[0].children[2] ; plugins[""A:SIMULANKA:4_8""].overlayConfig.overlays[0].children[2]"
"1","纳塔","","","","纳塔","顶级分类","","","area:C:NT","","44","44","C:NT","","area-api","纳塔","未标记默认隐藏","","area[id=44]"
"2","纳塔","万火之瓯、坚岩隘谷、踞石山、涌流地","","","万火之瓯、坚岩隘谷、踞石山、涌流地","API地区","","","area:A:NT:NATA","area:C:NT","45","45","A:NT:NATA","","area-api","纳塔 / 万火之瓯、坚岩隘谷、踞石山、涌流地","未标记默认隐藏","","area[id=45]"
"3","纳塔","万火之瓯、坚岩隘谷、踞石山、涌流地","坚岩隘谷","","坚岩隘谷","地图分层目录","","","layer:A:NT:NATA:SOLID_ROCK_PASS_VALLEY","area:A:NT:NATA","","45","A:NT:NATA","SOLID_ROCK_PASS_VALLEY","underground + overlay","纳塔 / 万火之瓯、坚岩隘谷、踞石山、涌流地 / 坚岩隘谷","未标记默认隐藏","","plugins[""A:NT:NATA""].extraConfig.underground.levels[0] ; plugins[""A:NT:NATA""].overlayConfig.overlays[0]"
"4","纳塔","万火之瓯、坚岩隘谷、踞石山、涌流地","坚岩隘谷","「回声之子」聚居处","「回声之子」聚居处","地图分层子项","","","layer:A:NT:NATA:SOLID_ROCK_PASS_VALLEY/ECHO_CHILD_SETTLEMENT","layer:A:NT:NATA:SOLID_ROCK_PASS_VALLEY","","45","A:NT:NATA","ECHO_CHILD_SETTLEMENT","underground + overlay","纳塔 / 万火之瓯、坚岩隘谷、踞石山、涌流地 / 坚岩隘谷 / 「回声之子」聚居处","未标记默认隐藏","","plugins[""A:NT:NATA""].extraConfig.underground.levels[0].children[0] ; plugins[""A:NT:NATA""].overlayConfig.overlays[0].children[0]"
"4","纳塔","万火之瓯、坚岩隘谷、踞石山、涌流地","坚岩隘谷","圣途试炼遗迹 · 入口长廊","圣途试炼遗迹 · 入口长廊","地图分层子项","","","layer:A:NT:NATA:SOLID_ROCK_PASS_VALLEY/SACRED_PATH_TRIAL_RUIN_ENTRANCE","layer:A:NT:NATA:SOLID_ROCK_PASS_VALLEY","","45","A:NT:NATA","SACRED_PATH_TRIAL_RUIN_ENTRANCE","underground + overlay","纳塔 / 万火之瓯、坚岩隘谷、踞石山、涌流地 / 坚岩隘谷 / 圣途试炼遗迹 · 入口长廊","未标记默认隐藏","","plugins[""A:NT:NATA""].extraConfig.underground.levels[0].children[1] ; plugins[""A:NT:NATA""].overlayConfig.overlays[0].children[1]"
"4","纳塔","万火之瓯、坚岩隘谷、踞石山、涌流地","坚岩隘谷","圣途试炼遗迹 · 分道誓约之地","圣途试炼遗迹 · 分道誓约之地","地图分层子项","","","layer:A:NT:NATA:SOLID_ROCK_PASS_VALLEY/SACRED_PATH_TRIAL_RUIN_SEPARATE_PATH","layer:A:NT:NATA:SOLID_ROCK_PASS_VALLEY","","45","A:NT:NATA","SACRED_PATH_TRIAL_RUIN_SEPARATE_PATH","underground + overlay","纳塔 / 万火之瓯、坚岩隘谷、踞石山、涌流地 / 坚岩隘谷 / 圣途试炼遗迹 · 分道誓约之地","未标记默认隐藏","","plugins[""A:NT:NATA""].extraConfig.underground.levels[0].children[2] ; plugins[""A:NT:NATA""].overlayConfig.overlays[0].children[2]"
"4","纳塔","万火之瓯、坚岩隘谷、踞石山、涌流地","坚岩隘谷","踞石山之底","踞石山之底","地图分层子项","","","layer:A:NT:NATA:SOLID_ROCK_PASS_VALLEY/CONGEO_MT_BASE","layer:A:NT:NATA:SOLID_ROCK_PASS_VALLEY","","45","A:NT:NATA","CONGEO_MT_BASE","underground + overlay","纳塔 / 万火之瓯、坚岩隘谷、踞石山、涌流地 / 坚岩隘谷 / 踞石山之底","未标记默认隐藏","","plugins[""A:NT:NATA""].extraConfig.underground.levels[0].children[3] ; plugins[""A:NT:NATA""].overlayConfig.overlays[0].children[3]"
"3","纳塔","万火之瓯、坚岩隘谷、踞石山、涌流地","硫晶支脉","","硫晶支脉","地图分层目录","","","layer:A:NT:NATA:SULFUR_CRYSTAL_BRANCH_VEIN","area:A:NT:NATA","","45","A:NT:NATA","SULFUR_CRYSTAL_BRANCH_VEIN","underground + overlay","纳塔 / 万火之瓯、坚岩隘谷、踞石山、涌流地 / 硫晶支脉","未标记默认隐藏","","plugins[""A:NT:NATA""].extraConfig.underground.levels[1] ; plugins[""A:NT:NATA""].overlayConfig.overlays[1]"
"4","纳塔","万火之瓯、坚岩隘谷、踞石山、涌流地","硫晶支脉","山脉的横裂","山脉的横裂","地图分层子项","","","layer:A:NT:NATA:SULFUR_CRYSTAL_BRANCH_VEIN/MT_RANGE_RIFT","layer:A:NT:NATA:SULFUR_CRYSTAL_BRANCH_VEIN","","45","A:NT:NATA","MT_RANGE_RIFT","underground + overlay","纳塔 / 万火之瓯、坚岩隘谷、踞石山、涌流地 / 硫晶支脉 / 山脉的横裂","未标记默认隐藏","","plugins[""A:NT:NATA""].extraConfig.underground.levels[1].children[0] ; plugins[""A:NT:NATA""].overlayConfig.overlays[1].children[0]"
"4","纳塔","万火之瓯、坚岩隘谷、踞石山、涌流地","硫晶支脉","漫水的古迹","漫水的古迹","地图分层子项","","","layer:A:NT:NATA:SULFUR_CRYSTAL_BRANCH_VEIN/SUBMERGE_ANCIENT_RUIN","layer:A:NT:NATA:SULFUR_CRYSTAL_BRANCH_VEIN","","45","A:NT:NATA","SUBMERGE_ANCIENT_RUIN","underground + overlay","纳塔 / 万火之瓯、坚岩隘谷、踞石山、涌流地 / 硫晶支脉 / 漫水的古迹","未标记默认隐藏","","plugins[""A:NT:NATA""].extraConfig.underground.levels[1].children[1] ; plugins[""A:NT:NATA""].overlayConfig.overlays[1].children[1]"
"4","纳塔","万火之瓯、坚岩隘谷、踞石山、涌流地","硫晶支脉","众岩之里","众岩之里","地图分层子项","","","layer:A:NT:NATA:SULFUR_CRYSTAL_BRANCH_VEIN/CONGEO_INNER","layer:A:NT:NATA:SULFUR_CRYSTAL_BRANCH_VEIN","","45","A:NT:NATA","CONGEO_INNER","underground + overlay","纳塔 / 万火之瓯、坚岩隘谷、踞石山、涌流地 / 硫晶支脉 / 众岩之里","未标记默认隐藏","","plugins[""A:NT:NATA""].extraConfig.underground.levels[1].children[2] ; plugins[""A:NT:NATA""].overlayConfig.overlays[1].children[2]"
"3","纳塔","万火之瓯、坚岩隘谷、踞石山、涌流地","万火之瓯","","万火之瓯","地图分层目录","","","layer:A:NT:NATA:FIRE_BOWL","area:A:NT:NATA","","45","A:NT:NATA","FIRE_BOWL","underground + overlay","纳塔 / 万火之瓯、坚岩隘谷、踞石山、涌流地 / 万火之瓯","未标记默认隐藏","","plugins[""A:NT:NATA""].extraConfig.underground.levels[2] ; plugins[""A:NT:NATA""].overlayConfig.overlays[2]"
"4","纳塔","万火之瓯、坚岩隘谷、踞石山、涌流地","万火之瓯","圣火竞技场 · 市集与神庙","圣火竞技场 · 市集与神庙","地图分层子项","","","layer:A:NT:NATA:FIRE_BOWL/SACRED_FLAME_ARENA_FAIR_FANE","layer:A:NT:NATA:FIRE_BOWL","","45","A:NT:NATA","SACRED_FLAME_ARENA_FAIR_FANE","underground + overlay","纳塔 / 万火之瓯、坚岩隘谷、踞石山、涌流地 / 万火之瓯 / 圣火竞技场 · 市集与神庙","未标记默认隐藏","","plugins[""A:NT:NATA""].extraConfig.underground.levels[2].children[0] ; plugins[""A:NT:NATA""].overlayConfig.overlays[2].children[0]"
"4","纳塔","万火之瓯、坚岩隘谷、踞石山、涌流地","万火之瓯","圣火竞技场 · 战士休憩处","圣火竞技场 · 战士休憩处","地图分层子项","","","layer:A:NT:NATA:FIRE_BOWL/SACRED_FLAME_ARENA_WARRIOR_REST_PLACE","layer:A:NT:NATA:FIRE_BOWL","","45","A:NT:NATA","SACRED_FLAME_ARENA_WARRIOR_REST_PLACE","underground + overlay","纳塔 / 万火之瓯、坚岩隘谷、踞石山、涌流地 / 万火之瓯 / 圣火竞技场 · 战士休憩处","未标记默认隐藏","","plugins[""A:NT:NATA""].extraConfig.underground.levels[2].children[1] ; plugins[""A:NT:NATA""].overlayConfig.overlays[2].children[1]"
"4","纳塔","万火之瓯、坚岩隘谷、踞石山、涌流地","万火之瓯","烟山的山心","烟山的山心","地图分层子项","","","layer:A:NT:NATA:FIRE_BOWL/MIST_MT_HEART","layer:A:NT:NATA:FIRE_BOWL","","45","A:NT:NATA","MIST_MT_HEART","underground + overlay","纳塔 / 万火之瓯、坚岩隘谷、踞石山、涌流地 / 万火之瓯 / 烟山的山心","未标记默认隐藏","","plugins[""A:NT:NATA""].extraConfig.underground.levels[2].children[2] ; plugins[""A:NT:NATA""].overlayConfig.overlays[2].children[2]"
"3","纳塔","万火之瓯、坚岩隘谷、踞石山、涌流地","踞石山","","踞石山","地图分层目录","","","layer:A:NT:NATA:CONGEO_MT","area:A:NT:NATA","","45","A:NT:NATA","CONGEO_MT","underground + overlay","纳塔 / 万火之瓯、坚岩隘谷、踞石山、涌流地 / 踞石山","未标记默认隐藏","","plugins[""A:NT:NATA""].extraConfig.underground.levels[3] ; plugins[""A:NT:NATA""].overlayConfig.overlays[3]"
"4","纳塔","万火之瓯、坚岩隘谷、踞石山、涌流地","踞石山","古旧发掘处","古旧发掘处","地图分层子项","","","layer:A:NT:NATA:CONGEO_MT/ANCIENT_EXCAVATION_SITE","layer:A:NT:NATA:CONGEO_MT","","45","A:NT:NATA","ANCIENT_EXCAVATION_SITE","underground + overlay","纳塔 / 万火之瓯、坚岩隘谷、踞石山、涌流地 / 踞石山 / 古旧发掘处","未标记默认隐藏","","plugins[""A:NT:NATA""].extraConfig.underground.levels[3].children[0] ; plugins[""A:NT:NATA""].overlayConfig.overlays[3].children[0]"
"4","纳塔","万火之瓯、坚岩隘谷、踞石山、涌流地","踞石山","火榴树根系 · 温热洞窟","火榴树根系 · 温热洞窟","地图分层子项","","","layer:A:NT:NATA:CONGEO_MT/FIRE_POMEGRANATE_TREE_ROOT_WARM_CAVE","layer:A:NT:NATA:CONGEO_MT","","45","A:NT:NATA","FIRE_POMEGRANATE_TREE_ROOT_WARM_CAVE","underground + overlay","纳塔 / 万火之瓯、坚岩隘谷、踞石山、涌流地 / 踞石山 / 火榴树根系 · 温热洞窟","未标记默认隐藏","","plugins[""A:NT:NATA""].extraConfig.underground.levels[3].children[1] ; plugins[""A:NT:NATA""].overlayConfig.overlays[3].children[1]"
"4","纳塔","万火之瓯、坚岩隘谷、踞石山、涌流地","踞石山","火榴树根系 · 地热的流涌","火榴树根系 · 地热的流涌","地图分层子项","","","layer:A:NT:NATA:CONGEO_MT/FIRE_POMEGRANATE_TREE_ROOT_GEOTHERMAL_FLOW","layer:A:NT:NATA:CONGEO_MT","","45","A:NT:NATA","FIRE_POMEGRANATE_TREE_ROOT_GEOTHERMAL_FLOW","underground + overlay","纳塔 / 万火之瓯、坚岩隘谷、踞石山、涌流地 / 踞石山 / 火榴树根系 · 地热的流涌","未标记默认隐藏","","plugins[""A:NT:NATA""].extraConfig.underground.levels[3].children[2] ; plugins[""A:NT:NATA""].overlayConfig.overlays[3].children[2]"
"3","纳塔","万火之瓯、坚岩隘谷、踞石山、涌流地","祖遗庙宇","","祖遗庙宇","地图分层目录","","","layer:A:NT:NATA:ANCESTOR_ATHENEEUM","area:A:NT:NATA","","45","A:NT:NATA","ANCESTOR_ATHENEEUM","underground + overlay","纳塔 / 万火之瓯、坚岩隘谷、踞石山、涌流地 / 祖遗庙宇","未标记默认隐藏","","plugins[""A:NT:NATA""].extraConfig.underground.levels[4] ; plugins[""A:NT:NATA""].overlayConfig.overlays[4]"
"4","纳塔","万火之瓯、坚岩隘谷、踞石山、涌流地","祖遗庙宇","开采研究所 · 通道","开采研究所 · 通道","地图分层子项","","","layer:A:NT:NATA:ANCESTOR_ATHENEEUM/MINE_RESEARCH_INSTITUTE_PASSAGE","layer:A:NT:NATA:ANCESTOR_ATHENEEUM","","45","A:NT:NATA","MINE_RESEARCH_INSTITUTE_PASSAGE","underground + overlay","纳塔 / 万火之瓯、坚岩隘谷、踞石山、涌流地 / 祖遗庙宇 / 开采研究所 · 通道","未标记默认隐藏","","plugins[""A:NT:NATA""].extraConfig.underground.levels[4].children[0] ; plugins[""A:NT:NATA""].overlayConfig.overlays[4].children[0]"
"4","纳塔","万火之瓯、坚岩隘谷、踞石山、涌流地","祖遗庙宇","开采研究所 · 实验区","开采研究所 · 实验区","地图分层子项","","","layer:A:NT:NATA:ANCESTOR_ATHENEEUM/MINE_RESEARCH_INSTITUTE_RESEARCH_AREA","layer:A:NT:NATA:ANCESTOR_ATHENEEUM","","45","A:NT:NATA","MINE_RESEARCH_INSTITUTE_RESEARCH_AREA","underground + overlay","纳塔 / 万火之瓯、坚岩隘谷、踞石山、涌流地 / 祖遗庙宇 / 开采研究所 · 实验区","未标记默认隐藏","","plugins[""A:NT:NATA""].extraConfig.underground.levels[4].children[1] ; plugins[""A:NT:NATA""].overlayConfig.overlays[4].children[1]"
"4","纳塔","万火之瓯、坚岩隘谷、踞石山、涌流地","祖遗庙宇","遗留庙宇的祭奠所","遗留庙宇的祭奠所","地图分层子项","","","layer:A:NT:NATA:ANCESTOR_ATHENEEUM/LEGACY_TEMPLE_SHRINE","layer:A:NT:NATA:ANCESTOR_ATHENEEUM","","45","A:NT:NATA","LEGACY_TEMPLE_SHRINE","underground + overlay","纳塔 / 万火之瓯、坚岩隘谷、踞石山、涌流地 / 祖遗庙宇 / 遗留庙宇的祭奠所","未标记默认隐藏","","plugins[""A:NT:NATA""].extraConfig.underground.levels[4].children[2] ; plugins[""A:NT:NATA""].overlayConfig.overlays[4].children[2]"
"3","纳塔","万火之瓯、坚岩隘谷、踞石山、涌流地","彩石顶","","彩石顶","地图分层目录","","","layer:A:NT:NATA:COLORFUL_ROCK_PEAK","area:A:NT:NATA","","45","A:NT:NATA","COLORFUL_ROCK_PEAK","underground + overlay","纳塔 / 万火之瓯、坚岩隘谷、踞石山、涌流地 / 彩石顶","未标记默认隐藏","","plugins[""A:NT:NATA""].extraConfig.underground.levels[5] ; plugins[""A:NT:NATA""].overlayConfig.overlays[5]"
"4","纳塔","万火之瓯、坚岩隘谷、踞石山、涌流地","彩石顶","石山之中","石山之中","地图分层子项","","","layer:A:NT:NATA:COLORFUL_ROCK_PEAK/ROCK_MT_INNER","layer:A:NT:NATA:COLORFUL_ROCK_PEAK","","45","A:NT:NATA","ROCK_MT_INNER","underground + overlay","纳塔 / 万火之瓯、坚岩隘谷、踞石山、涌流地 / 彩石顶 / 石山之中","未标记默认隐藏","","plugins[""A:NT:NATA""].extraConfig.underground.levels[5].children[0] ; plugins[""A:NT:NATA""].overlayConfig.overlays[5].children[0]"
"4","纳塔","万火之瓯、坚岩隘谷、踞石山、涌流地","彩石顶","幻写画之地","幻写画之地","地图分层子项","","","layer:A:NT:NATA:COLORFUL_ROCK_PEAK/PHANTASMAGORICAL_ART_PLACE","layer:A:NT:NATA:COLORFUL_ROCK_PEAK","","45","A:NT:NATA","PHANTASMAGORICAL_ART_PLACE","underground + overlay","纳塔 / 万火之瓯、坚岩隘谷、踞石山、涌流地 / 彩石顶 / 幻写画之地","未标记默认隐藏","","plugins[""A:NT:NATA""].extraConfig.underground.levels[5].children[1] ; plugins[""A:NT:NATA""].overlayConfig.overlays[5].children[1]"
"3","纳塔","万火之瓯、坚岩隘谷、踞石山、涌流地","涌流地","","涌流地","地图分层目录","","","layer:A:NT:NATA:INRUSH_PLACE","area:A:NT:NATA","","45","A:NT:NATA","INRUSH_PLACE","underground + overlay","纳塔 / 万火之瓯、坚岩隘谷、踞石山、涌流地 / 涌流地","未标记默认隐藏","","plugins[""A:NT:NATA""].extraConfig.underground.levels[6] ; plugins[""A:NT:NATA""].overlayConfig.overlays[6]"
"4","纳塔","万火之瓯、坚岩隘谷、踞石山、涌流地","涌流地","灵壁的洞窟","灵壁的洞窟","地图分层子项","","","layer:A:NT:NATA:INRUSH_PLACE/SPIRIT_WALL_CAVE","layer:A:NT:NATA:INRUSH_PLACE","","45","A:NT:NATA","SPIRIT_WALL_CAVE","underground + overlay","纳塔 / 万火之瓯、坚岩隘谷、踞石山、涌流地 / 涌流地 / 灵壁的洞窟","未标记默认隐藏","","plugins[""A:NT:NATA""].extraConfig.underground.levels[6].children[0] ; plugins[""A:NT:NATA""].overlayConfig.overlays[6].children[0]"
"4","纳塔","万火之瓯、坚岩隘谷、踞石山、涌流地","涌流地","浮土静界","浮土静界","地图分层子项","","","layer:A:NT:NATA:INRUSH_PLACE/REGOLITH_REALM","layer:A:NT:NATA:INRUSH_PLACE","","45","A:NT:NATA","REGOLITH_REALM","underground + overlay","纳塔 / 万火之瓯、坚岩隘谷、踞石山、涌流地 / 涌流地 / 浮土静界","未标记默认隐藏","","plugins[""A:NT:NATA""].extraConfig.underground.levels[6].children[1] ; plugins[""A:NT:NATA""].overlayConfig.overlays[6].children[1]"
"4","纳塔","万火之瓯、坚岩隘谷、踞石山、涌流地","涌流地","流炎地下河 · 上层","流炎地下河 · 上层","地图分层子项","","","layer:A:NT:NATA:INRUSH_PLACE/RIVER_UNDER_FLOW_FLAME_POOL_UG1","layer:A:NT:NATA:INRUSH_PLACE","","45","A:NT:NATA","RIVER_UNDER_FLOW_FLAME_POOL_UG1","underground + overlay","纳塔 / 万火之瓯、坚岩隘谷、踞石山、涌流地 / 涌流地 / 流炎地下河 · 上层","未标记默认隐藏","","plugins[""A:NT:NATA""].extraConfig.underground.levels[6].children[2] ; plugins[""A:NT:NATA""].overlayConfig.overlays[6].children[2]"
"4","纳塔","万火之瓯、坚岩隘谷、踞石山、涌流地","涌流地","流炎地下河 · 下层","流炎地下河 · 下层","地图分层子项","","","layer:A:NT:NATA:INRUSH_PLACE/RIVER_UNDER_FLOW_FLAME_POOL_UG2","layer:A:NT:NATA:INRUSH_PLACE","","45","A:NT:NATA","RIVER_UNDER_FLOW_FLAME_POOL_UG2","underground + overlay","纳塔 / 万火之瓯、坚岩隘谷、踞石山、涌流地 / 涌流地 / 流炎地下河 · 下层","未标记默认隐藏","","plugins[""A:NT:NATA""].extraConfig.underground.levels[6].children[3] ; plugins[""A:NT:NATA""].overlayConfig.overlays[6].children[3]"
"4","纳塔","万火之瓯、坚岩隘谷、踞石山、涌流地","涌流地","漫野的洞窟","漫野的洞窟","地图分层子项","","","layer:A:NT:NATA:INRUSH_PLACE/THOUSAND_GROTTO","layer:A:NT:NATA:INRUSH_PLACE","","45","A:NT:NATA","THOUSAND_GROTTO","underground + overlay","纳塔 / 万火之瓯、坚岩隘谷、踞石山、涌流地 / 涌流地 / 漫野的洞窟","未标记默认隐藏","","plugins[""A:NT:NATA""].extraConfig.underground.levels[6].children[4] ; plugins[""A:NT:NATA""].overlayConfig.overlays[6].children[4]"
"3","纳塔","万火之瓯、坚岩隘谷、踞石山、涌流地","翘枝崖","","翘枝崖","地图分层目录","","","layer:A:NT:NATA:JUTPERCH_CLIFF","area:A:NT:NATA","","45","A:NT:NATA","JUTPERCH_CLIFF","underground + overlay","纳塔 / 万火之瓯、坚岩隘谷、踞石山、涌流地 / 翘枝崖","未标记默认隐藏","","plugins[""A:NT:NATA""].extraConfig.underground.levels[7] ; plugins[""A:NT:NATA""].overlayConfig.overlays[7]"
"4","纳塔","万火之瓯、坚岩隘谷、踞石山、涌流地","翘枝崖","受侵蚀的石室","受侵蚀的石室","地图分层子项","","","layer:A:NT:NATA:JUTPERCH_CLIFF/NATLAN_CORROD_STONE_CHAMBER","layer:A:NT:NATA:JUTPERCH_CLIFF","","45","A:NT:NATA","NATLAN_CORROD_STONE_CHAMBER","underground + overlay","纳塔 / 万火之瓯、坚岩隘谷、踞石山、涌流地 / 翘枝崖 / 受侵蚀的石室","未标记默认隐藏","","plugins[""A:NT:NATA""].extraConfig.underground.levels[7].children[0] ; plugins[""A:NT:NATA""].overlayConfig.overlays[7].children[0]"
"4","纳塔","万火之瓯、坚岩隘谷、踞石山、涌流地","翘枝崖","传说壁画的洞窟（上）","传说壁画的洞窟（上）","地图分层子项","","","layer:A:NT:NATA:JUTPERCH_CLIFF/LEGEND_MURAL_CAVERN_UG1","layer:A:NT:NATA:JUTPERCH_CLIFF","","45","A:NT:NATA","LEGEND_MURAL_CAVERN_UG1","underground + overlay","纳塔 / 万火之瓯、坚岩隘谷、踞石山、涌流地 / 翘枝崖 / 传说壁画的洞窟（上）","未标记默认隐藏","","plugins[""A:NT:NATA""].extraConfig.underground.levels[7].children[1] ; plugins[""A:NT:NATA""].overlayConfig.overlays[7].children[1]"
"4","纳塔","万火之瓯、坚岩隘谷、踞石山、涌流地","翘枝崖","传说壁画的洞窟（中）","传说壁画的洞窟（中）","地图分层子项","","","layer:A:NT:NATA:JUTPERCH_CLIFF/LEGEND_MURAL_CAVERN_UG2","layer:A:NT:NATA:JUTPERCH_CLIFF","","45","A:NT:NATA","LEGEND_MURAL_CAVERN_UG2","underground + overlay","纳塔 / 万火之瓯、坚岩隘谷、踞石山、涌流地 / 翘枝崖 / 传说壁画的洞窟（中）","未标记默认隐藏","","plugins[""A:NT:NATA""].extraConfig.underground.levels[7].children[2] ; plugins[""A:NT:NATA""].overlayConfig.overlays[7].children[2]"
"4","纳塔","万火之瓯、坚岩隘谷、踞石山、涌流地","翘枝崖","传说壁画的洞窟（下）","传说壁画的洞窟（下）","地图分层子项","","","layer:A:NT:NATA:JUTPERCH_CLIFF/LEGEND_MURAL_CAVERN_UG3","layer:A:NT:NATA:JUTPERCH_CLIFF","","45","A:NT:NATA","LEGEND_MURAL_CAVERN_UG3","underground + overlay","纳塔 / 万火之瓯、坚岩隘谷、踞石山、涌流地 / 翘枝崖 / 传说壁画的洞窟（下）","未标记默认隐藏","","plugins[""A:NT:NATA""].extraConfig.underground.levels[7].children[3] ; plugins[""A:NT:NATA""].overlayConfig.overlays[7].children[3]"
"2","纳塔","镜璧山、翘枝崖、奥奇卡纳塔","","","镜璧山、翘枝崖、奥奇卡纳塔","API地区","","","area:A:NT:NATA2","area:C:NT","46","46","A:NT:NATA2","","area-api","纳塔 / 镜璧山、翘枝崖、奥奇卡纳塔","未标记默认隐藏","","area[id=46]"
"3","纳塔","镜璧山、翘枝崖、奥奇卡纳塔","翘枝崖","","翘枝崖","地图分层目录","","","layer:A:NT:NATA2:JUTPERCH_CLIFF","area:A:NT:NATA2","","46","A:NT:NATA2","JUTPERCH_CLIFF","underground + overlay","纳塔 / 镜璧山、翘枝崖、奥奇卡纳塔 / 翘枝崖","未标记默认隐藏","","plugins[""A:NT:NATA2""].extraConfig.underground.levels[0] ; plugins[""A:NT:NATA2""].overlayConfig.overlays[0]"
"4","纳塔","镜璧山、翘枝崖、奥奇卡纳塔","翘枝崖","受侵蚀的石室","受侵蚀的石室","地图分层子项","","","layer:A:NT:NATA2:JUTPERCH_CLIFF/NATLAN_CORROD_STONE_CHAMBER","layer:A:NT:NATA2:JUTPERCH_CLIFF","","46","A:NT:NATA2","NATLAN_CORROD_STONE_CHAMBER","underground + overlay","纳塔 / 镜璧山、翘枝崖、奥奇卡纳塔 / 翘枝崖 / 受侵蚀的石室","未标记默认隐藏","","plugins[""A:NT:NATA2""].extraConfig.underground.levels[0].children[0] ; plugins[""A:NT:NATA2""].overlayConfig.overlays[0].children[0]"
"4","纳塔","镜璧山、翘枝崖、奥奇卡纳塔","翘枝崖","传说壁画的洞窟（上）","传说壁画的洞窟（上）","地图分层子项","","","layer:A:NT:NATA2:JUTPERCH_CLIFF/LEGEND_MURAL_CAVERN_UG1","layer:A:NT:NATA2:JUTPERCH_CLIFF","","46","A:NT:NATA2","LEGEND_MURAL_CAVERN_UG1","underground + overlay","纳塔 / 镜璧山、翘枝崖、奥奇卡纳塔 / 翘枝崖 / 传说壁画的洞窟（上）","未标记默认隐藏","","plugins[""A:NT:NATA2""].extraConfig.underground.levels[0].children[1] ; plugins[""A:NT:NATA2""].overlayConfig.overlays[0].children[1]"
"4","纳塔","镜璧山、翘枝崖、奥奇卡纳塔","翘枝崖","传说壁画的洞窟（中）","传说壁画的洞窟（中）","地图分层子项","","","layer:A:NT:NATA2:JUTPERCH_CLIFF/LEGEND_MURAL_CAVERN_UG2","layer:A:NT:NATA2:JUTPERCH_CLIFF","","46","A:NT:NATA2","LEGEND_MURAL_CAVERN_UG2","underground + overlay","纳塔 / 镜璧山、翘枝崖、奥奇卡纳塔 / 翘枝崖 / 传说壁画的洞窟（中）","未标记默认隐藏","","plugins[""A:NT:NATA2""].extraConfig.underground.levels[0].children[2] ; plugins[""A:NT:NATA2""].overlayConfig.overlays[0].children[2]"
"4","纳塔","镜璧山、翘枝崖、奥奇卡纳塔","翘枝崖","传说壁画的洞窟（下）","传说壁画的洞窟（下）","地图分层子项","","","layer:A:NT:NATA2:JUTPERCH_CLIFF/LEGEND_MURAL_CAVERN_UG3","layer:A:NT:NATA2:JUTPERCH_CLIFF","","46","A:NT:NATA2","LEGEND_MURAL_CAVERN_UG3","underground + overlay","纳塔 / 镜璧山、翘枝崖、奥奇卡纳塔 / 翘枝崖 / 传说壁画的洞窟（下）","未标记默认隐藏","","plugins[""A:NT:NATA2""].extraConfig.underground.levels[0].children[3] ; plugins[""A:NT:NATA2""].overlayConfig.overlays[0].children[3]"
"3","纳塔","镜璧山、翘枝崖、奥奇卡纳塔","镜璧山","","镜璧山","地图分层目录","","","layer:A:NT:NATA2:MIRRORWALL_MT","area:A:NT:NATA2","","46","A:NT:NATA2","MIRRORWALL_MT","underground + overlay","纳塔 / 镜璧山、翘枝崖、奥奇卡纳塔 / 镜璧山","未标记默认隐藏","","plugins[""A:NT:NATA2""].extraConfig.underground.levels[1] ; plugins[""A:NT:NATA2""].overlayConfig.overlays[1]"
"4","纳塔","镜璧山、翘枝崖、奥奇卡纳塔","镜璧山","隐世修行之处","隐世修行之处","地图分层子项","","","layer:A:NT:NATA2:MIRRORWALL_MT/CULTIVATE_SANCTUARY","layer:A:NT:NATA2:MIRRORWALL_MT","","46","A:NT:NATA2","CULTIVATE_SANCTUARY","underground + overlay","纳塔 / 镜璧山、翘枝崖、奥奇卡纳塔 / 镜璧山 / 隐世修行之处","未标记默认隐藏","","plugins[""A:NT:NATA2""].extraConfig.underground.levels[1].children[0] ; plugins[""A:NT:NATA2""].overlayConfig.overlays[1].children[0]"
"4","纳塔","镜璧山、翘枝崖、奥奇卡纳塔","镜璧山","谜土与夜魂的祭祀所","谜土与夜魂的祭祀所","地图分层子项","","","layer:A:NT:NATA2:MIRRORWALL_MT/ENIGMATIC_LAND_NIGHTSOUL_SACRIFICE_ALTAR","layer:A:NT:NATA2:MIRRORWALL_MT","","46","A:NT:NATA2","ENIGMATIC_LAND_NIGHTSOUL_SACRIFICE_ALTAR","underground + overlay","纳塔 / 镜璧山、翘枝崖、奥奇卡纳塔 / 镜璧山 / 谜土与夜魂的祭祀所","未标记默认隐藏","","plugins[""A:NT:NATA2""].extraConfig.underground.levels[1].children[1] ; plugins[""A:NT:NATA2""].overlayConfig.overlays[1].children[1]"
"3","纳塔","镜璧山、翘枝崖、奥奇卡纳塔","旧日的统律之心","","旧日的统律之心","地图分层目录","","","layer:A:NT:NATA2:ANCIENT_REIN_HEART","area:A:NT:NATA2","","46","A:NT:NATA2","ANCIENT_REIN_HEART","underground + overlay","纳塔 / 镜璧山、翘枝崖、奥奇卡纳塔 / 旧日的统律之心","未标记默认隐藏","","plugins[""A:NT:NATA2""].extraConfig.underground.levels[2] ; plugins[""A:NT:NATA2""].overlayConfig.overlays[2]"
"4","纳塔","镜璧山、翘枝崖、奥奇卡纳塔","旧日的统律之心","漫流的古道","漫流的古道","地图分层子项","","","layer:A:NT:NATA2:ANCIENT_REIN_HEART/WINDING_ANCIENT_ROAD","layer:A:NT:NATA2:ANCIENT_REIN_HEART","","46","A:NT:NATA2","WINDING_ANCIENT_ROAD","underground + overlay","纳塔 / 镜璧山、翘枝崖、奥奇卡纳塔 / 旧日的统律之心 / 漫流的古道","未标记默认隐藏","","plugins[""A:NT:NATA2""].extraConfig.underground.levels[2].children[0] ; plugins[""A:NT:NATA2""].overlayConfig.overlays[2].children[0]"
"4","纳塔","镜璧山、翘枝崖、奥奇卡纳塔","旧日的统律之心","淹埋的地下遗迹","淹埋的地下遗迹","地图分层子项","","","layer:A:NT:NATA2:ANCIENT_REIN_HEART/NATLAN_BURIED_UG_RUIN","layer:A:NT:NATA2:ANCIENT_REIN_HEART","","46","A:NT:NATA2","NATLAN_BURIED_UG_RUIN","underground + overlay","纳塔 / 镜璧山、翘枝崖、奥奇卡纳塔 / 旧日的统律之心 / 淹埋的地下遗迹","未标记默认隐藏","","plugins[""A:NT:NATA2""].extraConfig.underground.levels[2].children[1] ; plugins[""A:NT:NATA2""].overlayConfig.overlays[2].children[1]"
"4","纳塔","镜璧山、翘枝崖、奥奇卡纳塔","旧日的统律之心","旧日古族的统御之所","旧日古族的统御之所","地图分层子项","","","layer:A:NT:NATA2:ANCIENT_REIN_HEART/ANCIENT_YORE_RACE_RULE_PLACE","layer:A:NT:NATA2:ANCIENT_REIN_HEART","","46","A:NT:NATA2","ANCIENT_YORE_RACE_RULE_PLACE","underground + overlay","纳塔 / 镜璧山、翘枝崖、奥奇卡纳塔 / 旧日的统律之心 / 旧日古族的统御之所","未标记默认隐藏","","plugins[""A:NT:NATA2""].extraConfig.underground.levels[2].children[2] ; plugins[""A:NT:NATA2""].overlayConfig.overlays[2].children[2]"
"4","纳塔","镜璧山、翘枝崖、奥奇卡纳塔","旧日的统律之心","古遗迹步道","古遗迹步道","地图分层子项","","","layer:A:NT:NATA2:ANCIENT_REIN_HEART/ANCIENT_RUIN_WALKWAY","layer:A:NT:NATA2:ANCIENT_REIN_HEART","","46","A:NT:NATA2","ANCIENT_RUIN_WALKWAY","underground + overlay","纳塔 / 镜璧山、翘枝崖、奥奇卡纳塔 / 旧日的统律之心 / 古遗迹步道","未标记默认隐藏","","plugins[""A:NT:NATA2""].extraConfig.underground.levels[2].children[3] ; plugins[""A:NT:NATA2""].overlayConfig.overlays[2].children[3]"
"4","纳塔","镜璧山、翘枝崖、奥奇卡纳塔","旧日的统律之心","统律机关的中心","统律机关的中心","地图分层子项","","","layer:A:NT:NATA2:ANCIENT_REIN_HEART/DOMINATE_MECHANISM_CENTER","layer:A:NT:NATA2:ANCIENT_REIN_HEART","","46","A:NT:NATA2","DOMINATE_MECHANISM_CENTER","underground + overlay","纳塔 / 镜璧山、翘枝崖、奥奇卡纳塔 / 旧日的统律之心 / 统律机关的中心","未标记默认隐藏","","plugins[""A:NT:NATA2""].extraConfig.underground.levels[2].children[4] ; plugins[""A:NT:NATA2""].overlayConfig.overlays[2].children[4]"
"4","纳塔","镜璧山、翘枝崖、奥奇卡纳塔","旧日的统律之心","火鹦之塔 · 下层","火鹦之塔 · 下层","地图分层子项","","","layer:A:NT:NATA2:ANCIENT_REIN_HEART/MACAW_TOWER_UG_LOWER","layer:A:NT:NATA2:ANCIENT_REIN_HEART","","46","A:NT:NATA2","MACAW_TOWER_UG_LOWER","underground + overlay","纳塔 / 镜璧山、翘枝崖、奥奇卡纳塔 / 旧日的统律之心 / 火鹦之塔 · 下层","未标记默认隐藏","","plugins[""A:NT:NATA2""].extraConfig.underground.levels[2].children[5] ; plugins[""A:NT:NATA2""].overlayConfig.overlays[2].children[5]"
"3","纳塔","镜璧山、翘枝崖、奥奇卡纳塔","统律之心","","统律之心","地图分层目录","","","layer:A:NT:NATA2:REIN_HEART","area:A:NT:NATA2","","46","A:NT:NATA2","REIN_HEART","underground + overlay","纳塔 / 镜璧山、翘枝崖、奥奇卡纳塔 / 统律之心","未标记默认隐藏","","plugins[""A:NT:NATA2""].extraConfig.underground.levels[3] ; plugins[""A:NT:NATA2""].overlayConfig.overlays[3]"
"4","纳塔","镜璧山、翘枝崖、奥奇卡纳塔","统律之心","统律之心 · 密道","统律之心 · 密道","地图分层子项","","","layer:A:NT:NATA2:REIN_HEART/REIN_HEART_SECRET_PATH","layer:A:NT:NATA2:REIN_HEART","","46","A:NT:NATA2","REIN_HEART_SECRET_PATH","underground + overlay","纳塔 / 镜璧山、翘枝崖、奥奇卡纳塔 / 统律之心 / 统律之心 · 密道","未标记默认隐藏","","plugins[""A:NT:NATA2""].extraConfig.underground.levels[3].children[0] ; plugins[""A:NT:NATA2""].overlayConfig.overlays[3].children[0]"
"4","纳塔","镜璧山、翘枝崖、奥奇卡纳塔","统律之心","统律之心 · 内里","统律之心 · 内里","地图分层子项","","","layer:A:NT:NATA2:REIN_HEART/REIN_HEART_INNER","layer:A:NT:NATA2:REIN_HEART","","46","A:NT:NATA2","REIN_HEART_INNER","underground + overlay","纳塔 / 镜璧山、翘枝崖、奥奇卡纳塔 / 统律之心 / 统律之心 · 内里","未标记默认隐藏","","plugins[""A:NT:NATA2""].extraConfig.underground.levels[3].children[1] ; plugins[""A:NT:NATA2""].overlayConfig.overlays[3].children[1]"
"4","纳塔","镜璧山、翘枝崖、奥奇卡纳塔","统律之心","暗流的峡谷","暗流的峡谷","地图分层子项","","","layer:A:NT:NATA2:REIN_HEART/DARK_CURRENT_CANYON","layer:A:NT:NATA2:REIN_HEART","","46","A:NT:NATA2","DARK_CURRENT_CANYON","underground + overlay","纳塔 / 镜璧山、翘枝崖、奥奇卡纳塔 / 统律之心 / 暗流的峡谷","未标记默认隐藏","","plugins[""A:NT:NATA2""].extraConfig.underground.levels[3].children[2] ; plugins[""A:NT:NATA2""].overlayConfig.overlays[3].children[2]"
"3","纳塔","镜璧山、翘枝崖、奥奇卡纳塔","烬火炽燃所","","烬火炽燃所","地图分层目录","","","layer:A:NT:NATA2:FIERY_EMBERS_FURNACE","area:A:NT:NATA2","","46","A:NT:NATA2","FIERY_EMBERS_FURNACE","underground + overlay","纳塔 / 镜璧山、翘枝崖、奥奇卡纳塔 / 烬火炽燃所","未标记默认隐藏","","plugins[""A:NT:NATA2""].extraConfig.underground.levels[4] ; plugins[""A:NT:NATA2""].overlayConfig.overlays[4]"
"4","纳塔","镜璧山、翘枝崖、奥奇卡纳塔","烬火炽燃所","烬火炽燃所其一 · 上层","烬火炽燃所其一 · 上层","地图分层子项","","","layer:A:NT:NATA2:FIERY_EMBERS_FURNACE/FIERY_EMBERS_FURNACE_L1_UG1","layer:A:NT:NATA2:FIERY_EMBERS_FURNACE","","46","A:NT:NATA2","FIERY_EMBERS_FURNACE_L1_UG1","underground + overlay","纳塔 / 镜璧山、翘枝崖、奥奇卡纳塔 / 烬火炽燃所 / 烬火炽燃所其一 · 上层","未标记默认隐藏","","plugins[""A:NT:NATA2""].extraConfig.underground.levels[4].children[0] ; plugins[""A:NT:NATA2""].overlayConfig.overlays[4].children[0]"
"4","纳塔","镜璧山、翘枝崖、奥奇卡纳塔","烬火炽燃所","烬火炽燃所其一 · 下层","烬火炽燃所其一 · 下层","地图分层子项","","","layer:A:NT:NATA2:FIERY_EMBERS_FURNACE/FIERY_EMBERS_FURNACE_L1_UG2","layer:A:NT:NATA2:FIERY_EMBERS_FURNACE","","46","A:NT:NATA2","FIERY_EMBERS_FURNACE_L1_UG2","underground + overlay","纳塔 / 镜璧山、翘枝崖、奥奇卡纳塔 / 烬火炽燃所 / 烬火炽燃所其一 · 下层","未标记默认隐藏","","plugins[""A:NT:NATA2""].extraConfig.underground.levels[4].children[1] ; plugins[""A:NT:NATA2""].overlayConfig.overlays[4].children[1]"
"4","纳塔","镜璧山、翘枝崖、奥奇卡纳塔","烬火炽燃所","烬火炽燃所其二 · 上层","烬火炽燃所其二 · 上层","地图分层子项","","","layer:A:NT:NATA2:FIERY_EMBERS_FURNACE/FIERY_EMBERS_FURNACE_L2_UG1","layer:A:NT:NATA2:FIERY_EMBERS_FURNACE","","46","A:NT:NATA2","FIERY_EMBERS_FURNACE_L2_UG1","underground + overlay","纳塔 / 镜璧山、翘枝崖、奥奇卡纳塔 / 烬火炽燃所 / 烬火炽燃所其二 · 上层","未标记默认隐藏","","plugins[""A:NT:NATA2""].extraConfig.underground.levels[4].children[2] ; plugins[""A:NT:NATA2""].overlayConfig.overlays[4].children[2]"
"4","纳塔","镜璧山、翘枝崖、奥奇卡纳塔","烬火炽燃所","烬火炽燃所其二 · 下层","烬火炽燃所其二 · 下层","地图分层子项","","","layer:A:NT:NATA2:FIERY_EMBERS_FURNACE/FIERY_EMBERS_FURNACE_L2_UG2","layer:A:NT:NATA2:FIERY_EMBERS_FURNACE","","46","A:NT:NATA2","FIERY_EMBERS_FURNACE_L2_UG2","underground + overlay","纳塔 / 镜璧山、翘枝崖、奥奇卡纳塔 / 烬火炽燃所 / 烬火炽燃所其二 · 下层","未标记默认隐藏","","plugins[""A:NT:NATA2""].extraConfig.underground.levels[4].children[3] ; plugins[""A:NT:NATA2""].overlayConfig.overlays[4].children[3]"
"4","纳塔","镜璧山、翘枝崖、奥奇卡纳塔","烬火炽燃所","烬火炽燃所其三 · 入口","烬火炽燃所其三 · 入口","地图分层子项","","","layer:A:NT:NATA2:FIERY_EMBERS_FURNACE/FIERY_EMBERS_FURNACE_L3_ENTRANCE","layer:A:NT:NATA2:FIERY_EMBERS_FURNACE","","46","A:NT:NATA2","FIERY_EMBERS_FURNACE_L3_ENTRANCE","underground + overlay","纳塔 / 镜璧山、翘枝崖、奥奇卡纳塔 / 烬火炽燃所 / 烬火炽燃所其三 · 入口","未标记默认隐藏","","plugins[""A:NT:NATA2""].extraConfig.underground.levels[4].children[4] ; plugins[""A:NT:NATA2""].overlayConfig.overlays[4].children[4]"
"4","纳塔","镜璧山、翘枝崖、奥奇卡纳塔","烬火炽燃所","烬火炽燃所其三 · 窟道","烬火炽燃所其三 · 窟道","地图分层子项","","","layer:A:NT:NATA2:FIERY_EMBERS_FURNACE/FIERY_EMBERS_FURNACE_L3_CAVE_CHANNEL","layer:A:NT:NATA2:FIERY_EMBERS_FURNACE","","46","A:NT:NATA2","FIERY_EMBERS_FURNACE_L3_CAVE_CHANNEL","underground + overlay","纳塔 / 镜璧山、翘枝崖、奥奇卡纳塔 / 烬火炽燃所 / 烬火炽燃所其三 · 窟道","未标记默认隐藏","","plugins[""A:NT:NATA2""].extraConfig.underground.levels[4].children[5] ; plugins[""A:NT:NATA2""].overlayConfig.overlays[4].children[5]"
"4","纳塔","镜璧山、翘枝崖、奥奇卡纳塔","烬火炽燃所","烬火炽燃所其三 · 古迹","烬火炽燃所其三 · 古迹","地图分层子项","","","layer:A:NT:NATA2:FIERY_EMBERS_FURNACE/FIERY_EMBERS_FURNACE_L3_ANCIENT_RUIN","layer:A:NT:NATA2:FIERY_EMBERS_FURNACE","","46","A:NT:NATA2","FIERY_EMBERS_FURNACE_L3_ANCIENT_RUIN","underground + overlay","纳塔 / 镜璧山、翘枝崖、奥奇卡纳塔 / 烬火炽燃所 / 烬火炽燃所其三 · 古迹","未标记默认隐藏","","plugins[""A:NT:NATA2""].extraConfig.underground.levels[4].children[6] ; plugins[""A:NT:NATA2""].overlayConfig.overlays[4].children[6]"
"3","纳塔","镜璧山、翘枝崖、奥奇卡纳塔","奥奇卡纳塔","","奥奇卡纳塔","地图分层目录","","","layer:A:NT:NATA2:OCHKANATLAN","area:A:NT:NATA2","","46","A:NT:NATA2","OCHKANATLAN","underground + overlay","纳塔 / 镜璧山、翘枝崖、奥奇卡纳塔 / 奥奇卡纳塔","未标记默认隐藏","","plugins[""A:NT:NATA2""].extraConfig.underground.levels[5] ; plugins[""A:NT:NATA2""].overlayConfig.overlays[5]"
"4","纳塔","镜璧山、翘枝崖、奥奇卡纳塔","奥奇卡纳塔","传说中的天蛇船","传说中的天蛇船","地图分层子项","","","layer:A:NT:NATA2:OCHKANATLAN/LEGEND_SKYSERPENT_SHIP","layer:A:NT:NATA2:OCHKANATLAN","","46","A:NT:NATA2","LEGEND_SKYSERPENT_SHIP","underground + overlay","纳塔 / 镜璧山、翘枝崖、奥奇卡纳塔 / 奥奇卡纳塔 / 传说中的天蛇船","未标记默认隐藏","","plugins[""A:NT:NATA2""].extraConfig.underground.levels[5].children[0] ; plugins[""A:NT:NATA2""].overlayConfig.overlays[5].children[0]"
"4","纳塔","镜璧山、翘枝崖、奥奇卡纳塔","奥奇卡纳塔","噩梦的温床","噩梦的温床","地图分层子项","","","layer:A:NT:NATA2:OCHKANATLAN/NIGHTMARES_NURSERY","layer:A:NT:NATA2:OCHKANATLAN","","46","A:NT:NATA2","NIGHTMARES_NURSERY","underground + overlay","纳塔 / 镜璧山、翘枝崖、奥奇卡纳塔 / 奥奇卡纳塔 / 噩梦的温床","未标记默认隐藏","","plugins[""A:NT:NATA2""].extraConfig.underground.levels[5].children[1] ; plugins[""A:NT:NATA2""].overlayConfig.overlays[5].children[1]"
"2","纳塔","安饶之野","","","安饶之野","API地区","","","area:A:NT:NATA3","area:C:NT","47","47","A:NT:NATA3","","area-api","纳塔 / 安饶之野","未标记默认隐藏","","area[id=47]"
"3","纳塔","安饶之野","流火的实验地","","流火的实验地","地图分层目录","","","layer:A:NT:NATA3:SCORCH_FIRE_EXPERIMENT_SITE","area:A:NT:NATA3","","47","A:NT:NATA3","SCORCH_FIRE_EXPERIMENT_SITE","underground + overlay","纳塔 / 安饶之野 / 流火的实验地","未标记默认隐藏","","plugins[""A:NT:NATA3""].extraConfig.underground.levels[0] ; plugins[""A:NT:NATA3""].overlayConfig.overlays[0]"
"4","纳塔","安饶之野","流火的实验地","流火的实验地 · 浅层","流火的实验地 · 浅层","地图分层子项","","","layer:A:NT:NATA3:SCORCH_FIRE_EXPERIMENT_SITE/SCORCH_FIRE_EXPERIMENT_SITE_UPPER","layer:A:NT:NATA3:SCORCH_FIRE_EXPERIMENT_SITE","","47","A:NT:NATA3","SCORCH_FIRE_EXPERIMENT_SITE_UPPER","underground + overlay","纳塔 / 安饶之野 / 流火的实验地 / 流火的实验地 · 浅层","未标记默认隐藏","","plugins[""A:NT:NATA3""].extraConfig.underground.levels[0].children[0] ; plugins[""A:NT:NATA3""].overlayConfig.overlays[0].children[0]"
"4","纳塔","安饶之野","流火的实验地","流火的实验地 · 深层","流火的实验地 · 深层","地图分层子项","","","layer:A:NT:NATA3:SCORCH_FIRE_EXPERIMENT_SITE/SCORCH_FIRE_EXPERIMENT_SITE_LOWER","layer:A:NT:NATA3:SCORCH_FIRE_EXPERIMENT_SITE","","47","A:NT:NATA3","SCORCH_FIRE_EXPERIMENT_SITE_LOWER","underground + overlay","纳塔 / 安饶之野 / 流火的实验地 / 流火的实验地 · 深层","未标记默认隐藏","","plugins[""A:NT:NATA3""].extraConfig.underground.levels[0].children[1] ; plugins[""A:NT:NATA3""].overlayConfig.overlays[0].children[1]"
"3","纳塔","安饶之野","安饶之野","","安饶之野","地图分层目录","","","layer:A:NT:NATA3:ABOUND_LAND","area:A:NT:NATA3","","47","A:NT:NATA3","ABOUND_LAND","underground + overlay","纳塔 / 安饶之野 / 安饶之野","未标记默认隐藏","","plugins[""A:NT:NATA3""].extraConfig.underground.levels[1] ; plugins[""A:NT:NATA3""].overlayConfig.overlays[1]"
"4","纳塔","安饶之野","安饶之野","「天火之冠」","「天火之冠」","地图分层子项","","","layer:A:NT:NATA3:ABOUND_LAND/FRAME_CROWN","layer:A:NT:NATA3:ABOUND_LAND","","47","A:NT:NATA3","FRAME_CROWN","underground + overlay","纳塔 / 安饶之野 / 安饶之野 / 「天火之冠」","未标记默认隐藏","","plugins[""A:NT:NATA3""].extraConfig.underground.levels[1].children[0] ; plugins[""A:NT:NATA3""].overlayConfig.overlays[1].children[0]"
"4","纳塔","安饶之野","安饶之野","穿越山侧的甬道","穿越山侧的甬道","地图分层子项","","","layer:A:NT:NATA3:ABOUND_LAND/PASSAGE_THRU_MOUNTAINSIDE","layer:A:NT:NATA3:ABOUND_LAND","","47","A:NT:NATA3","PASSAGE_THRU_MOUNTAINSIDE","underground + overlay","纳塔 / 安饶之野 / 安饶之野 / 穿越山侧的甬道","未标记默认隐藏","","plugins[""A:NT:NATA3""].extraConfig.underground.levels[1].children[1] ; plugins[""A:NT:NATA3""].overlayConfig.overlays[1].children[1]"
"4","纳塔","安饶之野","安饶之野","熔裂的罅隙","熔裂的罅隙","地图分层子项","","","layer:A:NT:NATA3:ABOUND_LAND/MOLTEN_FLAME_FISSURE","layer:A:NT:NATA3:ABOUND_LAND","","47","A:NT:NATA3","MOLTEN_FLAME_FISSURE","underground + overlay","纳塔 / 安饶之野 / 安饶之野 / 熔裂的罅隙","未标记默认隐藏","","plugins[""A:NT:NATA3""].extraConfig.underground.levels[1].children[2] ; plugins[""A:NT:NATA3""].overlayConfig.overlays[1].children[2]"
"2","纳塔","远古圣山","","","远古圣山","API地区","","","area:A:NT:NATA4","area:C:NT","48","48","A:NT:NATA4","","area-api","纳塔 / 远古圣山","未标记默认隐藏","","area[id=48]"
"3","纳塔","远古圣山","远古圣山","","远古圣山","地图分层目录","","","layer:A:NT:NATA4:ANCIENT_SACRED_MT","area:A:NT:NATA4","","48","A:NT:NATA4","ANCIENT_SACRED_MT","underground + overlay","纳塔 / 远古圣山 / 远古圣山","未标记默认隐藏","","plugins[""A:NT:NATA4""].extraConfig.underground.levels[0] ; plugins[""A:NT:NATA4""].overlayConfig.overlays[1]"
"4","纳塔","远古圣山","远古圣山","远古圣山的龙居地","远古圣山的龙居地","地图分层子项","","","layer:A:NT:NATA4:ANCIENT_SACRED_MT/ANCIENT_SACRED_MT_DRAGON_LAIR","layer:A:NT:NATA4:ANCIENT_SACRED_MT","","48","A:NT:NATA4","ANCIENT_SACRED_MT_DRAGON_LAIR","underground + overlay","纳塔 / 远古圣山 / 远古圣山 / 远古圣山的龙居地","未标记默认隐藏","","plugins[""A:NT:NATA4""].extraConfig.underground.levels[0].children[0] ; plugins[""A:NT:NATA4""].overlayConfig.overlays[1].children[0]"
"4","纳塔","远古圣山","远古圣山","审议之庭","审议之庭","地图分层子项","","","layer:A:NT:NATA4:ANCIENT_SACRED_MT/DELIBERATE_COURT","layer:A:NT:NATA4:ANCIENT_SACRED_MT","","48","A:NT:NATA4","DELIBERATE_COURT","underground + overlay","纳塔 / 远古圣山 / 远古圣山 / 审议之庭","未标记默认隐藏","","plugins[""A:NT:NATA4""].extraConfig.underground.levels[0].children[1] ; plugins[""A:NT:NATA4""].overlayConfig.overlays[1].children[1]"
"4","纳塔","远古圣山","远古圣山","圣山之心","圣山之心","地图分层子项","","","layer:A:NT:NATA4:ANCIENT_SACRED_MT/SACRED_MT_HEART","layer:A:NT:NATA4:ANCIENT_SACRED_MT","","48","A:NT:NATA4","SACRED_MT_HEART","underground + overlay","纳塔 / 远古圣山 / 远古圣山 / 圣山之心","未标记默认隐藏","","plugins[""A:NT:NATA4""].extraConfig.underground.levels[0].children[2] ; plugins[""A:NT:NATA4""].overlayConfig.overlays[1].children[2]"
"3","纳塔","远古圣山","远古圣山地上","","远古圣山地上","地图分层目录","","","layer:A:NT:NATA4:*ANCIENT_SACRED_MT_UPPER","area:A:NT:NATA4","","48","A:NT:NATA4","*ANCIENT_SACRED_MT_UPPER","overlay","纳塔 / 远古圣山 / 远古圣山地上","未标记默认隐藏","","plugins[""A:NT:NATA4""].overlayConfig.overlays[0]"
"4","纳塔","远古圣山","远古圣山地上","远古圣山","远古圣山","地图分层子项","","","layer:A:NT:NATA4:*ANCIENT_SACRED_MT_UPPER/ANCIENT_SACRED_MT","layer:A:NT:NATA4:*ANCIENT_SACRED_MT_UPPER","","48","A:NT:NATA4","ANCIENT_SACRED_MT","overlay","纳塔 / 远古圣山 / 远古圣山地上 / 远古圣山","未标记默认隐藏","","plugins[""A:NT:NATA4""].overlayConfig.overlays[0].children[0]"
"2","纳塔","悠悠度假村","","","悠悠度假村","API地区","","","area:A:NT:NATA5","area:C:NT","49","49","A:NT:NATA5","","area-api","纳塔 / 悠悠度假村","未标记默认隐藏","","area[id=49]"
"3","纳塔","悠悠度假村","特诺奇兹托克","","特诺奇兹托克","地图分层目录","","","layer:A:NT:NATA5:TENOCHTZTOQUE","area:A:NT:NATA5","","49","A:NT:NATA5","TENOCHTZTOQUE","underground + overlay","纳塔 / 悠悠度假村 / 特诺奇兹托克","未标记默认隐藏","","plugins[""A:NT:NATA5""].extraConfig.underground.levels[0] ; plugins[""A:NT:NATA5""].overlayConfig.overlays[0]"
"4","纳塔","悠悠度假村","特诺奇兹托克","特诺奇兹托克 · 东部洞穴","特诺奇兹托克 · 东部洞穴","地图分层子项","","","layer:A:NT:NATA5:TENOCHTZTOQUE/TENOCHTZTOQUE_CAVE_E","layer:A:NT:NATA5:TENOCHTZTOQUE","","49","A:NT:NATA5","TENOCHTZTOQUE_CAVE_E","underground + overlay","纳塔 / 悠悠度假村 / 特诺奇兹托克 / 特诺奇兹托克 · 东部洞穴","未标记默认隐藏","","plugins[""A:NT:NATA5""].extraConfig.underground.levels[0].children[0] ; plugins[""A:NT:NATA5""].overlayConfig.overlays[0].children[0]"
"4","纳塔","悠悠度假村","特诺奇兹托克","特诺奇兹托克 · 西部洞穴","特诺奇兹托克 · 西部洞穴","地图分层子项","","","layer:A:NT:NATA5:TENOCHTZTOQUE/TENOCHTZTOQUE_CAVE_W","layer:A:NT:NATA5:TENOCHTZTOQUE","","49","A:NT:NATA5","TENOCHTZTOQUE_CAVE_W","underground + overlay","纳塔 / 悠悠度假村 / 特诺奇兹托克 / 特诺奇兹托克 · 西部洞穴","未标记默认隐藏","","plugins[""A:NT:NATA5""].extraConfig.underground.levels[0].children[1] ; plugins[""A:NT:NATA5""].overlayConfig.overlays[0].children[1]"
"4","纳塔","悠悠度假村","特诺奇兹托克","特诺奇兹托克 · 北部洞穴","特诺奇兹托克 · 北部洞穴","地图分层子项","","","layer:A:NT:NATA5:TENOCHTZTOQUE/TENOCHTZTOQUE_CAVE_N","layer:A:NT:NATA5:TENOCHTZTOQUE","","49","A:NT:NATA5","TENOCHTZTOQUE_CAVE_N","underground + overlay","纳塔 / 悠悠度假村 / 特诺奇兹托克 / 特诺奇兹托克 · 北部洞穴","未标记默认隐藏","","plugins[""A:NT:NATA5""].extraConfig.underground.levels[0].children[2] ; plugins[""A:NT:NATA5""].overlayConfig.overlays[0].children[2]"
"3","纳塔","悠悠度假村","刺梨岩内部洞穴","","刺梨岩内部洞穴","地图分层目录","","","layer:A:NT:NATA5:ROXBURGH_INNER","area:A:NT:NATA5","","49","A:NT:NATA5","ROXBURGH_INNER","underground + overlay","纳塔 / 悠悠度假村 / 刺梨岩内部洞穴","未标记默认隐藏","","plugins[""A:NT:NATA5""].extraConfig.underground.levels[1] ; plugins[""A:NT:NATA5""].overlayConfig.overlays[1]"
"4","纳塔","悠悠度假村","刺梨岩内部洞穴","刺梨岩内部洞穴","刺梨岩内部洞穴","地图分层子项","","","layer:A:NT:NATA5:ROXBURGH_INNER/ROXBURGH_INNER","layer:A:NT:NATA5:ROXBURGH_INNER","","49","A:NT:NATA5","ROXBURGH_INNER","underground + overlay","纳塔 / 悠悠度假村 / 刺梨岩内部洞穴 / 刺梨岩内部洞穴","未标记默认隐藏","","plugins[""A:NT:NATA5""].extraConfig.underground.levels[1].children[0] ; plugins[""A:NT:NATA5""].overlayConfig.overlays[1].children[0]"
"4","纳塔","悠悠度假村","刺梨岩内部洞穴","刺梨岩内部洞穴 · 北区","刺梨岩内部洞穴 · 北区","地图分层子项","","","layer:A:NT:NATA5:ROXBURGH_INNER/ROXBURGH_INNER_N","layer:A:NT:NATA5:ROXBURGH_INNER","","49","A:NT:NATA5","ROXBURGH_INNER_N","underground + overlay","纳塔 / 悠悠度假村 / 刺梨岩内部洞穴 / 刺梨岩内部洞穴 · 北区","未标记默认隐藏","","plugins[""A:NT:NATA5""].extraConfig.underground.levels[1].children[1] ; plugins[""A:NT:NATA5""].overlayConfig.overlays[1].children[1]"
"4","纳塔","悠悠度假村","刺梨岩内部洞穴","刺梨岩内部洞穴 · 西区","刺梨岩内部洞穴 · 西区","地图分层子项","","","layer:A:NT:NATA5:ROXBURGH_INNER/ROXBURGH_INNER_W","layer:A:NT:NATA5:ROXBURGH_INNER","","49","A:NT:NATA5","ROXBURGH_INNER_W","underground + overlay","纳塔 / 悠悠度假村 / 刺梨岩内部洞穴 / 刺梨岩内部洞穴 · 西区","未标记默认隐藏","","plugins[""A:NT:NATA5""].extraConfig.underground.levels[1].children[2] ; plugins[""A:NT:NATA5""].overlayConfig.overlays[1].children[2]"
"1","挪德卡莱","","","","挪德卡莱","顶级分类","","","area:C:NDKL","","50","50","C:NDKL","","area-api","挪德卡莱","未标记默认隐藏","","area[id=50]"
"2","挪德卡莱","伦波岛、希汐岛、帕哈岛","","","伦波岛、希汐岛、帕哈岛","API地区","","","area:A:NDKL:NDKL","area:C:NDKL","51","51","A:NDKL:NDKL","","area-api","挪德卡莱 / 伦波岛、希汐岛、帕哈岛","未标记默认隐藏","","area[id=51]"
"3","挪德卡莱","伦波岛、希汐岛、帕哈岛","伦波岛","","伦波岛","地图分层目录","","","layer:A:NDKL:NDKL:LEMPO_ISLAND","area:A:NDKL:NDKL","","51","A:NDKL:NDKL","LEMPO_ISLAND","underground + overlay","挪德卡莱 / 伦波岛、希汐岛、帕哈岛 / 伦波岛","未标记默认隐藏","","plugins[""A:NDKL:NDKL""].extraConfig.underground.levels[0] ; plugins[""A:NDKL:NDKL""].overlayConfig.overlays[0]"
"4","挪德卡莱","伦波岛、希汐岛、帕哈岛","伦波岛","苔原之隙（西）","苔原之隙（西）","地图分层子项","","","layer:A:NDKL:NDKL:LEMPO_ISLAND/TUNDRA_RIFT_WEST","layer:A:NDKL:NDKL:LEMPO_ISLAND","","51","A:NDKL:NDKL","TUNDRA_RIFT_WEST","underground + overlay","挪德卡莱 / 伦波岛、希汐岛、帕哈岛 / 伦波岛 / 苔原之隙（西）","未标记默认隐藏","","plugins[""A:NDKL:NDKL""].extraConfig.underground.levels[0].children[0] ; plugins[""A:NDKL:NDKL""].overlayConfig.overlays[0].children[0]"
"4","挪德卡莱","伦波岛、希汐岛、帕哈岛","伦波岛","苔原之隙（南）","苔原之隙（南）","地图分层子项","","","layer:A:NDKL:NDKL:LEMPO_ISLAND/TUNDRA_RIFT_SOUTH","layer:A:NDKL:NDKL:LEMPO_ISLAND","","51","A:NDKL:NDKL","TUNDRA_RIFT_SOUTH","underground + overlay","挪德卡莱 / 伦波岛、希汐岛、帕哈岛 / 伦波岛 / 苔原之隙（南）","未标记默认隐藏","","plugins[""A:NDKL:NDKL""].extraConfig.underground.levels[0].children[1] ; plugins[""A:NDKL:NDKL""].overlayConfig.overlays[0].children[1]"
"4","挪德卡莱","伦波岛、希汐岛、帕哈岛","伦波岛","隐蔽的实验室","隐蔽的实验室","地图分层子项","","","layer:A:NDKL:NDKL:LEMPO_ISLAND/NOD_KRAI_HIDDEN_LAB","layer:A:NDKL:NDKL:LEMPO_ISLAND","","51","A:NDKL:NDKL","NOD_KRAI_HIDDEN_LAB","underground + overlay","挪德卡莱 / 伦波岛、希汐岛、帕哈岛 / 伦波岛 / 隐蔽的实验室","未标记默认隐藏","","plugins[""A:NDKL:NDKL""].extraConfig.underground.levels[0].children[2] ; plugins[""A:NDKL:NDKL""].overlayConfig.overlays[0].children[2]"
"4","挪德卡莱","伦波岛、希汐岛、帕哈岛","伦波岛","风蚀小径","风蚀小径","地图分层子项","","","layer:A:NDKL:NDKL:LEMPO_ISLAND/NOD_KRAI_WIND_WORN_PATH","layer:A:NDKL:NDKL:LEMPO_ISLAND","","51","A:NDKL:NDKL","NOD_KRAI_WIND_WORN_PATH","underground + overlay","挪德卡莱 / 伦波岛、希汐岛、帕哈岛 / 伦波岛 / 风蚀小径","未标记默认隐藏","","plugins[""A:NDKL:NDKL""].extraConfig.underground.levels[0].children[3] ; plugins[""A:NDKL:NDKL""].overlayConfig.overlays[0].children[3]"
"4","挪德卡莱","伦波岛、希汐岛、帕哈岛","伦波岛","废弃的工坊","废弃的工坊","地图分层子项","","","layer:A:NDKL:NDKL:LEMPO_ISLAND/NOD_KRAI_RUINED_WORKSHOP","layer:A:NDKL:NDKL:LEMPO_ISLAND","","51","A:NDKL:NDKL","NOD_KRAI_RUINED_WORKSHOP","underground + overlay","挪德卡莱 / 伦波岛、希汐岛、帕哈岛 / 伦波岛 / 废弃的工坊","未标记默认隐藏","","plugins[""A:NDKL:NDKL""].extraConfig.underground.levels[0].children[4] ; plugins[""A:NDKL:NDKL""].overlayConfig.overlays[0].children[4]"
"4","挪德卡莱","伦波岛、希汐岛、帕哈岛","伦波岛","绝海之下","绝海之下","地图分层子项","","","layer:A:NDKL:NDKL:LEMPO_ISLAND/NOD_KRAI_ABYSSAL_DEPTHS","layer:A:NDKL:NDKL:LEMPO_ISLAND","","51","A:NDKL:NDKL","NOD_KRAI_ABYSSAL_DEPTHS","underground + overlay","挪德卡莱 / 伦波岛、希汐岛、帕哈岛 / 伦波岛 / 绝海之下","未标记默认隐藏","","plugins[""A:NDKL:NDKL""].extraConfig.underground.levels[0].children[5] ; plugins[""A:NDKL:NDKL""].overlayConfig.overlays[0].children[5]"
"4","挪德卡莱","伦波岛、希汐岛、帕哈岛","伦波岛","徒水岩窟","徒水岩窟","地图分层子项","","","layer:A:NDKL:NDKL:LEMPO_ISLAND/WATER_DRIFT_CAVE","layer:A:NDKL:NDKL:LEMPO_ISLAND","","51","A:NDKL:NDKL","WATER_DRIFT_CAVE","underground + overlay","挪德卡莱 / 伦波岛、希汐岛、帕哈岛 / 伦波岛 / 徒水岩窟","未标记默认隐藏","","plugins[""A:NDKL:NDKL""].extraConfig.underground.levels[0].children[6] ; plugins[""A:NDKL:NDKL""].overlayConfig.overlays[0].children[6]"
"3","挪德卡莱","伦波岛、希汐岛、帕哈岛","希汐岛","","希汐岛","地图分层目录","","","layer:A:NDKL:NDKL:HIISI_ISLAND","area:A:NDKL:NDKL","","51","A:NDKL:NDKL","HIISI_ISLAND","underground + overlay","挪德卡莱 / 伦波岛、希汐岛、帕哈岛 / 希汐岛","未标记默认隐藏","","plugins[""A:NDKL:NDKL""].extraConfig.underground.levels[1] ; plugins[""A:NDKL:NDKL""].overlayConfig.overlays[1]"
"4","挪德卡莱","伦波岛、希汐岛、帕哈岛","希汐岛","「蟹之主的宫殿 · 上层」","「蟹之主的宫殿 · 上层」","地图分层子项","","","layer:A:NDKL:NDKL:HIISI_ISLAND/BASATAN_HALL_UG1","layer:A:NDKL:NDKL:HIISI_ISLAND","","51","A:NDKL:NDKL","BASATAN_HALL_UG1","underground + overlay","挪德卡莱 / 伦波岛、希汐岛、帕哈岛 / 希汐岛 / 「蟹之主的宫殿 · 上层」","未标记默认隐藏","","plugins[""A:NDKL:NDKL""].extraConfig.underground.levels[1].children[0] ; plugins[""A:NDKL:NDKL""].overlayConfig.overlays[1].children[0]"
"4","挪德卡莱","伦波岛、希汐岛、帕哈岛","希汐岛","「蟹之主的宫殿 · 下层」","「蟹之主的宫殿 · 下层」","地图分层子项","","","layer:A:NDKL:NDKL:HIISI_ISLAND/BASATAN_HALL_UG2","layer:A:NDKL:NDKL:HIISI_ISLAND","","51","A:NDKL:NDKL","BASATAN_HALL_UG2","underground + overlay","挪德卡莱 / 伦波岛、希汐岛、帕哈岛 / 希汐岛 / 「蟹之主的宫殿 · 下层」","未标记默认隐藏","","plugins[""A:NDKL:NDKL""].extraConfig.underground.levels[1].children[1] ; plugins[""A:NDKL:NDKL""].overlayConfig.overlays[1].children[1]"
"4","挪德卡莱","伦波岛、希汐岛、帕哈岛","希汐岛","近月的隙间","近月的隙间","地图分层子项","","","layer:A:NDKL:NDKL:HIISI_ISLAND/PERILUNE_FRACTURE","layer:A:NDKL:NDKL:HIISI_ISLAND","","51","A:NDKL:NDKL","PERILUNE_FRACTURE","underground + overlay","挪德卡莱 / 伦波岛、希汐岛、帕哈岛 / 希汐岛 / 近月的隙间","未标记默认隐藏","","plugins[""A:NDKL:NDKL""].extraConfig.underground.levels[1].children[2] ; plugins[""A:NDKL:NDKL""].overlayConfig.overlays[1].children[2]"
"4","挪德卡莱","伦波岛、希汐岛、帕哈岛","希汐岛","遗誓者的圣所","遗誓者的圣所","地图分层子项","","","layer:A:NDKL:NDKL:HIISI_ISLAND/SWORN_SANCTUM","layer:A:NDKL:NDKL:HIISI_ISLAND","","51","A:NDKL:NDKL","SWORN_SANCTUM","underground + overlay","挪德卡莱 / 伦波岛、希汐岛、帕哈岛 / 希汐岛 / 遗誓者的圣所","未标记默认隐藏","","plugins[""A:NDKL:NDKL""].extraConfig.underground.levels[1].children[3] ; plugins[""A:NDKL:NDKL""].overlayConfig.overlays[1].children[3]"
"4","挪德卡莱","伦波岛、希汐岛、帕哈岛","希汐岛","雷图礁 · 隧路","雷图礁 · 隧路","地图分层子项","","","layer:A:NDKL:NDKL:HIISI_ISLAND/RETU_REEF_TUNNEL","layer:A:NDKL:NDKL:HIISI_ISLAND","","51","A:NDKL:NDKL","RETU_REEF_TUNNEL","underground + overlay","挪德卡莱 / 伦波岛、希汐岛、帕哈岛 / 希汐岛 / 雷图礁 · 隧路","未标记默认隐藏","","plugins[""A:NDKL:NDKL""].extraConfig.underground.levels[1].children[4] ; plugins[""A:NDKL:NDKL""].overlayConfig.overlays[1].children[4]"
"4","挪德卡莱","伦波岛、希汐岛、帕哈岛","希汐岛","银月之庭","银月之庭","地图分层子项","","","layer:A:NDKL:NDKL:HIISI_ISLAND/SILVER_MOON_COURT","layer:A:NDKL:NDKL:HIISI_ISLAND","","51","A:NDKL:NDKL","SILVER_MOON_COURT","underground + overlay","挪德卡莱 / 伦波岛、希汐岛、帕哈岛 / 希汐岛 / 银月之庭","未标记默认隐藏","","plugins[""A:NDKL:NDKL""].extraConfig.underground.levels[1].children[5] ; plugins[""A:NDKL:NDKL""].overlayConfig.overlays[1].children[5]"
"3","挪德卡莱","伦波岛、希汐岛、帕哈岛","帕哈岛","","帕哈岛","地图分层目录","","","layer:A:NDKL:NDKL:PAHA_ISLE","area:A:NDKL:NDKL","","51","A:NDKL:NDKL","PAHA_ISLE","underground + overlay","挪德卡莱 / 伦波岛、希汐岛、帕哈岛 / 帕哈岛","未标记默认隐藏","","plugins[""A:NDKL:NDKL""].extraConfig.underground.levels[2] ; plugins[""A:NDKL:NDKL""].overlayConfig.overlays[2]"
"4","挪德卡莱","伦波岛、希汐岛、帕哈岛","帕哈岛","盐蚀洞窟","盐蚀洞窟","地图分层子项","","","layer:A:NDKL:NDKL:PAHA_ISLE/SALT_ERODED_CAVE","layer:A:NDKL:NDKL:PAHA_ISLE","","51","A:NDKL:NDKL","SALT_ERODED_CAVE","underground + overlay","挪德卡莱 / 伦波岛、希汐岛、帕哈岛 / 帕哈岛 / 盐蚀洞窟","未标记默认隐藏","","plugins[""A:NDKL:NDKL""].extraConfig.underground.levels[2].children[0] ; plugins[""A:NDKL:NDKL""].overlayConfig.overlays[2].children[0]"
"4","挪德卡莱","伦波岛、希汐岛、帕哈岛","帕哈岛","地下研究所","地下研究所","地图分层子项","","","layer:A:NDKL:NDKL:PAHA_ISLE/NOD_KRAI_UG_RESEARCH_CENTER","layer:A:NDKL:NDKL:PAHA_ISLE","","51","A:NDKL:NDKL","NOD_KRAI_UG_RESEARCH_CENTER","underground + overlay","挪德卡莱 / 伦波岛、希汐岛、帕哈岛 / 帕哈岛 / 地下研究所","未标记默认隐藏","","plugins[""A:NDKL:NDKL""].extraConfig.underground.levels[2].children[1] ; plugins[""A:NDKL:NDKL""].overlayConfig.overlays[2].children[1]"
"4","挪德卡莱","伦波岛、希汐岛、帕哈岛","帕哈岛","训练场","训练场","地图分层子项","","","layer:A:NDKL:NDKL:PAHA_ISLE/NOD_KRAI_TRAINING_HALL","layer:A:NDKL:NDKL:PAHA_ISLE","","51","A:NDKL:NDKL","NOD_KRAI_TRAINING_HALL","underground + overlay","挪德卡莱 / 伦波岛、希汐岛、帕哈岛 / 帕哈岛 / 训练场","未标记默认隐藏","","plugins[""A:NDKL:NDKL""].extraConfig.underground.levels[2].children[2] ; plugins[""A:NDKL:NDKL""].overlayConfig.overlays[2].children[2]"
"3","挪德卡莱","伦波岛、希汐岛、帕哈岛","月矩力试验设计局","","月矩力试验设计局","地图分层目录","","","layer:A:NDKL:NDKL:KUUVAHKI_BUREAU","area:A:NDKL:NDKL","","51","A:NDKL:NDKL","KUUVAHKI_BUREAU","underground + overlay","挪德卡莱 / 伦波岛、希汐岛、帕哈岛 / 月矩力试验设计局","未标记默认隐藏","","plugins[""A:NDKL:NDKL""].extraConfig.underground.levels[3] ; plugins[""A:NDKL:NDKL""].overlayConfig.overlays[3]"
"4","挪德卡莱","伦波岛、希汐岛、帕哈岛","月矩力试验设计局","月矩力试验设计局 · 顶层","月矩力试验设计局 · 顶层","地图分层子项","","","layer:A:NDKL:NDKL:KUUVAHKI_BUREAU/KUUVAHKI_BUREAU_UG0","layer:A:NDKL:NDKL:KUUVAHKI_BUREAU","","51","A:NDKL:NDKL","KUUVAHKI_BUREAU_UG0","underground + overlay","挪德卡莱 / 伦波岛、希汐岛、帕哈岛 / 月矩力试验设计局 / 月矩力试验设计局 · 顶层","未标记默认隐藏","","plugins[""A:NDKL:NDKL""].extraConfig.underground.levels[3].children[0] ; plugins[""A:NDKL:NDKL""].overlayConfig.overlays[3].children[0]"
"4","挪德卡莱","伦波岛、希汐岛、帕哈岛","月矩力试验设计局","月矩力试验设计局 · 销毁车间","月矩力试验设计局 · 销毁车间","地图分层子项","","","layer:A:NDKL:NDKL:KUUVAHKI_BUREAU/KUUVAHKI_BUREAU_ANNEX","layer:A:NDKL:NDKL:KUUVAHKI_BUREAU","","51","A:NDKL:NDKL","KUUVAHKI_BUREAU_ANNEX","underground + overlay","挪德卡莱 / 伦波岛、希汐岛、帕哈岛 / 月矩力试验设计局 / 月矩力试验设计局 · 销毁车间","未标记默认隐藏","","plugins[""A:NDKL:NDKL""].extraConfig.underground.levels[3].children[1] ; plugins[""A:NDKL:NDKL""].overlayConfig.overlays[3].children[1]"
"4","挪德卡莱","伦波岛、希汐岛、帕哈岛","月矩力试验设计局","月矩力试验设计局 · 南区","月矩力试验设计局 · 南区","地图分层子项","","","layer:A:NDKL:NDKL:KUUVAHKI_BUREAU/KUUVAHKI_BUREAU_SOUTH","layer:A:NDKL:NDKL:KUUVAHKI_BUREAU","","51","A:NDKL:NDKL","KUUVAHKI_BUREAU_SOUTH","underground + overlay","挪德卡莱 / 伦波岛、希汐岛、帕哈岛 / 月矩力试验设计局 / 月矩力试验设计局 · 南区","未标记默认隐藏","","plugins[""A:NDKL:NDKL""].extraConfig.underground.levels[3].children[2] ; plugins[""A:NDKL:NDKL""].overlayConfig.overlays[3].children[2]"
"4","挪德卡莱","伦波岛、希汐岛、帕哈岛","月矩力试验设计局","月矩力试验设计局 · 中层","月矩力试验设计局 · 中层","地图分层子项","","","layer:A:NDKL:NDKL:KUUVAHKI_BUREAU/KUUVAHKI_BUREAU_UG1","layer:A:NDKL:NDKL:KUUVAHKI_BUREAU","","51","A:NDKL:NDKL","KUUVAHKI_BUREAU_UG1","underground + overlay","挪德卡莱 / 伦波岛、希汐岛、帕哈岛 / 月矩力试验设计局 / 月矩力试验设计局 · 中层","未标记默认隐藏","","plugins[""A:NDKL:NDKL""].extraConfig.underground.levels[3].children[3] ; plugins[""A:NDKL:NDKL""].overlayConfig.overlays[3].children[3]"
"4","挪德卡莱","伦波岛、希汐岛、帕哈岛","月矩力试验设计局","月矩力试验设计局 · 下层","月矩力试验设计局 · 下层","地图分层子项","","","layer:A:NDKL:NDKL:KUUVAHKI_BUREAU/KUUVAHKI_BUREAU_UG2","layer:A:NDKL:NDKL:KUUVAHKI_BUREAU","","51","A:NDKL:NDKL","KUUVAHKI_BUREAU_UG2","underground + overlay","挪德卡莱 / 伦波岛、希汐岛、帕哈岛 / 月矩力试验设计局 / 月矩力试验设计局 · 下层","未标记默认隐藏","","plugins[""A:NDKL:NDKL""].extraConfig.underground.levels[3].children[4] ; plugins[""A:NDKL:NDKL""].overlayConfig.overlays[3].children[4]"
"4","挪德卡莱","伦波岛、希汐岛、帕哈岛","月矩力试验设计局","月矩力试验设计局 · 底层","月矩力试验设计局 · 底层","地图分层子项","","","layer:A:NDKL:NDKL:KUUVAHKI_BUREAU/KUUVAKHI_BUREAU_UG3","layer:A:NDKL:NDKL:KUUVAHKI_BUREAU","","51","A:NDKL:NDKL","KUUVAKHI_BUREAU_UG3","underground + overlay","挪德卡莱 / 伦波岛、希汐岛、帕哈岛 / 月矩力试验设计局 / 月矩力试验设计局 · 底层","未标记默认隐藏","","plugins[""A:NDKL:NDKL""].extraConfig.underground.levels[3].children[5] ; plugins[""A:NDKL:NDKL""].overlayConfig.overlays[3].children[5]"
"3","挪德卡莱","伦波岛、希汐岛、帕哈岛","那夏镇","","那夏镇","地图分层目录","","","layer:A:NDKL:NDKL:*NASHA_TOWN","area:A:NDKL:NDKL","","51","A:NDKL:NDKL","*NASHA_TOWN","overlay","挪德卡莱 / 伦波岛、希汐岛、帕哈岛 / 那夏镇","未标记默认隐藏","","plugins[""A:NDKL:NDKL""].overlayConfig.overlays[4]"
"4","挪德卡莱","伦波岛、希汐岛、帕哈岛","那夏镇","常态","常态","地图分层子项","","","layer:A:NDKL:NDKL:*NASHA_TOWN/NASHA_TOWN_NORMAL","layer:A:NDKL:NDKL:*NASHA_TOWN","","51","A:NDKL:NDKL","NASHA_TOWN_NORMAL","overlay","挪德卡莱 / 伦波岛、希汐岛、帕哈岛 / 那夏镇 / 常态","未标记默认隐藏","","plugins[""A:NDKL:NDKL""].overlayConfig.overlays[4].children[0]"
"4","挪德卡莱","伦波岛、希汐岛、帕哈岛","那夏镇","祈月之夜","祈月之夜","地图分层子项","","","layer:A:NDKL:NDKL:*NASHA_TOWN/NASHA_TOWN_MOON_PRAYER_NIGHT","layer:A:NDKL:NDKL:*NASHA_TOWN","","51","A:NDKL:NDKL","NASHA_TOWN_MOON_PRAYER_NIGHT","overlay","挪德卡莱 / 伦波岛、希汐岛、帕哈岛 / 那夏镇 / 祈月之夜","未标记默认隐藏","","plugins[""A:NDKL:NDKL""].overlayConfig.overlays[4].children[1]"
"3","挪德卡莱","伦波岛、希汐岛、帕哈岛","月神雕像","","月神雕像","地图分层目录","","","layer:A:NDKL:NDKL:*KUUTAR_STATUE","area:A:NDKL:NDKL","","51","A:NDKL:NDKL","*KUUTAR_STATUE","overlay","挪德卡莱 / 伦波岛、希汐岛、帕哈岛 / 月神雕像","未标记默认隐藏","","plugins[""A:NDKL:NDKL""].overlayConfig.overlays[5]"
"4","挪德卡莱","伦波岛、希汐岛、帕哈岛","月神雕像","修复前","修复前","地图分层子项","","","layer:A:NDKL:NDKL:*KUUTAR_STATUE/KUUTAR_STATUE_NORMAL","layer:A:NDKL:NDKL:*KUUTAR_STATUE","","51","A:NDKL:NDKL","KUUTAR_STATUE_NORMAL","overlay","挪德卡莱 / 伦波岛、希汐岛、帕哈岛 / 月神雕像 / 修复前","未标记默认隐藏","","plugins[""A:NDKL:NDKL""].overlayConfig.overlays[5].children[0]"
"4","挪德卡莱","伦波岛、希汐岛、帕哈岛","月神雕像","修复后","修复后","地图分层子项","","","layer:A:NDKL:NDKL:*KUUTAR_STATUE/KUUTAR_STATUE_REPAIRED","layer:A:NDKL:NDKL:*KUUTAR_STATUE","","51","A:NDKL:NDKL","KUUTAR_STATUE_REPAIRED","overlay","挪德卡莱 / 伦波岛、希汐岛、帕哈岛 / 月神雕像 / 修复后","未标记默认隐藏","","plugins[""A:NDKL:NDKL""].overlayConfig.overlays[5].children[1]"
"2","挪德卡莱","虚海望、逐浪野、烟硌山峰","","","虚海望、逐浪野、烟硌山峰","API地区","","","area:A:NDKL:NDKL2","area:C:NDKL","52","52","A:NDKL:NDKL2","","area-api","挪德卡莱 / 虚海望、逐浪野、烟硌山峰","未标记默认隐藏","","area[id=52]"
"3","挪德卡莱","虚海望、逐浪野、烟硌山峰","废弃避难所","","废弃避难所","地图分层目录","","","layer:A:NDKL:NDKL2:DERELICT_SHELTER","area:A:NDKL:NDKL2","","52","A:NDKL:NDKL2","DERELICT_SHELTER","underground + overlay","挪德卡莱 / 虚海望、逐浪野、烟硌山峰 / 废弃避难所","未标记默认隐藏","","plugins[""A:NDKL:NDKL2""].extraConfig.underground.levels[0] ; plugins[""A:NDKL:NDKL2""].overlayConfig.overlays[0]"
"4","挪德卡莱","虚海望、逐浪野、烟硌山峰","废弃避难所","废弃避难所 · 检修区","废弃避难所 · 检修区","地图分层子项","","","layer:A:NDKL:NDKL2:DERELICT_SHELTER/DERELICT_SHELTER_OVERHAUL_AREA","layer:A:NDKL:NDKL2:DERELICT_SHELTER","","52","A:NDKL:NDKL2","DERELICT_SHELTER_OVERHAUL_AREA","underground + overlay","挪德卡莱 / 虚海望、逐浪野、烟硌山峰 / 废弃避难所 / 废弃避难所 · 检修区","未标记默认隐藏","","plugins[""A:NDKL:NDKL2""].extraConfig.underground.levels[0].children[0] ; plugins[""A:NDKL:NDKL2""].overlayConfig.overlays[0].children[0]"
"4","挪德卡莱","虚海望、逐浪野、烟硌山峰","废弃避难所","废弃避难所 · 研究区","废弃避难所 · 研究区","地图分层子项","","","layer:A:NDKL:NDKL2:DERELICT_SHELTER/DERELICT_SHELTER_RESEARCH_AREA","layer:A:NDKL:NDKL2:DERELICT_SHELTER","","52","A:NDKL:NDKL2","DERELICT_SHELTER_RESEARCH_AREA","underground + overlay","挪德卡莱 / 虚海望、逐浪野、烟硌山峰 / 废弃避难所 / 废弃避难所 · 研究区","未标记默认隐藏","","plugins[""A:NDKL:NDKL2""].extraConfig.underground.levels[0].children[1] ; plugins[""A:NDKL:NDKL2""].overlayConfig.overlays[0].children[1]"
"4","挪德卡莱","虚海望、逐浪野、烟硌山峰","废弃避难所","废弃避难所 · 监督办公室","废弃避难所 · 监督办公室","地图分层子项","","","layer:A:NDKL:NDKL2:DERELICT_SHELTER/DERELICT_SHELTER_SUPERVISE_OFFICE","layer:A:NDKL:NDKL2:DERELICT_SHELTER","","52","A:NDKL:NDKL2","DERELICT_SHELTER_SUPERVISE_OFFICE","underground + overlay","挪德卡莱 / 虚海望、逐浪野、烟硌山峰 / 废弃避难所 / 废弃避难所 · 监督办公室","未标记默认隐藏","","plugins[""A:NDKL:NDKL2""].extraConfig.underground.levels[0].children[2] ; plugins[""A:NDKL:NDKL2""].overlayConfig.overlays[0].children[2]"
"3","挪德卡莱","虚海望、逐浪野、烟硌山峰","虚海望","","虚海望","地图分层目录","","","layer:A:NDKL:NDKL2:FALSESEA","area:A:NDKL:NDKL2","","52","A:NDKL:NDKL2","FALSESEA","underground + overlay","挪德卡莱 / 虚海望、逐浪野、烟硌山峰 / 虚海望","未标记默认隐藏","","plugins[""A:NDKL:NDKL2""].extraConfig.underground.levels[1] ; plugins[""A:NDKL:NDKL2""].overlayConfig.overlays[1]"
"4","挪德卡莱","虚海望、逐浪野、烟硌山峰","虚海望","最后的藏宝地 · 入口","最后的藏宝地 · 入口","地图分层子项","","","layer:A:NDKL:NDKL2:FALSESEA/NOD_KRAI_LAST_VAULT_ENTRANCE","layer:A:NDKL:NDKL2:FALSESEA","","52","A:NDKL:NDKL2","NOD_KRAI_LAST_VAULT_ENTRANCE","underground + overlay","挪德卡莱 / 虚海望、逐浪野、烟硌山峰 / 虚海望 / 最后的藏宝地 · 入口","未标记默认隐藏","","plugins[""A:NDKL:NDKL2""].extraConfig.underground.levels[1].children[0] ; plugins[""A:NDKL:NDKL2""].overlayConfig.overlays[1].children[0]"
"4","挪德卡莱","虚海望、逐浪野、烟硌山峰","虚海望","最后的藏宝地 · 门厅","最后的藏宝地 · 门厅","地图分层子项","","","layer:A:NDKL:NDKL2:FALSESEA/NOD_KRAI_LAST_VAULT_HALL","layer:A:NDKL:NDKL2:FALSESEA","","52","A:NDKL:NDKL2","NOD_KRAI_LAST_VAULT_HALL","underground + overlay","挪德卡莱 / 虚海望、逐浪野、烟硌山峰 / 虚海望 / 最后的藏宝地 · 门厅","未标记默认隐藏","","plugins[""A:NDKL:NDKL2""].extraConfig.underground.levels[1].children[1] ; plugins[""A:NDKL:NDKL2""].overlayConfig.overlays[1].children[1]"
"4","挪德卡莱","虚海望、逐浪野、烟硌山峰","虚海望","最后的藏宝地 · 终点","最后的藏宝地 · 终点","地图分层子项","","","layer:A:NDKL:NDKL2:FALSESEA/NOD_KRAI_LAST_VAULT_TERMINAL","layer:A:NDKL:NDKL2:FALSESEA","","52","A:NDKL:NDKL2","NOD_KRAI_LAST_VAULT_TERMINAL","underground + overlay","挪德卡莱 / 虚海望、逐浪野、烟硌山峰 / 虚海望 / 最后的藏宝地 · 终点","未标记默认隐藏","","plugins[""A:NDKL:NDKL2""].extraConfig.underground.levels[1].children[2] ; plugins[""A:NDKL:NDKL2""].overlayConfig.overlays[1].children[2]"
"4","挪德卡莱","虚海望、逐浪野、烟硌山峰","虚海望","魔女的花园","魔女的花园","地图分层子项","","","layer:A:NDKL:NDKL2:FALSESEA/HEZENZIRKELS_GARDEN","layer:A:NDKL:NDKL2:FALSESEA","","52","A:NDKL:NDKL2","HEZENZIRKELS_GARDEN","underground + overlay","挪德卡莱 / 虚海望、逐浪野、烟硌山峰 / 虚海望 / 魔女的花园","未标记默认隐藏","","plugins[""A:NDKL:NDKL2""].extraConfig.underground.levels[1].children[3] ; plugins[""A:NDKL:NDKL2""].overlayConfig.overlays[1].children[3]"
"3","挪德卡莱","虚海望、逐浪野、烟硌山峰","逐浪野","","逐浪野","地图分层目录","","","layer:A:NDKL:NDKL2:WAVECHASE_WILDS","area:A:NDKL:NDKL2","","52","A:NDKL:NDKL2","WAVECHASE_WILDS","underground + overlay","挪德卡莱 / 虚海望、逐浪野、烟硌山峰 / 逐浪野","未标记默认隐藏","","plugins[""A:NDKL:NDKL2""].extraConfig.underground.levels[2] ; plugins[""A:NDKL:NDKL2""].overlayConfig.overlays[2]"
"4","挪德卡莱","虚海望、逐浪野、烟硌山峰","逐浪野","神柱的根系","神柱的根系","地图分层子项","","","layer:A:NDKL:NDKL2:WAVECHASE_WILDS/NOD_KRAI_PILLAR_ROOTS","layer:A:NDKL:NDKL2:WAVECHASE_WILDS","","52","A:NDKL:NDKL2","NOD_KRAI_PILLAR_ROOTS","underground + overlay","挪德卡莱 / 虚海望、逐浪野、烟硌山峰 / 逐浪野 / 神柱的根系","未标记默认隐藏","","plugins[""A:NDKL:NDKL2""].extraConfig.underground.levels[2].children[0] ; plugins[""A:NDKL:NDKL2""].overlayConfig.overlays[2].children[0]"
"4","挪德卡莱","虚海望、逐浪野、烟硌山峰","逐浪野","残辉岩窟","残辉岩窟","地图分层子项","","","layer:A:NDKL:NDKL2:WAVECHASE_WILDS/AFTERGLOW_CAVERN","layer:A:NDKL:NDKL2:WAVECHASE_WILDS","","52","A:NDKL:NDKL2","AFTERGLOW_CAVERN","underground + overlay","挪德卡莱 / 虚海望、逐浪野、烟硌山峰 / 逐浪野 / 残辉岩窟","未标记默认隐藏","","plugins[""A:NDKL:NDKL2""].extraConfig.underground.levels[2].children[1] ; plugins[""A:NDKL:NDKL2""].overlayConfig.overlays[2].children[1]"
"3","挪德卡莱","虚海望、逐浪野、烟硌山峰","烟硌山峰","","烟硌山峰","地图分层目录","","","layer:A:NDKL:NDKL2:ASHVEIL_PEAK","area:A:NDKL:NDKL2","","52","A:NDKL:NDKL2","ASHVEIL_PEAK","underground + overlay","挪德卡莱 / 虚海望、逐浪野、烟硌山峰 / 烟硌山峰","未标记默认隐藏","","plugins[""A:NDKL:NDKL2""].extraConfig.underground.levels[3] ; plugins[""A:NDKL:NDKL2""].overlayConfig.overlays[3]"
"4","挪德卡莱","虚海望、逐浪野、烟硌山峰","烟硌山峰","英灵的享殿","英灵的享殿","地图分层子项","","","layer:A:NDKL:NDKL2:ASHVEIL_PEAK/EINHERJARS_HALL","layer:A:NDKL:NDKL2:ASHVEIL_PEAK","","52","A:NDKL:NDKL2","EINHERJARS_HALL","underground + overlay","挪德卡莱 / 虚海望、逐浪野、烟硌山峰 / 烟硌山峰 / 英灵的享殿","未标记默认隐藏","","plugins[""A:NDKL:NDKL2""].extraConfig.underground.levels[3].children[0] ; plugins[""A:NDKL:NDKL2""].overlayConfig.overlays[3].children[0]"
"4","挪德卡莱","虚海望、逐浪野、烟硌山峰","烟硌山峰","苦壑之下","苦壑之下","地图分层子项","","","layer:A:NDKL:NDKL2:ASHVEIL_PEAK/MISERY_CHASM_UG","layer:A:NDKL:NDKL2:ASHVEIL_PEAK","","52","A:NDKL:NDKL2","MISERY_CHASM_UG","underground + overlay","挪德卡莱 / 虚海望、逐浪野、烟硌山峰 / 烟硌山峰 / 苦壑之下","未标记默认隐藏","","plugins[""A:NDKL:NDKL2""].extraConfig.underground.levels[3].children[1] ; plugins[""A:NDKL:NDKL2""].overlayConfig.overlays[3].children[1]"
"4","挪德卡莱","虚海望、逐浪野、烟硌山峰","烟硌山峰","苦厄之路","苦厄之路","地图分层子项","","","layer:A:NDKL:NDKL2:ASHVEIL_PEAK/TRIBULATION_PATH","layer:A:NDKL:NDKL2:ASHVEIL_PEAK","","52","A:NDKL:NDKL2","TRIBULATION_PATH","underground + overlay","挪德卡莱 / 虚海望、逐浪野、烟硌山峰 / 烟硌山峰 / 苦厄之路","未标记默认隐藏","","plugins[""A:NDKL:NDKL2""].extraConfig.underground.levels[3].children[2] ; plugins[""A:NDKL:NDKL2""].overlayConfig.overlays[3].children[2]"
"4","挪德卡莱","虚海望、逐浪野、烟硌山峰","烟硌山峰","靡穷深壑","靡穷深壑","地图分层子项","","","layer:A:NDKL:NDKL2:ASHVEIL_PEAK/FETID_DEPTHS","layer:A:NDKL:NDKL2:ASHVEIL_PEAK","","52","A:NDKL:NDKL2","FETID_DEPTHS","underground + overlay","挪德卡莱 / 虚海望、逐浪野、烟硌山峰 / 烟硌山峰 / 靡穷深壑","未标记默认隐藏","","plugins[""A:NDKL:NDKL2""].extraConfig.underground.levels[3].children[3] ; plugins[""A:NDKL:NDKL2""].overlayConfig.overlays[3].children[3]"
"3","挪德卡莱","虚海望、逐浪野、烟硌山峰","安瓦蒂尼尔湖","","安瓦蒂尼尔湖","地图分层目录","","","layer:A:NDKL:NDKL2:*AMSVARTNIR","area:A:NDKL:NDKL2","","52","A:NDKL:NDKL2","*AMSVARTNIR","overlay","挪德卡莱 / 虚海望、逐浪野、烟硌山峰 / 安瓦蒂尼尔湖","未标记默认隐藏","","plugins[""A:NDKL:NDKL2""].overlayConfig.overlays[4]"
"4","挪德卡莱","虚海望、逐浪野、烟硌山峰","安瓦蒂尼尔湖","任务前","任务前","地图分层子项","","","layer:A:NDKL:NDKL2:*AMSVARTNIR/AMSVARTNIR_NORMAL","layer:A:NDKL:NDKL2:*AMSVARTNIR","","52","A:NDKL:NDKL2","AMSVARTNIR_NORMAL","overlay","挪德卡莱 / 虚海望、逐浪野、烟硌山峰 / 安瓦蒂尼尔湖 / 任务前","未标记默认隐藏","","plugins[""A:NDKL:NDKL2""].overlayConfig.overlays[4].children[0]"
"4","挪德卡莱","虚海望、逐浪野、烟硌山峰","安瓦蒂尼尔湖","仙灵王庭","仙灵王庭","地图分层子项","","","layer:A:NDKL:NDKL2:*AMSVARTNIR/AMSVARTNIR_SEELIE_COURT","layer:A:NDKL:NDKL2:*AMSVARTNIR","","52","A:NDKL:NDKL2","AMSVARTNIR_SEELIE_COURT","overlay","挪德卡莱 / 虚海望、逐浪野、烟硌山峰 / 安瓦蒂尼尔湖 / 仙灵王庭","未标记默认隐藏","","plugins[""A:NDKL:NDKL2""].overlayConfig.overlays[4].children[1]"
"2","挪德卡莱","杜南纳深坑","","","杜南纳深坑","API地区","","","area:A:NDKL:NDKL3","area:C:NDKL","53","53","A:NDKL:NDKL3","","area-api","挪德卡莱 / 杜南纳深坑","未标记默认隐藏","","area[id=53]"
"3","挪德卡莱","杜南纳深坑","杜南纳前进站","","杜南纳前进站","地图分层目录","","","layer:A:NDKL:NDKL3:DUNANNA_FORWARD_POST","area:A:NDKL:NDKL3","","53","A:NDKL:NDKL3","DUNANNA_FORWARD_POST","underground + overlay","挪德卡莱 / 杜南纳深坑 / 杜南纳前进站","未标记默认隐藏","","plugins[""A:NDKL:NDKL3""].extraConfig.underground.levels[0] ; plugins[""A:NDKL:NDKL3""].overlayConfig.overlays[0]"
"4","挪德卡莱","杜南纳深坑","杜南纳前进站","杜南纳前进站 · 上层","杜南纳前进站 · 上层","地图分层子项","","","layer:A:NDKL:NDKL3:DUNANNA_FORWARD_POST/DUNANNA_FORWARD_POST_UG1","layer:A:NDKL:NDKL3:DUNANNA_FORWARD_POST","","53","A:NDKL:NDKL3","DUNANNA_FORWARD_POST_UG1","underground + overlay","挪德卡莱 / 杜南纳深坑 / 杜南纳前进站 / 杜南纳前进站 · 上层","未标记默认隐藏","","plugins[""A:NDKL:NDKL3""].extraConfig.underground.levels[0].children[0] ; plugins[""A:NDKL:NDKL3""].overlayConfig.overlays[0].children[0]"
"4","挪德卡莱","杜南纳深坑","杜南纳前进站","杜南纳前进站 · 下层","杜南纳前进站 · 下层","地图分层子项","","","layer:A:NDKL:NDKL3:DUNANNA_FORWARD_POST/DUNANNA_FORWARD_POST_UG2","layer:A:NDKL:NDKL3:DUNANNA_FORWARD_POST","","53","A:NDKL:NDKL3","DUNANNA_FORWARD_POST_UG2","underground + overlay","挪德卡莱 / 杜南纳深坑 / 杜南纳前进站 / 杜南纳前进站 · 下层","未标记默认隐藏","","plugins[""A:NDKL:NDKL3""].extraConfig.underground.levels[0].children[1] ; plugins[""A:NDKL:NDKL3""].overlayConfig.overlays[0].children[1]"
"2","挪德卡莱","霜月","","","霜月","API地区","","","area:A:NDKL:SY","area:C:NDKL","56","56","A:NDKL:SY","","area-api","挪德卡莱 / 霜月","未标记默认隐藏","","area[id=56]"
"3","挪德卡莱","霜月","伊比尼伯龙之眼","","伊比尼伯龙之眼","地图分层目录","","","layer:A:NDKL:SY:IBNI_BELUM_EYE","area:A:NDKL:SY","","56","A:NDKL:SY","IBNI_BELUM_EYE","underground + overlay","挪德卡莱 / 霜月 / 伊比尼伯龙之眼","未标记默认隐藏","","plugins[""A:NDKL:SY""].extraConfig.underground.levels[0] ; plugins[""A:NDKL:SY""].overlayConfig.overlays[0]"
"4","挪德卡莱","霜月","伊比尼伯龙之眼","地下能源发生站","地下能源发生站","地图分层子项","","","layer:A:NDKL:SY:IBNI_BELUM_EYE/UNDERGROUND_POWER_PLANT","layer:A:NDKL:SY:IBNI_BELUM_EYE","","56","A:NDKL:SY","UNDERGROUND_POWER_PLANT","underground + overlay","挪德卡莱 / 霜月 / 伊比尼伯龙之眼 / 地下能源发生站","未标记默认隐藏","","plugins[""A:NDKL:SY""].extraConfig.underground.levels[0].children[0] ; plugins[""A:NDKL:SY""].overlayConfig.overlays[0].children[0]"
"3","挪德卡莱","霜月","乌吉恩圈","","乌吉恩圈","地图分层目录","","","layer:A:NDKL:SY:UNGIEN_CIRCLE","area:A:NDKL:SY","","56","A:NDKL:SY","UNGIEN_CIRCLE","underground + overlay","挪德卡莱 / 霜月 / 乌吉恩圈","未标记默认隐藏","","plugins[""A:NDKL:SY""].extraConfig.underground.levels[1] ; plugins[""A:NDKL:SY""].overlayConfig.overlays[2]"
"4","挪德卡莱","霜月","乌吉恩圈","星空生物捕捉站","星空生物捕捉站","地图分层子项","","","layer:A:NDKL:SY:UNGIEN_CIRCLE/STAR_CREATURE_CAPTURE_STATION","layer:A:NDKL:SY:UNGIEN_CIRCLE","","56","A:NDKL:SY","STAR_CREATURE_CAPTURE_STATION","underground + overlay","挪德卡莱 / 霜月 / 乌吉恩圈 / 星空生物捕捉站","未标记默认隐藏","","plugins[""A:NDKL:SY""].extraConfig.underground.levels[1].children[0] ; plugins[""A:NDKL:SY""].overlayConfig.overlays[2].children[0]"
"4","挪德卡莱","霜月","乌吉恩圈","天攀艏","天攀艏","地图分层子项","","","layer:A:NDKL:SY:UNGIEN_CIRCLE/SKY_REACH_PROW","layer:A:NDKL:SY:UNGIEN_CIRCLE","","56","A:NDKL:SY","SKY_REACH_PROW","underground + overlay","挪德卡莱 / 霜月 / 乌吉恩圈 / 天攀艏","未标记默认隐藏","","plugins[""A:NDKL:SY""].extraConfig.underground.levels[1].children[1] ; plugins[""A:NDKL:SY""].overlayConfig.overlays[2].children[1]"
"4","挪德卡莱","霜月","乌吉恩圈","乌吉恩圈 · 动力中心（上层）","乌吉恩圈 · 动力中心（上层）","地图分层子项","","","layer:A:NDKL:SY:UNGIEN_CIRCLE/UNGIEN_CIRCLE_POWER_CENTER_UG1","layer:A:NDKL:SY:UNGIEN_CIRCLE","","56","A:NDKL:SY","UNGIEN_CIRCLE_POWER_CENTER_UG1","underground + overlay","挪德卡莱 / 霜月 / 乌吉恩圈 / 乌吉恩圈 · 动力中心（上层）","未标记默认隐藏","","plugins[""A:NDKL:SY""].extraConfig.underground.levels[1].children[2] ; plugins[""A:NDKL:SY""].overlayConfig.overlays[2].children[2]"
"4","挪德卡莱","霜月","乌吉恩圈","乌吉恩圈 · 动力中心（下层）","乌吉恩圈 · 动力中心（下层）","地图分层子项","","","layer:A:NDKL:SY:UNGIEN_CIRCLE/UNGIEN_CIRCLE_POWER_CENTER_UG2","layer:A:NDKL:SY:UNGIEN_CIRCLE","","56","A:NDKL:SY","UNGIEN_CIRCLE_POWER_CENTER_UG2","underground + overlay","挪德卡莱 / 霜月 / 乌吉恩圈 / 乌吉恩圈 · 动力中心（下层）","未标记默认隐藏","","plugins[""A:NDKL:SY""].extraConfig.underground.levels[1].children[3] ; plugins[""A:NDKL:SY""].overlayConfig.overlays[2].children[3]"
"4","挪德卡莱","霜月","乌吉恩圈","乌吉恩圈 · 动力引擎","乌吉恩圈 · 动力引擎","地图分层子项","","","layer:A:NDKL:SY:UNGIEN_CIRCLE/UNGIEN_CIRCLE_POWER_ENGINE","layer:A:NDKL:SY:UNGIEN_CIRCLE","","56","A:NDKL:SY","UNGIEN_CIRCLE_POWER_ENGINE","underground + overlay","挪德卡莱 / 霜月 / 乌吉恩圈 / 乌吉恩圈 · 动力引擎","未标记默认隐藏","","plugins[""A:NDKL:SY""].extraConfig.underground.levels[1].children[4] ; plugins[""A:NDKL:SY""].overlayConfig.overlays[2].children[4]"
"3","挪德卡莱","霜月","乌吉恩圈 其他","","乌吉恩圈 其他","地图分层目录","","","layer:A:NDKL:SY:UNGIEN_CIRCLE_OTHER","area:A:NDKL:SY","","56","A:NDKL:SY","UNGIEN_CIRCLE_OTHER","underground + overlay","挪德卡莱 / 霜月 / 乌吉恩圈 其他","未标记默认隐藏","","plugins[""A:NDKL:SY""].extraConfig.underground.levels[2] ; plugins[""A:NDKL:SY""].overlayConfig.overlays[3]"
"4","挪德卡莱","霜月","乌吉恩圈 其他","乌吉恩圈 · 地下洞穴","乌吉恩圈 · 地下洞穴","地图分层子项","","","layer:A:NDKL:SY:UNGIEN_CIRCLE_OTHER/UNGIEN_CIRCLE_UNDERGROUND_CAVE","layer:A:NDKL:SY:UNGIEN_CIRCLE_OTHER","","56","A:NDKL:SY","UNGIEN_CIRCLE_UNDERGROUND_CAVE","underground + overlay","挪德卡莱 / 霜月 / 乌吉恩圈 其他 / 乌吉恩圈 · 地下洞穴","未标记默认隐藏","","plugins[""A:NDKL:SY""].extraConfig.underground.levels[2].children[0] ; plugins[""A:NDKL:SY""].overlayConfig.overlays[3].children[0]"
"4","挪德卡莱","霜月","乌吉恩圈 其他","卡菈格警备场","卡菈格警备场","地图分层子项","","","layer:A:NDKL:SY:UNGIEN_CIRCLE_OTHER/KALAG_GUARD_GROUND","layer:A:NDKL:SY:UNGIEN_CIRCLE_OTHER","","56","A:NDKL:SY","KALAG_GUARD_GROUND","underground + overlay","挪德卡莱 / 霜月 / 乌吉恩圈 其他 / 卡菈格警备场","未标记默认隐藏","","plugins[""A:NDKL:SY""].extraConfig.underground.levels[2].children[1] ; plugins[""A:NDKL:SY""].overlayConfig.overlays[3].children[1]"
"4","挪德卡莱","霜月","乌吉恩圈 其他","水源浮岛","水源浮岛","地图分层子项","","","layer:A:NDKL:SY:UNGIEN_CIRCLE_OTHER/WATER_SOURCE_FLOAT_ISLAND","layer:A:NDKL:SY:UNGIEN_CIRCLE_OTHER","","56","A:NDKL:SY","WATER_SOURCE_FLOAT_ISLAND","underground + overlay","挪德卡莱 / 霜月 / 乌吉恩圈 其他 / 水源浮岛","未标记默认隐藏","","plugins[""A:NDKL:SY""].extraConfig.underground.levels[2].children[2] ; plugins[""A:NDKL:SY""].overlayConfig.overlays[3].children[2]"
"4","挪德卡莱","霜月","乌吉恩圈 其他","玛歌的温室 · 入口","玛歌的温室 · 入口","地图分层子项","","","layer:A:NDKL:SY:UNGIEN_CIRCLE_OTHER/MAAGEES_GREENHOUSE_ENTRANCE","layer:A:NDKL:SY:UNGIEN_CIRCLE_OTHER","","56","A:NDKL:SY","MAAGEES_GREENHOUSE_ENTRANCE","underground + overlay","挪德卡莱 / 霜月 / 乌吉恩圈 其他 / 玛歌的温室 · 入口","未标记默认隐藏","","plugins[""A:NDKL:SY""].extraConfig.underground.levels[2].children[3] ; plugins[""A:NDKL:SY""].overlayConfig.overlays[3].children[3]"
"4","挪德卡莱","霜月","乌吉恩圈 其他","玛歌的温室 · 培养区","玛歌的温室 · 培养区","地图分层子项","","","layer:A:NDKL:SY:UNGIEN_CIRCLE_OTHER/MAAGEES_GREENHOUSE_CULTIVATE_AREA","layer:A:NDKL:SY:UNGIEN_CIRCLE_OTHER","","56","A:NDKL:SY","MAAGEES_GREENHOUSE_CULTIVATE_AREA","underground + overlay","挪德卡莱 / 霜月 / 乌吉恩圈 其他 / 玛歌的温室 · 培养区","未标记默认隐藏","","plugins[""A:NDKL:SY""].extraConfig.underground.levels[2].children[4] ; plugins[""A:NDKL:SY""].overlayConfig.overlays[3].children[4]"
"3","挪德卡莱","霜月","古月风暴研究所","","古月风暴研究所","地图分层目录","","","layer:A:NDKL:SY:ARCHAEOLUNE_STORM_LAB","area:A:NDKL:SY","","56","A:NDKL:SY","ARCHAEOLUNE_STORM_LAB","underground + overlay","挪德卡莱 / 霜月 / 古月风暴研究所","未标记默认隐藏","","plugins[""A:NDKL:SY""].extraConfig.underground.levels[3] ; plugins[""A:NDKL:SY""].overlayConfig.overlays[4]"
"4","挪德卡莱","霜月","古月风暴研究所","古月风暴研究所 · 上层","古月风暴研究所 · 上层","地图分层子项","","","layer:A:NDKL:SY:ARCHAEOLUNE_STORM_LAB/ARCHAEOLUNE_STORM_LAB_UG1","layer:A:NDKL:SY:ARCHAEOLUNE_STORM_LAB","","56","A:NDKL:SY","ARCHAEOLUNE_STORM_LAB_UG1","underground + overlay","挪德卡莱 / 霜月 / 古月风暴研究所 / 古月风暴研究所 · 上层","未标记默认隐藏","","plugins[""A:NDKL:SY""].extraConfig.underground.levels[3].children[0] ; plugins[""A:NDKL:SY""].overlayConfig.overlays[4].children[0]"
"4","挪德卡莱","霜月","古月风暴研究所","古月风暴研究所 · 下层","古月风暴研究所 · 下层","地图分层子项","","","layer:A:NDKL:SY:ARCHAEOLUNE_STORM_LAB/ARCHAEOLUNE_STORM_LAB_UG2","layer:A:NDKL:SY:ARCHAEOLUNE_STORM_LAB","","56","A:NDKL:SY","ARCHAEOLUNE_STORM_LAB_UG2","underground + overlay","挪德卡莱 / 霜月 / 古月风暴研究所 / 古月风暴研究所 · 下层","未标记默认隐藏","","plugins[""A:NDKL:SY""].extraConfig.underground.levels[3].children[1] ; plugins[""A:NDKL:SY""].overlayConfig.overlays[4].children[1]"
"3","挪德卡莱","霜月","月荡海","","月荡海","地图分层目录","","","layer:A:NDKL:SY:MOONVEIL_SEA","area:A:NDKL:SY","","56","A:NDKL:SY","MOONVEIL_SEA","underground + overlay","挪德卡莱 / 霜月 / 月荡海","未标记默认隐藏","","plugins[""A:NDKL:SY""].extraConfig.underground.levels[4] ; plugins[""A:NDKL:SY""].overlayConfig.overlays[5]"
"4","挪德卡莱","霜月","月荡海","黑体物质笼发生站","黑体物质笼发生站","地图分层子项","","","layer:A:NDKL:SY:MOONVEIL_SEA/BLACK_MATTER_CAGE_GENERATE_STATION","layer:A:NDKL:SY:MOONVEIL_SEA","","56","A:NDKL:SY","BLACK_MATTER_CAGE_GENERATE_STATION","underground + overlay","挪德卡莱 / 霜月 / 月荡海 / 黑体物质笼发生站","未标记默认隐藏","","plugins[""A:NDKL:SY""].extraConfig.underground.levels[4].children[0] ; plugins[""A:NDKL:SY""].overlayConfig.overlays[5].children[0]"
"3","挪德卡莱","霜月","努尔寂石阵列","","努尔寂石阵列","地图分层目录","","","layer:A:NDKL:SY:NUUR_STONE_CIRCLE","area:A:NDKL:SY","","56","A:NDKL:SY","NUUR_STONE_CIRCLE","underground + overlay","挪德卡莱 / 霜月 / 努尔寂石阵列","未标记默认隐藏","","plugins[""A:NDKL:SY""].extraConfig.underground.levels[5] ; plugins[""A:NDKL:SY""].overlayConfig.overlays[6]"
"4","挪德卡莱","霜月","努尔寂石阵列","努尔寂石阵列","努尔寂石阵列","地图分层子项","","","layer:A:NDKL:SY:NUUR_STONE_CIRCLE/NUUR_STONE_CIRCLE","layer:A:NDKL:SY:NUUR_STONE_CIRCLE","","56","A:NDKL:SY","NUUR_STONE_CIRCLE","underground + overlay","挪德卡莱 / 霜月 / 努尔寂石阵列 / 努尔寂石阵列","未标记默认隐藏","","plugins[""A:NDKL:SY""].extraConfig.underground.levels[5].children[0] ; plugins[""A:NDKL:SY""].overlayConfig.overlays[6].children[0]"
"3","挪德卡莱","霜月","月之暗面","","月之暗面","地图分层目录","","","layer:A:NDKL:SY:MOON_DARK_SIDE","area:A:NDKL:SY","","56","A:NDKL:SY","MOON_DARK_SIDE","underground + overlay","挪德卡莱 / 霜月 / 月之暗面","未标记默认隐藏","","plugins[""A:NDKL:SY""].extraConfig.underground.levels[6] ; plugins[""A:NDKL:SY""].overlayConfig.overlays[7]"
"4","挪德卡莱","霜月","月之暗面","月心深坑","月心深坑","地图分层子项","","","layer:A:NDKL:SY:MOON_DARK_SIDE/MOON_CORE_PIT","layer:A:NDKL:SY:MOON_DARK_SIDE","","56","A:NDKL:SY","MOON_CORE_PIT","underground + overlay","挪德卡莱 / 霜月 / 月之暗面 / 月心深坑","未标记默认隐藏","","plugins[""A:NDKL:SY""].extraConfig.underground.levels[6].children[0] ; plugins[""A:NDKL:SY""].overlayConfig.overlays[7].children[0]"
"4","挪德卡莱","霜月","月之暗面","暗面基地 · 运输层","暗面基地 · 运输层","地图分层子项","","","layer:A:NDKL:SY:MOON_DARK_SIDE/MOON_DARK_SIDE_BASE_TRANSPORT","layer:A:NDKL:SY:MOON_DARK_SIDE","","56","A:NDKL:SY","MOON_DARK_SIDE_BASE_TRANSPORT","underground + overlay","挪德卡莱 / 霜月 / 月之暗面 / 暗面基地 · 运输层","未标记默认隐藏","","plugins[""A:NDKL:SY""].extraConfig.underground.levels[6].children[1] ; plugins[""A:NDKL:SY""].overlayConfig.overlays[7].children[1]"
"3","挪德卡莱","霜月","乌吉恩圈底图","","乌吉恩圈底图","地图分层目录","","","layer:A:NDKL:SY:*UNGIEN_CIRCLE_MAP","area:A:NDKL:SY","","56","A:NDKL:SY","*UNGIEN_CIRCLE_MAP","overlay","挪德卡莱 / 霜月 / 乌吉恩圈底图","未标记默认隐藏","","plugins[""A:NDKL:SY""].overlayConfig.overlays[1]"
"4","挪德卡莱","霜月","乌吉恩圈底图","载入地图后","载入地图后","地图分层子项","","","layer:A:NDKL:SY:*UNGIEN_CIRCLE_MAP/UNGIEN_CIRCLE_MAP_INNERSIGHT","layer:A:NDKL:SY:*UNGIEN_CIRCLE_MAP","","56","A:NDKL:SY","UNGIEN_CIRCLE_MAP_INNERSIGHT","overlay","挪德卡莱 / 霜月 / 乌吉恩圈底图 / 载入地图后","未标记默认隐藏","","plugins[""A:NDKL:SY""].overlayConfig.overlays[1].children[0]"
"4","挪德卡莱","霜月","乌吉恩圈底图","载入地图前","载入地图前","地图分层子项","","","layer:A:NDKL:SY:*UNGIEN_CIRCLE_MAP/UNGIEN_CIRCLE_MAP_NORM","layer:A:NDKL:SY:*UNGIEN_CIRCLE_MAP","","56","A:NDKL:SY","UNGIEN_CIRCLE_MAP_NORM","overlay","挪德卡莱 / 霜月 / 乌吉恩圈底图 / 载入地图前","未标记默认隐藏","","plugins[""A:NDKL:SY""].overlayConfig.overlays[1].children[1]"
"1","至冬","","","","至冬","顶级分类","","","area:C:ZD","","57","57","C:ZD","","area-api","至冬","未标记默认隐藏","","area[id=57]"
"2","至冬","永凝冻土、古兽冰原、焰羽谷、白桦雪葬地、霜殛寒峰","","","永凝冻土、古兽冰原、焰羽谷、白桦雪葬地、霜殛寒峰","API地区","","","area:A:ZD:ZHIDONG1","area:C:ZD","58","58","A:ZD:ZHIDONG1","","area-api","至冬 / 永凝冻土、古兽冰原、焰羽谷、白桦雪葬地、霜殛寒峰","未标记默认隐藏","","area[id=58]"
"3","至冬","永凝冻土、古兽冰原、焰羽谷、白桦雪葬地、霜殛寒峰","古老废弃车站","","古老废弃车站","地图分层目录","","","layer:A:ZD:ZHIDONG1:OLD_OBSOLETE_STATION","area:A:ZD:ZHIDONG1","","58","A:ZD:ZHIDONG1","OLD_OBSOLETE_STATION","underground + overlay","至冬 / 永凝冻土、古兽冰原、焰羽谷、白桦雪葬地、霜殛寒峰 / 古老废弃车站","未标记默认隐藏","","plugins[""A:ZD:ZHIDONG1""].extraConfig.underground.levels[0] ; plugins[""A:ZD:ZHIDONG1""].overlayConfig.overlays[0]"
"4","至冬","永凝冻土、古兽冰原、焰羽谷、白桦雪葬地、霜殛寒峰","古老废弃车站","古老废弃车站","古老废弃车站","地图分层子项","","","layer:A:ZD:ZHIDONG1:OLD_OBSOLETE_STATION/OLD_OBSOLETE_STATION","layer:A:ZD:ZHIDONG1:OLD_OBSOLETE_STATION","","58","A:ZD:ZHIDONG1","OLD_OBSOLETE_STATION","underground + overlay","至冬 / 永凝冻土、古兽冰原、焰羽谷、白桦雪葬地、霜殛寒峰 / 古老废弃车站 / 古老废弃车站","未标记默认隐藏","","plugins[""A:ZD:ZHIDONG1""].extraConfig.underground.levels[0].children[0] ; plugins[""A:ZD:ZHIDONG1""].overlayConfig.overlays[0].children[0]"
"3","至冬","永凝冻土、古兽冰原、焰羽谷、白桦雪葬地、霜殛寒峰","古兽冰原","","古兽冰原","地图分层目录","","","layer:A:ZD:ZHIDONG1:ANCIENT_BEAST_ICE_PLAIN","area:A:ZD:ZHIDONG1","","58","A:ZD:ZHIDONG1","ANCIENT_BEAST_ICE_PLAIN","underground + overlay","至冬 / 永凝冻土、古兽冰原、焰羽谷、白桦雪葬地、霜殛寒峰 / 古兽冰原","未标记默认隐藏","","plugins[""A:ZD:ZHIDONG1""].extraConfig.underground.levels[1] ; plugins[""A:ZD:ZHIDONG1""].overlayConfig.overlays[1]"
"4","至冬","永凝冻土、古兽冰原、焰羽谷、白桦雪葬地、霜殛寒峰","古兽冰原","巡猎者屋下的工坊","巡猎者屋下的工坊","地图分层子项","","","layer:A:ZD:ZHIDONG1:ANCIENT_BEAST_ICE_PLAIN/HUNTERS_HOUSE_WORKSHOP","layer:A:ZD:ZHIDONG1:ANCIENT_BEAST_ICE_PLAIN","","58","A:ZD:ZHIDONG1","HUNTERS_HOUSE_WORKSHOP","underground + overlay","至冬 / 永凝冻土、古兽冰原、焰羽谷、白桦雪葬地、霜殛寒峰 / 古兽冰原 / 巡猎者屋下的工坊","未标记默认隐藏","","plugins[""A:ZD:ZHIDONG1""].extraConfig.underground.levels[1].children[0] ; plugins[""A:ZD:ZHIDONG1""].overlayConfig.overlays[1].children[0]"
"4","至冬","永凝冻土、古兽冰原、焰羽谷、白桦雪葬地、霜殛寒峰","古兽冰原","列车墓地","列车墓地","地图分层子项","","","layer:A:ZD:ZHIDONG1:ANCIENT_BEAST_ICE_PLAIN/TRAIN_GRAVE","layer:A:ZD:ZHIDONG1:ANCIENT_BEAST_ICE_PLAIN","","58","A:ZD:ZHIDONG1","TRAIN_GRAVE","underground + overlay","至冬 / 永凝冻土、古兽冰原、焰羽谷、白桦雪葬地、霜殛寒峰 / 古兽冰原 / 列车墓地","未标记默认隐藏","","plugins[""A:ZD:ZHIDONG1""].extraConfig.underground.levels[1].children[1] ; plugins[""A:ZD:ZHIDONG1""].overlayConfig.overlays[1].children[1]"
"3","至冬","永凝冻土、古兽冰原、焰羽谷、白桦雪葬地、霜殛寒峰","彩冰镇","","彩冰镇","地图分层目录","","","layer:A:ZD:ZHIDONG1:COLORFUL_CRYO_TOWN","area:A:ZD:ZHIDONG1","","58","A:ZD:ZHIDONG1","COLORFUL_CRYO_TOWN","underground + overlay","至冬 / 永凝冻土、古兽冰原、焰羽谷、白桦雪葬地、霜殛寒峰 / 彩冰镇","未标记默认隐藏","","plugins[""A:ZD:ZHIDONG1""].extraConfig.underground.levels[2] ; plugins[""A:ZD:ZHIDONG1""].overlayConfig.overlays[2]"
"4","至冬","永凝冻土、古兽冰原、焰羽谷、白桦雪葬地、霜殛寒峰","彩冰镇","臻冰之山的洞窟","臻冰之山的洞窟","地图分层子项","","","layer:A:ZD:ZHIDONG1:COLORFUL_CRYO_TOWN/PRIME_ICE_MT_CAVE","layer:A:ZD:ZHIDONG1:COLORFUL_CRYO_TOWN","","58","A:ZD:ZHIDONG1","PRIME_ICE_MT_CAVE","underground + overlay","至冬 / 永凝冻土、古兽冰原、焰羽谷、白桦雪葬地、霜殛寒峰 / 彩冰镇 / 臻冰之山的洞窟","未标记默认隐藏","","plugins[""A:ZD:ZHIDONG1""].extraConfig.underground.levels[2].children[0] ; plugins[""A:ZD:ZHIDONG1""].overlayConfig.overlays[2].children[0]"
"4","至冬","永凝冻土、古兽冰原、焰羽谷、白桦雪葬地、霜殛寒峰","彩冰镇","臻冰之山的深处","臻冰之山的深处","地图分层子项","","","layer:A:ZD:ZHIDONG1:COLORFUL_CRYO_TOWN/PRIME_ICE_MT_DEPTHS","layer:A:ZD:ZHIDONG1:COLORFUL_CRYO_TOWN","","58","A:ZD:ZHIDONG1","PRIME_ICE_MT_DEPTHS","underground + overlay","至冬 / 永凝冻土、古兽冰原、焰羽谷、白桦雪葬地、霜殛寒峰 / 彩冰镇 / 臻冰之山的深处","未标记默认隐藏","","plugins[""A:ZD:ZHIDONG1""].extraConfig.underground.levels[2].children[1] ; plugins[""A:ZD:ZHIDONG1""].overlayConfig.overlays[2].children[1]"
"3","至冬","永凝冻土、古兽冰原、焰羽谷、白桦雪葬地、霜殛寒峰","赫斯珀利德斯之馆","","赫斯珀利德斯之馆","地图分层目录","","","layer:A:ZD:ZHIDONG1:HESPERIDES_GALLERY","area:A:ZD:ZHIDONG1","","58","A:ZD:ZHIDONG1","HESPERIDES_GALLERY","underground + overlay","至冬 / 永凝冻土、古兽冰原、焰羽谷、白桦雪葬地、霜殛寒峰 / 赫斯珀利德斯之馆","未标记默认隐藏","","plugins[""A:ZD:ZHIDONG1""].extraConfig.underground.levels[3] ; plugins[""A:ZD:ZHIDONG1""].overlayConfig.overlays[3]"
"4","至冬","永凝冻土、古兽冰原、焰羽谷、白桦雪葬地、霜殛寒峰","赫斯珀利德斯之馆","云上的宫殿","云上的宫殿","地图分层子项","","","layer:A:ZD:ZHIDONG1:HESPERIDES_GALLERY/SUB_CLOUD_PALACE","layer:A:ZD:ZHIDONG1:HESPERIDES_GALLERY","","58","A:ZD:ZHIDONG1","SUB_CLOUD_PALACE","underground + overlay","至冬 / 永凝冻土、古兽冰原、焰羽谷、白桦雪葬地、霜殛寒峰 / 赫斯珀利德斯之馆 / 云上的宫殿","未标记默认隐藏","","plugins[""A:ZD:ZHIDONG1""].extraConfig.underground.levels[3].children[0] ; plugins[""A:ZD:ZHIDONG1""].overlayConfig.overlays[3].children[0]"
"4","至冬","永凝冻土、古兽冰原、焰羽谷、白桦雪葬地、霜殛寒峰","赫斯珀利德斯之馆","山中之馆的三楼","山中之馆的三楼","地图分层子项","","","layer:A:ZD:ZHIDONG1:HESPERIDES_GALLERY/MOUNTAIN_HOUSE_F3","layer:A:ZD:ZHIDONG1:HESPERIDES_GALLERY","","58","A:ZD:ZHIDONG1","MOUNTAIN_HOUSE_F3","underground + overlay","至冬 / 永凝冻土、古兽冰原、焰羽谷、白桦雪葬地、霜殛寒峰 / 赫斯珀利德斯之馆 / 山中之馆的三楼","未标记默认隐藏","","plugins[""A:ZD:ZHIDONG1""].extraConfig.underground.levels[3].children[1] ; plugins[""A:ZD:ZHIDONG1""].overlayConfig.overlays[3].children[1]"
"4","至冬","永凝冻土、古兽冰原、焰羽谷、白桦雪葬地、霜殛寒峰","赫斯珀利德斯之馆","山中之馆的天顶","山中之馆的天顶","地图分层子项","","","layer:A:ZD:ZHIDONG1:HESPERIDES_GALLERY/MOUNTAIN_HOUSE_CEIL","layer:A:ZD:ZHIDONG1:HESPERIDES_GALLERY","","58","A:ZD:ZHIDONG1","MOUNTAIN_HOUSE_CEIL","underground + overlay","至冬 / 永凝冻土、古兽冰原、焰羽谷、白桦雪葬地、霜殛寒峰 / 赫斯珀利德斯之馆 / 山中之馆的天顶","未标记默认隐藏","","plugins[""A:ZD:ZHIDONG1""].extraConfig.underground.levels[3].children[2] ; plugins[""A:ZD:ZHIDONG1""].overlayConfig.overlays[3].children[2]"
"4","至冬","永凝冻土、古兽冰原、焰羽谷、白桦雪葬地、霜殛寒峰","赫斯珀利德斯之馆","山中之馆的二楼","山中之馆的二楼","地图分层子项","","","layer:A:ZD:ZHIDONG1:HESPERIDES_GALLERY/MOUNTAIN_HOUSE_F2","layer:A:ZD:ZHIDONG1:HESPERIDES_GALLERY","","58","A:ZD:ZHIDONG1","MOUNTAIN_HOUSE_F2","underground + overlay","至冬 / 永凝冻土、古兽冰原、焰羽谷、白桦雪葬地、霜殛寒峰 / 赫斯珀利德斯之馆 / 山中之馆的二楼","未标记默认隐藏","","plugins[""A:ZD:ZHIDONG1""].extraConfig.underground.levels[3].children[3] ; plugins[""A:ZD:ZHIDONG1""].overlayConfig.overlays[3].children[3]"
"4","至冬","永凝冻土、古兽冰原、焰羽谷、白桦雪葬地、霜殛寒峰","赫斯珀利德斯之馆","山中之馆的前厅","山中之馆的前厅","地图分层子项","","","layer:A:ZD:ZHIDONG1:HESPERIDES_GALLERY/MOUNTAIN_HOUSE_HALL","layer:A:ZD:ZHIDONG1:HESPERIDES_GALLERY","","58","A:ZD:ZHIDONG1","MOUNTAIN_HOUSE_HALL","underground + overlay","至冬 / 永凝冻土、古兽冰原、焰羽谷、白桦雪葬地、霜殛寒峰 / 赫斯珀利德斯之馆 / 山中之馆的前厅","未标记默认隐藏","","plugins[""A:ZD:ZHIDONG1""].extraConfig.underground.levels[3].children[4] ; plugins[""A:ZD:ZHIDONG1""].overlayConfig.overlays[3].children[4]"
"3","至冬","永凝冻土、古兽冰原、焰羽谷、白桦雪葬地、霜殛寒峰","汐歌洞窟","","汐歌洞窟","地图分层目录","","","layer:A:ZD:ZHIDONG1:TIDE_SONG_CAVE","area:A:ZD:ZHIDONG1","","58","A:ZD:ZHIDONG1","TIDE_SONG_CAVE","underground + overlay","至冬 / 永凝冻土、古兽冰原、焰羽谷、白桦雪葬地、霜殛寒峰 / 汐歌洞窟","未标记默认隐藏","","plugins[""A:ZD:ZHIDONG1""].extraConfig.underground.levels[4] ; plugins[""A:ZD:ZHIDONG1""].overlayConfig.overlays[4]"
"4","至冬","永凝冻土、古兽冰原、焰羽谷、白桦雪葬地、霜殛寒峰","汐歌洞窟","潮汐奏音的洞窟","潮汐奏音的洞窟","地图分层子项","","","layer:A:ZD:ZHIDONG1:TIDE_SONG_CAVE/TIDE_SONG_CAVE","layer:A:ZD:ZHIDONG1:TIDE_SONG_CAVE","","58","A:ZD:ZHIDONG1","TIDE_SONG_CAVE","underground + overlay","至冬 / 永凝冻土、古兽冰原、焰羽谷、白桦雪葬地、霜殛寒峰 / 汐歌洞窟 / 潮汐奏音的洞窟","未标记默认隐藏","","plugins[""A:ZD:ZHIDONG1""].extraConfig.underground.levels[4].children[0] ; plugins[""A:ZD:ZHIDONG1""].overlayConfig.overlays[4].children[0]"
"3","至冬","永凝冻土、古兽冰原、焰羽谷、白桦雪葬地、霜殛寒峰","焰羽谷","","焰羽谷","地图分层目录","","","layer:A:ZD:ZHIDONG1:FLAME_FEATHER_GROVE","area:A:ZD:ZHIDONG1","","58","A:ZD:ZHIDONG1","FLAME_FEATHER_GROVE","underground + overlay","至冬 / 永凝冻土、古兽冰原、焰羽谷、白桦雪葬地、霜殛寒峰 / 焰羽谷","未标记默认隐藏","","plugins[""A:ZD:ZHIDONG1""].extraConfig.underground.levels[5] ; plugins[""A:ZD:ZHIDONG1""].overlayConfig.overlays[5]"
"4","至冬","永凝冻土、古兽冰原、焰羽谷、白桦雪葬地、霜殛寒峰","焰羽谷","坍塌的隧道","坍塌的隧道","地图分层子项","","","layer:A:ZD:ZHIDONG1:FLAME_FEATHER_GROVE/FLAME_FEATHER_GROVE_COLLAPSED_TUNNEL","layer:A:ZD:ZHIDONG1:FLAME_FEATHER_GROVE","","58","A:ZD:ZHIDONG1","FLAME_FEATHER_GROVE_COLLAPSED_TUNNEL","underground + overlay","至冬 / 永凝冻土、古兽冰原、焰羽谷、白桦雪葬地、霜殛寒峰 / 焰羽谷 / 坍塌的隧道","未标记默认隐藏","","plugins[""A:ZD:ZHIDONG1""].extraConfig.underground.levels[5].children[0] ; plugins[""A:ZD:ZHIDONG1""].overlayConfig.overlays[5].children[0]"
"4","至冬","永凝冻土、古兽冰原、焰羽谷、白桦雪葬地、霜殛寒峰","焰羽谷","受翼遮蔽的小镇","受翼遮蔽的小镇","地图分层子项","","","layer:A:ZD:ZHIDONG1:FLAME_FEATHER_GROVE/WING_SHADOWED_TOWN","layer:A:ZD:ZHIDONG1:FLAME_FEATHER_GROVE","","58","A:ZD:ZHIDONG1","WING_SHADOWED_TOWN","underground + overlay","至冬 / 永凝冻土、古兽冰原、焰羽谷、白桦雪葬地、霜殛寒峰 / 焰羽谷 / 受翼遮蔽的小镇","未标记默认隐藏","","plugins[""A:ZD:ZHIDONG1""].extraConfig.underground.levels[5].children[1] ; plugins[""A:ZD:ZHIDONG1""].overlayConfig.overlays[5].children[1]"
"4","至冬","永凝冻土、古兽冰原、焰羽谷、白桦雪葬地、霜殛寒峰","焰羽谷","空洞之梦的破壳处","空洞之梦的破壳处","地图分层子项","","","layer:A:ZD:ZHIDONG1:FLAME_FEATHER_GROVE/HOLLOW_DREAM_HATCH_PLACE","layer:A:ZD:ZHIDONG1:FLAME_FEATHER_GROVE","","58","A:ZD:ZHIDONG1","HOLLOW_DREAM_HATCH_PLACE","underground + overlay","至冬 / 永凝冻土、古兽冰原、焰羽谷、白桦雪葬地、霜殛寒峰 / 焰羽谷 / 空洞之梦的破壳处","未标记默认隐藏","","plugins[""A:ZD:ZHIDONG1""].extraConfig.underground.levels[5].children[2] ; plugins[""A:ZD:ZHIDONG1""].overlayConfig.overlays[5].children[2]"
"3","至冬","永凝冻土、古兽冰原、焰羽谷、白桦雪葬地、霜殛寒峰","奥古洛夫镇","","奥古洛夫镇","地图分层目录","","","layer:A:ZD:ZHIDONG1:OGULOV_TOWN","area:A:ZD:ZHIDONG1","","58","A:ZD:ZHIDONG1","OGULOV_TOWN","underground + overlay","至冬 / 永凝冻土、古兽冰原、焰羽谷、白桦雪葬地、霜殛寒峰 / 奥古洛夫镇","未标记默认隐藏","","plugins[""A:ZD:ZHIDONG1""].extraConfig.underground.levels[6] ; plugins[""A:ZD:ZHIDONG1""].overlayConfig.overlays[6]"
"4","至冬","永凝冻土、古兽冰原、焰羽谷、白桦雪葬地、霜殛寒峰","奥古洛夫镇","融雪引流道出入口","融雪引流道出入口","地图分层子项","","","layer:A:ZD:ZHIDONG1:OGULOV_TOWN/SNOWMELT_DRAINAGE_CHANNEL_EXIT_ENTRANCE","layer:A:ZD:ZHIDONG1:OGULOV_TOWN","","58","A:ZD:ZHIDONG1","SNOWMELT_DRAINAGE_CHANNEL_EXIT_ENTRANCE","underground + overlay","至冬 / 永凝冻土、古兽冰原、焰羽谷、白桦雪葬地、霜殛寒峰 / 奥古洛夫镇 / 融雪引流道出入口","未标记默认隐藏","","plugins[""A:ZD:ZHIDONG1""].extraConfig.underground.levels[6].children[0] ; plugins[""A:ZD:ZHIDONG1""].overlayConfig.overlays[6].children[0]"
"4","至冬","永凝冻土、古兽冰原、焰羽谷、白桦雪葬地、霜殛寒峰","奥古洛夫镇","融雪引流道上层","融雪引流道上层","地图分层子项","","","layer:A:ZD:ZHIDONG1:OGULOV_TOWN/SNOWMELT_DRAINAGE_CHANNEL_UG1","layer:A:ZD:ZHIDONG1:OGULOV_TOWN","","58","A:ZD:ZHIDONG1","SNOWMELT_DRAINAGE_CHANNEL_UG1","underground + overlay","至冬 / 永凝冻土、古兽冰原、焰羽谷、白桦雪葬地、霜殛寒峰 / 奥古洛夫镇 / 融雪引流道上层","未标记默认隐藏","","plugins[""A:ZD:ZHIDONG1""].extraConfig.underground.levels[6].children[1] ; plugins[""A:ZD:ZHIDONG1""].overlayConfig.overlays[6].children[1]"
"4","至冬","永凝冻土、古兽冰原、焰羽谷、白桦雪葬地、霜殛寒峰","奥古洛夫镇","融雪引流道下层","融雪引流道下层","地图分层子项","","","layer:A:ZD:ZHIDONG1:OGULOV_TOWN/SNOWMELT_DRAINAGE_CHANNEL_UG2","layer:A:ZD:ZHIDONG1:OGULOV_TOWN","","58","A:ZD:ZHIDONG1","SNOWMELT_DRAINAGE_CHANNEL_UG2","underground + overlay","至冬 / 永凝冻土、古兽冰原、焰羽谷、白桦雪葬地、霜殛寒峰 / 奥古洛夫镇 / 融雪引流道下层","未标记默认隐藏","","plugins[""A:ZD:ZHIDONG1""].extraConfig.underground.levels[6].children[2] ; plugins[""A:ZD:ZHIDONG1""].overlayConfig.overlays[6].children[2]"
"4","至冬","永凝冻土、古兽冰原、焰羽谷、白桦雪葬地、霜殛寒峰","奥古洛夫镇","化树民居地下室","化树民居地下室","地图分层子项","","","layer:A:ZD:ZHIDONG1:OGULOV_TOWN/TREE_KIN_DWELL_BASEMENT","layer:A:ZD:ZHIDONG1:OGULOV_TOWN","","58","A:ZD:ZHIDONG1","TREE_KIN_DWELL_BASEMENT","underground + overlay","至冬 / 永凝冻土、古兽冰原、焰羽谷、白桦雪葬地、霜殛寒峰 / 奥古洛夫镇 / 化树民居地下室","未标记默认隐藏","","plugins[""A:ZD:ZHIDONG1""].extraConfig.underground.levels[6].children[3] ; plugins[""A:ZD:ZHIDONG1""].overlayConfig.overlays[6].children[3]"
"4","至冬","永凝冻土、古兽冰原、焰羽谷、白桦雪葬地、霜殛寒峰","奥古洛夫镇","祷告的大礼堂","祷告的大礼堂","地图分层子项","","","layer:A:ZD:ZHIDONG1:OGULOV_TOWN/PRAYER_HALL","layer:A:ZD:ZHIDONG1:OGULOV_TOWN","","58","A:ZD:ZHIDONG1","PRAYER_HALL","underground + overlay","至冬 / 永凝冻土、古兽冰原、焰羽谷、白桦雪葬地、霜殛寒峰 / 奥古洛夫镇 / 祷告的大礼堂","未标记默认隐藏","","plugins[""A:ZD:ZHIDONG1""].extraConfig.underground.levels[6].children[4] ; plugins[""A:ZD:ZHIDONG1""].overlayConfig.overlays[6].children[4]"
"4","至冬","永凝冻土、古兽冰原、焰羽谷、白桦雪葬地、霜殛寒峰","奥古洛夫镇","通往隐秘之处的道路","通往隐秘之处的道路","地图分层子项","","","layer:A:ZD:ZHIDONG1:OGULOV_TOWN/PATH_TO_SECRET_PLACE","layer:A:ZD:ZHIDONG1:OGULOV_TOWN","","58","A:ZD:ZHIDONG1","PATH_TO_SECRET_PLACE","underground + overlay","至冬 / 永凝冻土、古兽冰原、焰羽谷、白桦雪葬地、霜殛寒峰 / 奥古洛夫镇 / 通往隐秘之处的道路","未标记默认隐藏","","plugins[""A:ZD:ZHIDONG1""].extraConfig.underground.levels[6].children[5] ; plugins[""A:ZD:ZHIDONG1""].overlayConfig.overlays[6].children[5]"
"3","至冬","永凝冻土、古兽冰原、焰羽谷、白桦雪葬地、霜殛寒峰","永凝冻土","","永凝冻土","地图分层目录","","","layer:A:ZD:ZHIDONG1:EVERFROZEN_EARTH","area:A:ZD:ZHIDONG1","","58","A:ZD:ZHIDONG1","EVERFROZEN_EARTH","underground + overlay","至冬 / 永凝冻土、古兽冰原、焰羽谷、白桦雪葬地、霜殛寒峰 / 永凝冻土","未标记默认隐藏","","plugins[""A:ZD:ZHIDONG1""].extraConfig.underground.levels[7] ; plugins[""A:ZD:ZHIDONG1""].overlayConfig.overlays[7]"
"4","至冬","永凝冻土、古兽冰原、焰羽谷、白桦雪葬地、霜殛寒峰","永凝冻土","列车总站站台层","列车总站站台层","地图分层子项","","","layer:A:ZD:ZHIDONG1:EVERFROZEN_EARTH/TRAIN_TERMINAL_PLATFORMS","layer:A:ZD:ZHIDONG1:EVERFROZEN_EARTH","","58","A:ZD:ZHIDONG1","TRAIN_TERMINAL_PLATFORMS","underground + overlay","至冬 / 永凝冻土、古兽冰原、焰羽谷、白桦雪葬地、霜殛寒峰 / 永凝冻土 / 列车总站站台层","未标记默认隐藏","","plugins[""A:ZD:ZHIDONG1""].extraConfig.underground.levels[7].children[0] ; plugins[""A:ZD:ZHIDONG1""].overlayConfig.overlays[7].children[0]"
"4","至冬","永凝冻土、古兽冰原、焰羽谷、白桦雪葬地、霜殛寒峰","永凝冻土","列车总站出站层","列车总站出站层","地图分层子项","","","layer:A:ZD:ZHIDONG1:EVERFROZEN_EARTH/TRAIN_TERMINAL_ARRIVALS","layer:A:ZD:ZHIDONG1:EVERFROZEN_EARTH","","58","A:ZD:ZHIDONG1","TRAIN_TERMINAL_ARRIVALS","underground + overlay","至冬 / 永凝冻土、古兽冰原、焰羽谷、白桦雪葬地、霜殛寒峰 / 永凝冻土 / 列车总站出站层","未标记默认隐藏","","plugins[""A:ZD:ZHIDONG1""].extraConfig.underground.levels[7].children[1] ; plugins[""A:ZD:ZHIDONG1""].overlayConfig.overlays[7].children[1]"
"4","至冬","永凝冻土、古兽冰原、焰羽谷、白桦雪葬地、霜殛寒峰","永凝冻土","巨大炬火的环形道","巨大炬火的环形道","地图分层子项","","","layer:A:ZD:ZHIDONG1:EVERFROZEN_EARTH/GREAT_TORCH_CIRCULAR_PATH","layer:A:ZD:ZHIDONG1:EVERFROZEN_EARTH","","58","A:ZD:ZHIDONG1","GREAT_TORCH_CIRCULAR_PATH","underground + overlay","至冬 / 永凝冻土、古兽冰原、焰羽谷、白桦雪葬地、霜殛寒峰 / 永凝冻土 / 巨大炬火的环形道","未标记默认隐藏","","plugins[""A:ZD:ZHIDONG1""].extraConfig.underground.levels[7].children[2] ; plugins[""A:ZD:ZHIDONG1""].overlayConfig.overlays[7].children[2]"
"4","至冬","永凝冻土、古兽冰原、焰羽谷、白桦雪葬地、霜殛寒峰","永凝冻土","巨大炬火的炉心","巨大炬火的炉心","地图分层子项","","","layer:A:ZD:ZHIDONG1:EVERFROZEN_EARTH/GREAT_TORCH_FURNACE_CORE","layer:A:ZD:ZHIDONG1:EVERFROZEN_EARTH","","58","A:ZD:ZHIDONG1","GREAT_TORCH_FURNACE_CORE","underground + overlay","至冬 / 永凝冻土、古兽冰原、焰羽谷、白桦雪葬地、霜殛寒峰 / 永凝冻土 / 巨大炬火的炉心","未标记默认隐藏","","plugins[""A:ZD:ZHIDONG1""].extraConfig.underground.levels[7].children[3] ; plugins[""A:ZD:ZHIDONG1""].overlayConfig.overlays[7].children[3]"
"3","至冬","永凝冻土、古兽冰原、焰羽谷、白桦雪葬地、霜殛寒峰","至冬堡外围","","至冬堡外围","地图分层目录","","","layer:A:ZD:ZHIDONG1:SNEZHNAYA_FORT_SURROUND","area:A:ZD:ZHIDONG1","","58","A:ZD:ZHIDONG1","SNEZHNAYA_FORT_SURROUND","underground + overlay","至冬 / 永凝冻土、古兽冰原、焰羽谷、白桦雪葬地、霜殛寒峰 / 至冬堡外围","未标记默认隐藏","","plugins[""A:ZD:ZHIDONG1""].extraConfig.underground.levels[8] ; plugins[""A:ZD:ZHIDONG1""].overlayConfig.overlays[8]"
"4","至冬","永凝冻土、古兽冰原、焰羽谷、白桦雪葬地、霜殛寒峰","至冬堡外围","帮派占据的洞窟","帮派占据的洞窟","地图分层子项","","","layer:A:ZD:ZHIDONG1:SNEZHNAYA_FORT_SURROUND/GANG_TAKEN_CAVE","layer:A:ZD:ZHIDONG1:SNEZHNAYA_FORT_SURROUND","","58","A:ZD:ZHIDONG1","GANG_TAKEN_CAVE","underground + overlay","至冬 / 永凝冻土、古兽冰原、焰羽谷、白桦雪葬地、霜殛寒峰 / 至冬堡外围 / 帮派占据的洞窟","未标记默认隐藏","","plugins[""A:ZD:ZHIDONG1""].extraConfig.underground.levels[8].children[0] ; plugins[""A:ZD:ZHIDONG1""].overlayConfig.overlays[8].children[0]"
"4","至冬","永凝冻土、古兽冰原、焰羽谷、白桦雪葬地、霜殛寒峰","至冬堡外围","永恒生命的宿梦处","永恒生命的宿梦处","地图分层子项","","","layer:A:ZD:ZHIDONG1:SNEZHNAYA_FORT_SURROUND/IMMORTAL_DREAM_PLACE","layer:A:ZD:ZHIDONG1:SNEZHNAYA_FORT_SURROUND","","58","A:ZD:ZHIDONG1","IMMORTAL_DREAM_PLACE","underground + overlay","至冬 / 永凝冻土、古兽冰原、焰羽谷、白桦雪葬地、霜殛寒峰 / 至冬堡外围 / 永恒生命的宿梦处","未标记默认隐藏","","plugins[""A:ZD:ZHIDONG1""].extraConfig.underground.levels[8].children[1] ; plugins[""A:ZD:ZHIDONG1""].overlayConfig.overlays[8].children[1]"
"3","至冬","永凝冻土、古兽冰原、焰羽谷、白桦雪葬地、霜殛寒峰","白冕宫","","白冕宫","地图分层目录","","","layer:A:ZD:ZHIDONG1:PALE_CROWN_PALACE","area:A:ZD:ZHIDONG1","","58","A:ZD:ZHIDONG1","PALE_CROWN_PALACE","underground + overlay","至冬 / 永凝冻土、古兽冰原、焰羽谷、白桦雪葬地、霜殛寒峰 / 白冕宫","未标记默认隐藏","","plugins[""A:ZD:ZHIDONG1""].extraConfig.underground.levels[9] ; plugins[""A:ZD:ZHIDONG1""].overlayConfig.overlays[9]"
"4","至冬","永凝冻土、古兽冰原、焰羽谷、白桦雪葬地、霜殛寒峰","白冕宫","曾为无忧的庭院","曾为无忧的庭院","地图分层子项","","","layer:A:ZD:ZHIDONG1:PALE_CROWN_PALACE/ONCE_CAREFREE_LIGHT_COURTYARD","layer:A:ZD:ZHIDONG1:PALE_CROWN_PALACE","","58","A:ZD:ZHIDONG1","ONCE_CAREFREE_LIGHT_COURTYARD","underground + overlay","至冬 / 永凝冻土、古兽冰原、焰羽谷、白桦雪葬地、霜殛寒峰 / 白冕宫 / 曾为无忧的庭院","未标记默认隐藏","","plugins[""A:ZD:ZHIDONG1""].extraConfig.underground.levels[9].children[0] ; plugins[""A:ZD:ZHIDONG1""].overlayConfig.overlays[9].children[0]"
"4","至冬","永凝冻土、古兽冰原、焰羽谷、白桦雪葬地、霜殛寒峰","白冕宫","叩响隐秘门扉之所","叩响隐秘门扉之所","地图分层子项","","","layer:A:ZD:ZHIDONG1:PALE_CROWN_PALACE/HIDDEN_DOOR_KNOCKED_PLACE","layer:A:ZD:ZHIDONG1:PALE_CROWN_PALACE","","58","A:ZD:ZHIDONG1","HIDDEN_DOOR_KNOCKED_PLACE","underground + overlay","至冬 / 永凝冻土、古兽冰原、焰羽谷、白桦雪葬地、霜殛寒峰 / 白冕宫 / 叩响隐秘门扉之所","未标记默认隐藏","","plugins[""A:ZD:ZHIDONG1""].extraConfig.underground.levels[9].children[1] ; plugins[""A:ZD:ZHIDONG1""].overlayConfig.overlays[9].children[1]"
"4","至冬","永凝冻土、古兽冰原、焰羽谷、白桦雪葬地、霜殛寒峰","白冕宫","回旋的高塔","回旋的高塔","地图分层子项","","","layer:A:ZD:ZHIDONG1:PALE_CROWN_PALACE/PALE_CROWN_PALACE_SPIRAL_TOWER","layer:A:ZD:ZHIDONG1:PALE_CROWN_PALACE","","58","A:ZD:ZHIDONG1","PALE_CROWN_PALACE_SPIRAL_TOWER","underground + overlay","至冬 / 永凝冻土、古兽冰原、焰羽谷、白桦雪葬地、霜殛寒峰 / 白冕宫 / 回旋的高塔","未标记默认隐藏","","plugins[""A:ZD:ZHIDONG1""].extraConfig.underground.levels[9].children[2] ; plugins[""A:ZD:ZHIDONG1""].overlayConfig.overlays[9].children[2]"
"4","至冬","永凝冻土、古兽冰原、焰羽谷、白桦雪葬地、霜殛寒峰","白冕宫","半空的廊道","半空的廊道","地图分层子项","","","layer:A:ZD:ZHIDONG1:PALE_CROWN_PALACE/PALE_CROWN_PALACE_HANG_CORRIDOR","layer:A:ZD:ZHIDONG1:PALE_CROWN_PALACE","","58","A:ZD:ZHIDONG1","PALE_CROWN_PALACE_HANG_CORRIDOR","underground + overlay","至冬 / 永凝冻土、古兽冰原、焰羽谷、白桦雪葬地、霜殛寒峰 / 白冕宫 / 半空的廊道","未标记默认隐藏","","plugins[""A:ZD:ZHIDONG1""].extraConfig.underground.levels[9].children[3] ; plugins[""A:ZD:ZHIDONG1""].overlayConfig.overlays[9].children[3]"
"4","至冬","永凝冻土、古兽冰原、焰羽谷、白桦雪葬地、霜殛寒峰","白冕宫","昔日皇帝行宫的厅堂","昔日皇帝行宫的厅堂","地图分层子项","","","layer:A:ZD:ZHIDONG1:PALE_CROWN_PALACE/TSAR_PALACE_HALL","layer:A:ZD:ZHIDONG1:PALE_CROWN_PALACE","","58","A:ZD:ZHIDONG1","TSAR_PALACE_HALL","underground + overlay","至冬 / 永凝冻土、古兽冰原、焰羽谷、白桦雪葬地、霜殛寒峰 / 白冕宫 / 昔日皇帝行宫的厅堂","未标记默认隐藏","","plugins[""A:ZD:ZHIDONG1""].extraConfig.underground.levels[9].children[4] ; plugins[""A:ZD:ZHIDONG1""].overlayConfig.overlays[9].children[4]"
