"关联Key","曲目Key","中文名","点位Key","类型","国家","源地区","点位原说明","原始坐标1","原始坐标2","音乐细分目录","匹配方式","证据状态","挂载证据与限制","出处来源"
"city-winds:1481392130:6557","netease:1481392130","宁静的黄昏","kongying:6557","七天神像","蒙德","蒙德","【蒙德 星落湖】","2293","-4244","蒙德 / 蒙德 / 游戏加载界面","region-archive","pending","Wiki出处：游戏加载界面；-清晨傍晚；《原神》EP - 和煦希望之风。点位原说明：【蒙德 星落湖】。出处为界面/剧情/活动，可能跨区域，没有精确地图地点；按专辑归属放在蒙德默认星落湖神像归档，不认定在那里实际播放。 所有音乐与点位关系仍待人工复核。","https://wiki.biligame.com/ys/%E9%A3%8E%E4%B8%8E%E7%89%A7%E6%AD%8C%E4%B9%8B%E5%9F%8E"
"city-winds:1481390529:6557","netease:1481390529","风的传说","kongying:6557","七天神像","蒙德","蒙德","【蒙德 星落湖】","2293","-4244","蒙德 / 蒙德 / 安柏传说任务故事书","region-archive","pending","Wiki出处：安柏传说任务故事书；风、勇气和翅膀；《原神》EP - 轻风诉说之事。点位原说明：【蒙德 星落湖】。出处为界面/剧情/活动，可能跨区域，没有精确地图地点；按专辑归属放在蒙德默认星落湖神像归档，不认定在那里实际播放。 所有音乐与点位关系仍待人工复核。","https://wiki.biligame.com/ys/%E9%A3%8E%E4%B8%8E%E7%89%A7%E6%AD%8C%E4%B9%8B%E5%9F%8E"
"city-winds:1481392245:6626","netease:1481392245","风所爱之城","kongying:6626","传送锚点","蒙德","蒙德","【蒙德 蒙德城】","1695","-3861","蒙德 / 蒙德 / 蒙德城","place-match","pending","Wiki出处：蒙德城-白天。点位原说明：【蒙德 蒙德城】。出处明确蒙德城，原点位说明也是蒙德城；不能据此确定城内哪一个锚点距离实际音区最近。 所有音乐与点位关系仍待人工复核。","https://wiki.biligame.com/ys/%E9%A3%8E%E4%B8%8E%E7%89%A7%E6%AD%8C%E4%B9%8B%E5%9F%8E"
"city-winds:1481392245:6625","netease:1481392245","风所爱之城","kongying:6625","传送锚点","蒙德","蒙德","【蒙德 蒙德城】","1524.5","-3838.5","蒙德 / 蒙德 / 蒙德城","place-match","pending","Wiki出处：蒙德城-白天。点位原说明：【蒙德 蒙德城】。出处明确蒙德城，原点位说明也是蒙德城；不能据此确定城内哪一个锚点距离实际音区最近。 所有音乐与点位关系仍待人工复核。","https://wiki.biligame.com/ys/%E9%A3%8E%E4%B8%8E%E7%89%A7%E6%AD%8C%E4%B9%8B%E5%9F%8E"
"city-winds:1481392262:6626","netease:1481392262","蒙德城繁忙的午后","kongying:6626","传送锚点","蒙德","蒙德","【蒙德 蒙德城】","1695","-3861","蒙德 / 蒙德 / 蒙德城","place-match","pending","Wiki出处：蒙德城-白天。点位原说明：【蒙德 蒙德城】。出处明确蒙德城，原点位说明也是蒙德城；不能据此确定城内哪一个锚点距离实际音区最近。 所有音乐与点位关系仍待人工复核。","https://wiki.biligame.com/ys/%E9%A3%8E%E4%B8%8E%E7%89%A7%E6%AD%8C%E4%B9%8B%E5%9F%8E"
"city-winds:1481392262:6625","netease:1481392262","蒙德城繁忙的午后","kongying:6625","传送锚点","蒙德","蒙德","【蒙德 蒙德城】","1524.5","-3838.5","蒙德 / 蒙德 / 蒙德城","place-match","pending","Wiki出处：蒙德城-白天。点位原说明：【蒙德 蒙德城】。出处明确蒙德城，原点位说明也是蒙德城；不能据此确定城内哪一个锚点距离实际音区最近。 所有音乐与点位关系仍待人工复核。","https://wiki.biligame.com/ys/%E9%A3%8E%E4%B8%8E%E7%89%A7%E6%AD%8C%E4%B9%8B%E5%9F%8E"
"city-winds:1481392257:6626","netease:1481392257","蒙德的黄昏","kongying:6626","传送锚点","蒙德","蒙德","【蒙德 蒙德城】","1695","-3861","蒙德 / 蒙德 / 蒙德城","place-match","pending","Wiki出处：蒙德城-傍晚；旅行历程界面蒙德地区音乐。点位原说明：【蒙德 蒙德城】。出处明确蒙德城，原点位说明也是蒙德城；不能据此确定城内哪一个锚点距离实际音区最近。 所有音乐与点位关系仍待人工复核。","https://wiki.biligame.com/ys/%E9%A3%8E%E4%B8%8E%E7%89%A7%E6%AD%8C%E4%B9%8B%E5%9F%8E"
"city-winds:1481392257:6625","netease:1481392257","蒙德的黄昏","kongying:6625","传送锚点","蒙德","蒙德","【蒙德 蒙德城】","1524.5","-3838.5","蒙德 / 蒙德 / 蒙德城","place-match","pending","Wiki出处：蒙德城-傍晚；旅行历程界面蒙德地区音乐。点位原说明：【蒙德 蒙德城】。出处明确蒙德城，原点位说明也是蒙德城；不能据此确定城内哪一个锚点距离实际音区最近。 所有音乐与点位关系仍待人工复核。","https://wiki.biligame.com/ys/%E9%A3%8E%E4%B8%8E%E7%89%A7%E6%AD%8C%E4%B9%8B%E5%9F%8E"
"city-winds:1481390520:6626","netease:1481390520","星光下的蒙德","kongying:6626","传送锚点","蒙德","蒙德","【蒙德 蒙德城】","1695","-3861","蒙德 / 蒙德 / 蒙德城","place-match","pending","Wiki出处：蒙德城-夜间。点位原说明：【蒙德 蒙德城】。出处明确蒙德城，原点位说明也是蒙德城；不能据此确定城内哪一个锚点距离实际音区最近。 所有音乐与点位关系仍待人工复核。","https://wiki.biligame.com/ys/%E9%A3%8E%E4%B8%8E%E7%89%A7%E6%AD%8C%E4%B9%8B%E5%9F%8E"
"city-winds:1481390520:6625","netease:1481390520","星光下的蒙德","kongying:6625","传送锚点","蒙德","蒙德","【蒙德 蒙德城】","1524.5","-3838.5","蒙德 / 蒙德 / 蒙德城","place-match","pending","Wiki出处：蒙德城-夜间。点位原说明：【蒙德 蒙德城】。出处明确蒙德城，原点位说明也是蒙德城；不能据此确定城内哪一个锚点距离实际音区最近。 所有音乐与点位关系仍待人工复核。","https://wiki.biligame.com/ys/%E9%A3%8E%E4%B8%8E%E7%89%A7%E6%AD%8C%E4%B9%8B%E5%9F%8E"
"city-winds:1481392244:6626","netease:1481392244","蒙德的月光","kongying:6626","传送锚点","蒙德","蒙德","【蒙德 蒙德城】","1695","-3861","蒙德 / 蒙德 / 蒙德城","place-match","pending","Wiki出处：蒙德城-夜间。点位原说明：【蒙德 蒙德城】。出处明确蒙德城，原点位说明也是蒙德城；不能据此确定城内哪一个锚点距离实际音区最近。 所有音乐与点位关系仍待人工复核。","https://wiki.biligame.com/ys/%E9%A3%8E%E4%B8%8E%E7%89%A7%E6%AD%8C%E4%B9%8B%E5%9F%8E"
"city-winds:1481392244:6625","netease:1481392244","蒙德的月光","kongying:6625","传送锚点","蒙德","蒙德","【蒙德 蒙德城】","1524.5","-3838.5","蒙德 / 蒙德 / 蒙德城","place-match","pending","Wiki出处：蒙德城-夜间。点位原说明：【蒙德 蒙德城】。出处明确蒙德城，原点位说明也是蒙德城；不能据此确定城内哪一个锚点距离实际音区最近。 所有音乐与点位关系仍待人工复核。","https://wiki.biligame.com/ys/%E9%A3%8E%E4%B8%8E%E7%89%A7%E6%AD%8C%E4%B9%8B%E5%9F%8E"
"city-winds:1481390511:6626","netease:1481390511","蒙德的又一日","kongying:6626","传送锚点","蒙德","蒙德","【蒙德 蒙德城】","1695","-3861","蒙德 / 蒙德 / 蒙德城","place-match","pending","Wiki出处：蒙德城-清晨。点位原说明：【蒙德 蒙德城】。出处明确蒙德城，原点位说明也是蒙德城；不能据此确定城内哪一个锚点距离实际音区最近。 所有音乐与点位关系仍待人工复核。","https://wiki.biligame.com/ys/%E9%A3%8E%E4%B8%8E%E7%89%A7%E6%AD%8C%E4%B9%8B%E5%9F%8E"
"city-winds:1481390511:6625","netease:1481390511","蒙德的又一日","kongying:6625","传送锚点","蒙德","蒙德","【蒙德 蒙德城】","1524.5","-3838.5","蒙德 / 蒙德 / 蒙德城","place-match","pending","Wiki出处：蒙德城-清晨。点位原说明：【蒙德 蒙德城】。出处明确蒙德城，原点位说明也是蒙德城；不能据此确定城内哪一个锚点距离实际音区最近。 所有音乐与点位关系仍待人工复核。","https://wiki.biligame.com/ys/%E9%A3%8E%E4%B8%8E%E7%89%A7%E6%AD%8C%E4%B9%8B%E5%9F%8E"
"city-winds:1481390533:6626","netease:1481390533","风带来的圣歌","kongying:6626","传送锚点","蒙德","蒙德","【蒙德 蒙德城】","1695","-3861","蒙德 / 蒙德 / 西风大教堂","parent-place-match","pending","Wiki出处：西风大教堂-室内；《原神》EP - 轻风诉说之事。点位原说明：【蒙德 蒙德城】。出处明确室内，但当前只收集传送锚点/神像，无教堂室内点位；挂在两个蒙德城锚点的城内目录，不宣称精确室内坐标。 所有音乐与点位关系仍待人工复核。","https://wiki.biligame.com/ys/%E9%A3%8E%E4%B8%8E%E7%89%A7%E6%AD%8C%E4%B9%8B%E5%9F%8E"
"city-winds:1481390533:6625","netease:1481390533","风带来的圣歌","kongying:6625","传送锚点","蒙德","蒙德","【蒙德 蒙德城】","1524.5","-3838.5","蒙德 / 蒙德 / 西风大教堂","parent-place-match","pending","Wiki出处：西风大教堂-室内；《原神》EP - 轻风诉说之事。点位原说明：【蒙德 蒙德城】。出处明确室内，但当前只收集传送锚点/神像，无教堂室内点位；挂在两个蒙德城锚点的城内目录，不宣称精确室内坐标。 所有音乐与点位关系仍待人工复核。","https://wiki.biligame.com/ys/%E9%A3%8E%E4%B8%8E%E7%89%A7%E6%AD%8C%E4%B9%8B%E5%9F%8E"
"city-winds:1481392255:6626","netease:1481392255","西风骑士团","kongying:6626","传送锚点","蒙德","蒙德","【蒙德 蒙德城】","1695","-3861","蒙德 / 蒙德 / 西风骑士团","parent-place-match","pending","Wiki出处：西风骑士团-室内。点位原说明：【蒙德 蒙德城】。室内出处借用蒙德城锚点目录；当前点位说明只到蒙德城，建筑位置待核对。 所有音乐与点位关系仍待人工复核。","https://wiki.biligame.com/ys/%E9%A3%8E%E4%B8%8E%E7%89%A7%E6%AD%8C%E4%B9%8B%E5%9F%8E"
"city-winds:1481392255:6625","netease:1481392255","西风骑士团","kongying:6625","传送锚点","蒙德","蒙德","【蒙德 蒙德城】","1524.5","-3838.5","蒙德 / 蒙德 / 西风骑士团","parent-place-match","pending","Wiki出处：西风骑士团-室内。点位原说明：【蒙德 蒙德城】。室内出处借用蒙德城锚点目录；当前点位说明只到蒙德城，建筑位置待核对。 所有音乐与点位关系仍待人工复核。","https://wiki.biligame.com/ys/%E9%A3%8E%E4%B8%8E%E7%89%A7%E6%AD%8C%E4%B9%8B%E5%9F%8E"
"city-winds:1481392263:6626","netease:1481392263","天使的馈赠","kongying:6626","传送锚点","蒙德","蒙德","【蒙德 蒙德城】","1695","-3861","蒙德 / 蒙德 / 天使的馈赠","parent-place-match","pending","Wiki出处：天使的馈赠-室内。点位原说明：【蒙德 蒙德城】。酒馆室内出处借用蒙德城锚点目录；非酒馆入口精确点位。 所有音乐与点位关系仍待人工复核。","https://wiki.biligame.com/ys/%E9%A3%8E%E4%B8%8E%E7%89%A7%E6%AD%8C%E4%B9%8B%E5%9F%8E"
"city-winds:1481392263:6625","netease:1481392263","天使的馈赠","kongying:6625","传送锚点","蒙德","蒙德","【蒙德 蒙德城】","1524.5","-3838.5","蒙德 / 蒙德 / 天使的馈赠","parent-place-match","pending","Wiki出处：天使的馈赠-室内。点位原说明：【蒙德 蒙德城】。酒馆室内出处借用蒙德城锚点目录；非酒馆入口精确点位。 所有音乐与点位关系仍待人工复核。","https://wiki.biligame.com/ys/%E9%A3%8E%E4%B8%8E%E7%89%A7%E6%AD%8C%E4%B9%8B%E5%9F%8E"
"city-winds:1481390530:6557","netease:1481390530","剪影与蹑步","kongying:6557","七天神像","蒙德","蒙德","【蒙德 星落湖】","2293","-4244","蒙德 / 蒙德 / 紧张氛围与活动","region-archive","pending","Wiki出处：紧张氛围常见；例如偷天空之琴；风行迷踪活动；《原神》EP - 炎夏炽宝之踪。点位原说明：【蒙德 星落湖】。出处为界面/剧情/活动，可能跨区域，没有精确地图地点；按专辑归属放在蒙德默认星落湖神像归档，不认定在那里实际播放。 所有音乐与点位关系仍待人工复核。","https://wiki.biligame.com/ys/%E9%A3%8E%E4%B8%8E%E7%89%A7%E6%AD%8C%E4%B9%8B%E5%9F%8E"
"city-winds:1481392264:6557","netease:1481392264","危险的小径","kongying:6557","七天神像","蒙德","蒙德","【蒙德 星落湖】","2293","-4244","蒙德 / 蒙德 / 愚人众对峙场景","region-archive","pending","Wiki出处：与愚人众对峙时；如迫近的客星。点位原说明：【蒙德 星落湖】。出处为界面/剧情/活动，可能跨区域，没有精确地图地点；按专辑归属放在蒙德默认星落湖神像归档，不认定在那里实际播放。 所有音乐与点位关系仍待人工复核。","https://wiki.biligame.com/ys/%E9%A3%8E%E4%B8%8E%E7%89%A7%E6%AD%8C%E4%B9%8B%E5%9F%8E"
"city-winds:1481392261:6557","netease:1481392261","直面","kongying:6557","七天神像","蒙德","蒙德","【蒙德 星落湖】","2293","-4244","蒙德 / 蒙德 / 琴传说任务过场","region-archive","pending","Wiki出处：琴传说任务；幼狮之章过场动画。点位原说明：【蒙德 星落湖】。出处为界面/剧情/活动，可能跨区域，没有精确地图地点；按专辑归属放在蒙德默认星落湖神像归档，不认定在那里实际播放。 所有音乐与点位关系仍待人工复核。","https://wiki.biligame.com/ys/%E9%A3%8E%E4%B8%8E%E7%89%A7%E6%AD%8C%E4%B9%8B%E5%9F%8E"
"city-winds:1481392259:6557","netease:1481392259","呃，这可没想到…","kongying:6557","七天神像","蒙德","蒙德","【蒙德 星落湖】","2293","-4244","蒙德 / 蒙德 / 尴尬剧情场景","region-archive","pending","Wiki出处：尴尬场面常见；如公子鲸天之章；最棒的玩具销售员；《原神》EP - 炎夏炽宝之踪。点位原说明：【蒙德 星落湖】。出处为界面/剧情/活动，可能跨区域，没有精确地图地点；按专辑归属放在蒙德默认星落湖神像归档，不认定在那里实际播放。 所有音乐与点位关系仍待人工复核。","https://wiki.biligame.com/ys/%E9%A3%8E%E4%B8%8E%E7%89%A7%E6%AD%8C%E4%B9%8B%E5%9F%8E"
"city-winds:1481390532:6557","netease:1481390532","有趣的挑战","kongying:6557","七天神像","蒙德","蒙德","【蒙德 星落湖】","2293","-4244","蒙德 / 蒙德 / 小游戏与飞行执照","region-archive","pending","Wiki出处：小游戏常见；最早是考飞行执照。点位原说明：【蒙德 星落湖】。出处为界面/剧情/活动，可能跨区域，没有精确地图地点；按专辑归属放在蒙德默认星落湖神像归档，不认定在那里实际播放。 所有音乐与点位关系仍待人工复核。","https://wiki.biligame.com/ys/%E9%A3%8E%E4%B8%8E%E7%89%A7%E6%AD%8C%E4%B9%8B%E5%9F%8E"
"city-winds:1481390531:6557","netease:1481390531","速度加快","kongying:6557","七天神像","蒙德","蒙德","【蒙德 星落湖】","2293","-4244","蒙德 / 蒙德 / 安柏传说任务 · 空中轰炸","region-archive","pending","Wiki出处：安柏传说任务；空中轰炸部分。点位原说明：【蒙德 星落湖】。出处为界面/剧情/活动，可能跨区域，没有精确地图地点；按专辑归属放在蒙德默认星落湖神像归档，不认定在那里实际播放。 所有音乐与点位关系仍待人工复核。","https://wiki.biligame.com/ys/%E9%A3%8E%E4%B8%8E%E7%89%A7%E6%AD%8C%E4%B9%8B%E5%9F%8E"
"city-winds:1481390501:6557","netease:1481390501","开心的一天","kongying:6557","七天神像","蒙德","蒙德","【蒙德 星落湖】","2293","-4244","蒙德 / 蒙德 / 剧情音乐","region-archive","pending","Wiki出处：剧情音乐。点位原说明：【蒙德 星落湖】。出处为界面/剧情/活动，可能跨区域，没有精确地图地点；按专辑归属放在蒙德默认星落湖神像归档，不认定在那里实际播放。 所有音乐与点位关系仍待人工复核。","https://wiki.biligame.com/ys/%E9%A3%8E%E4%B8%8E%E7%89%A7%E6%AD%8C%E4%B9%8B%E5%9F%8E"
"city-winds:1481390525:6557","netease:1481390525","低语森林的重逢","kongying:6557","七天神像","蒙德","蒙德","【蒙德 星落湖】","2293","-4244","蒙德 / 蒙德 / 温迪与风魔龙主线剧情","region-archive","pending","Wiki出处：主线剧情；温迪和风魔龙；冰毛茸茸和风魔龙。点位原说明：【蒙德 星落湖】。出处为界面/剧情/活动，可能跨区域，没有精确地图地点；按专辑归属放在蒙德默认星落湖神像归档，不认定在那里实际播放。 所有音乐与点位关系仍待人工复核。","https://wiki.biligame.com/ys/%E9%A3%8E%E4%B8%8E%E7%89%A7%E6%AD%8C%E4%B9%8B%E5%9F%8E"
"city-winds:1481390500:6557","netease:1481390500","震惊","kongying:6557","七天神像","蒙德","蒙德","【蒙德 星落湖】","2293","-4244","蒙德 / 蒙德 / 主线剧情（具体地点未定）","region-archive","pending","Wiki出处：主线剧情。点位原说明：【蒙德 星落湖】。出处为界面/剧情/活动，可能跨区域，没有精确地图地点；按专辑归属放在蒙德默认星落湖神像归档，不认定在那里实际播放。 所有音乐与点位关系仍待人工复核。","https://wiki.biligame.com/ys/%E9%A3%8E%E4%B8%8E%E7%89%A7%E6%AD%8C%E4%B9%8B%E5%9F%8E"
"city-winds:1481390502:6557","netease:1481390502","初遇安柏","kongying:6557","七天神像","蒙德","蒙德","【蒙德 星落湖】","2293","-4244","蒙德 / 蒙德 / 初遇安柏主线剧情","region-archive","pending","Wiki出处：主线剧情；第一次见安柏。点位原说明：【蒙德 星落湖】。出处为界面/剧情/活动，可能跨区域，没有精确地图地点；按专辑归属放在蒙德默认星落湖神像归档，不认定在那里实际播放。 所有音乐与点位关系仍待人工复核。","https://wiki.biligame.com/ys/%E9%A3%8E%E4%B8%8E%E7%89%A7%E6%AD%8C%E4%B9%8B%E5%9F%8E"
"city-winds:1481392253:6626","netease:1481392253","风暴降临","kongying:6626","传送锚点","蒙德","蒙德","【蒙德 蒙德城】","1695","-3861","蒙德 / 蒙德 / 风魔龙进城（剧情）","parent-place-match","pending","Wiki出处：主线剧情；风魔龙进城。点位原说明：【蒙德 蒙德城】。“进城”按蒙德篇主线及专辑归属候选到蒙德城，需人工复核；不是常驻场景BGM。 所有音乐与点位关系仍待人工复核。","https://wiki.biligame.com/ys/%E9%A3%8E%E4%B8%8E%E7%89%A7%E6%AD%8C%E4%B9%8B%E5%9F%8E"
"city-winds:1481392253:6625","netease:1481392253","风暴降临","kongying:6625","传送锚点","蒙德","蒙德","【蒙德 蒙德城】","1524.5","-3838.5","蒙德 / 蒙德 / 风魔龙进城（剧情）","parent-place-match","pending","Wiki出处：主线剧情；风魔龙进城。点位原说明：【蒙德 蒙德城】。“进城”按蒙德篇主线及专辑归属候选到蒙德城，需人工复核；不是常驻场景BGM。 所有音乐与点位关系仍待人工复核。","https://wiki.biligame.com/ys/%E9%A3%8E%E4%B8%8E%E7%89%A7%E6%AD%8C%E4%B9%8B%E5%9F%8E"
"city-winds:1481390534:6557","netease:1481390534","淡淡的不安","kongying:6557","七天神像","蒙德","蒙德","【蒙德 星落湖】","2293","-4244","蒙德 / 蒙德 / 温迪传说任务","region-archive","pending","Wiki出处：温迪传说任务。点位原说明：【蒙德 星落湖】。出处为界面/剧情/活动，可能跨区域，没有精确地图地点；按专辑归属放在蒙德默认星落湖神像归档，不认定在那里实际播放。 所有音乐与点位关系仍待人工复核。","https://wiki.biligame.com/ys/%E9%A3%8E%E4%B8%8E%E7%89%A7%E6%AD%8C%E4%B9%8B%E5%9F%8E"
"city-winds:1481392260:6557","netease:1481392260","同伴的力量","kongying:6557","七天神像","蒙德","蒙德","【蒙德 星落湖】","2293","-4244","蒙德 / 蒙德 / 传说任务结尾","region-archive","pending","Wiki出处：传说任务结尾常见；最早应是琴传说任务。点位原说明：【蒙德 星落湖】。出处为界面/剧情/活动，可能跨区域，没有精确地图地点；按专辑归属放在蒙德默认星落湖神像归档，不认定在那里实际播放。 所有音乐与点位关系仍待人工复核。","https://wiki.biligame.com/ys/%E9%A3%8E%E4%B8%8E%E7%89%A7%E6%AD%8C%E4%B9%8B%E5%9F%8E"
"city-winds:1481392254:6557","netease:1481392254","将至的凯歌","kongying:6557","七天神像","蒙德","蒙德","【蒙德 星落湖】","2293","-4244","蒙德 / 蒙德 / 初遇凯亚主线剧情","region-archive","pending","Wiki出处：主线剧情；第一次见凯亚。点位原说明：【蒙德 星落湖】。出处为界面/剧情/活动，可能跨区域，没有精确地图地点；按专辑归属放在蒙德默认星落湖神像归档，不认定在那里实际播放。 所有音乐与点位关系仍待人工复核。","https://wiki.biligame.com/ys/%E9%A3%8E%E4%B8%8E%E7%89%A7%E6%AD%8C%E4%B9%8B%E5%9F%8E"
"city-winds:1481392040:6557","netease:1481392040","情不自禁","kongying:6557","七天神像","蒙德","蒙德","【蒙德 星落湖】","2293","-4244","蒙德 / 蒙德 / 内测音乐（含人声）","region-archive","pending","Wiki出处：内测时期音乐；含人声。点位原说明：【蒙德 星落湖】。出处为界面/剧情/活动，可能跨区域，没有精确地图地点；按专辑归属放在蒙德默认星落湖神像归档，不认定在那里实际播放。 所有音乐与点位关系仍待人工复核。","https://wiki.biligame.com/ys/%E9%A3%8E%E4%B8%8E%E7%89%A7%E6%AD%8C%E4%B9%8B%E5%9F%8E"
"city-winds:1481390641:6557","netease:1481390641","旅途的开始","kongying:6557","七天神像","蒙德","蒙德","【蒙德 星落湖】","2293","-4244","蒙德 / 蒙德 / 内测音乐","region-archive","pending","Wiki出处：内测时期音乐。点位原说明：【蒙德 星落湖】。出处为界面/剧情/活动，可能跨区域，没有精确地图地点；按专辑归属放在蒙德默认星落湖神像归档，不认定在那里实际播放。 所有音乐与点位关系仍待人工复核。","https://wiki.biligame.com/ys/%E9%A3%8E%E4%B8%8E%E7%89%A7%E6%AD%8C%E4%B9%8B%E5%9F%8E"
"city-winds:1481390619:6555","netease:1481390619","晨曦酒庄","kongying:6555","七天神像","蒙德","蒙德","【蒙德 苍风高地】
击败附近的【狂风之核】可解除【狂风屏障】并激活。","1295","-3297.8333435059","蒙德 / 蒙德 / 晨曦酒庄","region-archive","pending","Wiki出处：晨曦酒庄室外-白天；无人声。点位原说明：【蒙德 苍风高地】；击败附近的【狂风之核】可解除【狂风屏障】并激活。。出处明确酒庄，现有点位说明没有“晨曦酒庄”。借苍风高地神像归档；归档不证明神像位置就是酒庄音区。 所有音乐与点位关系仍待人工复核。","https://wiki.biligame.com/ys/%E9%A3%8E%E4%B8%8E%E7%89%A7%E6%AD%8C%E4%B9%8B%E5%9F%8E"
"city-winds:1481390635:6555","netease:1481390635","破晓前的流光","kongying:6555","七天神像","蒙德","蒙德","【蒙德 苍风高地】
击败附近的【狂风之核】可解除【狂风屏障】并激活。","1295","-3297.8333435059","蒙德 / 蒙德 / 晨曦酒庄","region-archive","pending","Wiki出处：晨曦酒庄室外-夜晚；《原神》EP - 晨光拂晓之时。点位原说明：【蒙德 苍风高地】；击败附近的【狂风之核】可解除【狂风屏障】并激活。。出处明确酒庄，现有点位说明没有“晨曦酒庄”。借苍风高地神像归档；归档不证明神像位置就是酒庄音区。 所有音乐与点位关系仍待人工复核。","https://wiki.biligame.com/ys/%E9%A3%8E%E4%B8%8E%E7%89%A7%E6%AD%8C%E4%B9%8B%E5%9F%8E"
"city-winds:1481390634:6557","netease:1481390634","见惯的风景","kongying:6557","七天神像","蒙德","蒙德","【蒙德 星落湖】","2293","-4244","蒙德 / 蒙德 / 尘歌壶 · 翠黛峰（当前）；晨曦酒庄（历史）","region-archive","pending","Wiki出处：原：晨曦酒庄；现：尘歌壶翠黛峰；《原神》EP - 悠扬戏风之诗。点位原说明：【蒙德 星落湖】。原文区分原/现出处，不把历史酒庄位置当现行播放地点。暂无尘歌壶地图，以专辑归属借蒙德神像归档。 所有音乐与点位关系仍待人工复核。","https://wiki.biligame.com/ys/%E9%A3%8E%E4%B8%8E%E7%89%A7%E6%AD%8C%E4%B9%8B%E5%9F%8E"
"city-winds:1481392438:6290","netease:1481392438","饰金的夜色","kongying:6290","传送锚点","蒙德","蒙德","【蒙德 坠星山谷】","2568.5660610573","-3457.1337743964","蒙德 / 蒙德 / 蒙德野外","region-scope","pending","Wiki出处：蒙德野外-夜间。点位原说明：【蒙德 坠星山谷】。按用户范围规则，将明确“蒙德野外”的曲目挂到蒙德源地区20个普通点位；蒙德城与风龙废墟保留专属音乐。范围推定待核实，未逐点确认实际音乐触发，不外推其它独立地区。 所有音乐与点位关系仍待人工复核。","https://wiki.biligame.com/ys/%E9%A3%8E%E4%B8%8E%E7%89%A7%E6%AD%8C%E4%B9%8B%E5%9F%8E"
"city-winds:1481392438:6292","netease:1481392438","饰金的夜色","kongying:6292","传送锚点","蒙德","蒙德","【蒙德 摘星崖】","2540.3336677791","-3883.6666717529","蒙德 / 蒙德 / 蒙德野外","region-scope","pending","Wiki出处：蒙德野外-夜间。点位原说明：【蒙德 摘星崖】。按用户范围规则，将明确“蒙德野外”的曲目挂到蒙德源地区20个普通点位；蒙德城与风龙废墟保留专属音乐。范围推定待核实，未逐点确认实际音乐触发，不外推其它独立地区。 所有音乐与点位关系仍待人工复核。","https://wiki.biligame.com/ys/%E9%A3%8E%E4%B8%8E%E7%89%A7%E6%AD%8C%E4%B9%8B%E5%9F%8E"
"city-winds:1481392438:6295","netease:1481392438","饰金的夜色","kongying:6295","传送锚点","蒙德","蒙德","【蒙德 海岸到嘹望台】","2711.8336677791","-4398.3333435059","蒙德 / 蒙德 / 蒙德野外","region-scope","pending","Wiki出处：蒙德野外-夜间。点位原说明：【蒙德 海岸到嘹望台】。按用户范围规则，将明确“蒙德野外”的曲目挂到蒙德源地区20个普通点位；蒙德城与风龙废墟保留专属音乐。范围推定待核实，未逐点确认实际音乐触发，不外推其它独立地区。 所有音乐与点位关系仍待人工复核。","https://wiki.biligame.com/ys/%E9%A3%8E%E4%B8%8E%E7%89%A7%E6%AD%8C%E4%B9%8B%E5%9F%8E"
"city-winds:1481392438:6557","netease:1481392438","饰金的夜色","kongying:6557","七天神像","蒙德","蒙德","【蒙德 星落湖】","2293","-4244","蒙德 / 蒙德 / 蒙德野外","region-scope","pending","Wiki出处：蒙德野外-夜间。点位原说明：【蒙德 星落湖】。按用户范围规则，将明确“蒙德野外”的曲目挂到蒙德源地区20个普通点位；蒙德城与风龙废墟保留专属音乐。范围推定待核实，未逐点确认实际音乐触发，不外推其它独立地区。 所有音乐与点位关系仍待人工复核。","https://wiki.biligame.com/ys/%E9%A3%8E%E4%B8%8E%E7%89%A7%E6%AD%8C%E4%B9%8B%E5%9F%8E"
"city-winds:1481392438:6289","netease:1481392438","饰金的夜色","kongying:6289","传送锚点","蒙德","蒙德","【蒙德 誓言岬】","3199.3316836234","-2744.2115340797","蒙德 / 蒙德 / 蒙德野外","region-scope","pending","Wiki出处：蒙德野外-夜间。点位原说明：【蒙德 誓言岬】。按用户范围规则，将明确“蒙德野外”的曲目挂到蒙德源地区20个普通点位；蒙德城与风龙废墟保留专属音乐。范围推定待核实，未逐点确认实际音乐触发，不外推其它独立地区。 所有音乐与点位关系仍待人工复核。","https://wiki.biligame.com/ys/%E9%A3%8E%E4%B8%8E%E7%89%A7%E6%AD%8C%E4%B9%8B%E5%9F%8E"
"city-winds:1481392438:6284","netease:1481392438","饰金的夜色","kongying:6284","传送锚点","蒙德","蒙德","【蒙德 苍风高地】","1226.9417838044","-3730.38146687","蒙德 / 蒙德 / 蒙德野外","region-scope","pending","Wiki出处：蒙德野外-夜间。点位原说明：【蒙德 苍风高地】。按用户范围规则，将明确“蒙德野外”的曲目挂到蒙德源地区20个普通点位；蒙德城与风龙废墟保留专属音乐。范围推定待核实，未逐点确认实际音乐触发，不外推其它独立地区。 所有音乐与点位关系仍待人工复核。","https://wiki.biligame.com/ys/%E9%A3%8E%E4%B8%8E%E7%89%A7%E6%AD%8C%E4%B9%8B%E5%9F%8E"
"city-winds:1481392438:6555","netease:1481392438","饰金的夜色","kongying:6555","七天神像","蒙德","蒙德","【蒙德 苍风高地】
击败附近的【狂风之核】可解除【狂风屏障】并激活。","1295","-3297.8333435059","蒙德 / 蒙德 / 蒙德野外","region-scope","pending","Wiki出处：蒙德野外-夜间。点位原说明：【蒙德 苍风高地】；击败附近的【狂风之核】可解除【狂风屏障】并激活。。按用户范围规则，将明确“蒙德野外”的曲目挂到蒙德源地区20个普通点位；蒙德城与风龙废墟保留专属音乐。范围推定待核实，未逐点确认实际音乐触发，不外推其它独立地区。 所有音乐与点位关系仍待人工复核。","https://wiki.biligame.com/ys/%E9%A3%8E%E4%B8%8E%E7%89%A7%E6%AD%8C%E4%B9%8B%E5%9F%8E"
"city-winds:1481392438:7290","netease:1481392438","饰金的夜色","kongying:7290","传送锚点","蒙德","蒙德","【蒙德 苍风高地】","2037.5834085960996","-2950.8350506112","蒙德 / 蒙德 / 蒙德野外","region-scope","pending","Wiki出处：蒙德野外-夜间。点位原说明：【蒙德 苍风高地】。按用户范围规则，将明确“蒙德野外”的曲目挂到蒙德源地区20个普通点位；蒙德城与风龙废墟保留专属音乐。范围推定待核实，未逐点确认实际音乐触发，不外推其它独立地区。 所有音乐与点位关系仍待人工复核。","https://wiki.biligame.com/ys/%E9%A3%8E%E4%B8%8E%E7%89%A7%E6%AD%8C%E4%B9%8B%E5%9F%8E"
"city-winds:1481392438:6286","netease:1481392438","饰金的夜色","kongying:6286","传送锚点","蒙德","蒙德","【蒙德 清泉镇】","1689.178006025","-3482.2398053092","蒙德 / 蒙德 / 蒙德野外","region-scope","pending","Wiki出处：蒙德野外-夜间。点位原说明：【蒙德 清泉镇】。按用户范围规则，将明确“蒙德野外”的曲目挂到蒙德源地区20个普通点位；蒙德城与风龙废墟保留专属音乐。范围推定待核实，未逐点确认实际音乐触发，不外推其它独立地区。 所有音乐与点位关系仍待人工复核。","https://wiki.biligame.com/ys/%E9%A3%8E%E4%B8%8E%E7%89%A7%E6%AD%8C%E4%B9%8B%E5%9F%8E"
"city-winds:1481392438:6285","netease:1481392438","饰金的夜色","kongying:6285","传送锚点","蒙德","蒙德","【蒙德 苍风高地】","800.33069395251","-3309.4839928473","蒙德 / 蒙德 / 蒙德野外","region-scope","pending","Wiki出处：蒙德野外-夜间。点位原说明：【蒙德 苍风高地】。按用户范围规则，将明确“蒙德野外”的曲目挂到蒙德源地区20个普通点位；蒙德城与风龙废墟保留专属音乐。范围推定待核实，未逐点确认实际音乐触发，不外推其它独立地区。 所有音乐与点位关系仍待人工复核。","https://wiki.biligame.com/ys/%E9%A3%8E%E4%B8%8E%E7%89%A7%E6%AD%8C%E4%B9%8B%E5%9F%8E"
"city-winds:1481392438:6282","netease:1481392438","饰金的夜色","kongying:6282","传送锚点","蒙德","蒙德","【蒙德 明冠山地】","479.70576116829","-3994.650456529","蒙德 / 蒙德 / 蒙德野外","region-scope","pending","Wiki出处：蒙德野外-夜间。点位原说明：【蒙德 明冠山地】。按用户范围规则，将明确“蒙德野外”的曲目挂到蒙德源地区20个普通点位；蒙德城与风龙废墟保留专属音乐。范围推定待核实，未逐点确认实际音乐触发，不外推其它独立地区。 所有音乐与点位关系仍待人工复核。","https://wiki.biligame.com/ys/%E9%A3%8E%E4%B8%8E%E7%89%A7%E6%AD%8C%E4%B9%8B%E5%9F%8E"
"city-winds:1481392438:6283","netease:1481392438","饰金的夜色","kongying:6283","传送锚点","蒙德","蒙德","【蒙德 苍风高地】","1040.6326901073","-3884.3439744663","蒙德 / 蒙德 / 蒙德野外","region-scope","pending","Wiki出处：蒙德野外-夜间。点位原说明：【蒙德 苍风高地】。按用户范围规则，将明确“蒙德野外”的曲目挂到蒙德源地区20个普通点位；蒙德城与风龙废墟保留专属音乐。范围推定待核实，未逐点确认实际音乐触发，不外推其它独立地区。 所有音乐与点位关系仍待人工复核。","https://wiki.biligame.com/ys/%E9%A3%8E%E4%B8%8E%E7%89%A7%E6%AD%8C%E4%B9%8B%E5%9F%8E"
"city-winds:1481392438:6287","netease:1481392438","饰金的夜色","kongying:6287","传送锚点","蒙德","蒙德","【蒙德 清泉镇】","1746","-3211.6666564941","蒙德 / 蒙德 / 蒙德野外","region-scope","pending","Wiki出处：蒙德野外-夜间。点位原说明：【蒙德 清泉镇】。按用户范围规则，将明确“蒙德野外”的曲目挂到蒙德源地区20个普通点位；蒙德城与风龙废墟保留专属音乐。范围推定待核实，未逐点确认实际音乐触发，不外推其它独立地区。 所有音乐与点位关系仍待人工复核。","https://wiki.biligame.com/ys/%E9%A3%8E%E4%B8%8E%E7%89%A7%E6%AD%8C%E4%B9%8B%E5%9F%8E"
"city-winds:1481392438:6288","netease:1481392438","饰金的夜色","kongying:6288","传送锚点","蒙德","蒙德","【蒙德 达达乌帕谷】","2444.4300645305","-2771.0383143056","蒙德 / 蒙德 / 蒙德野外","region-scope","pending","Wiki出处：蒙德野外-夜间。点位原说明：【蒙德 达达乌帕谷】。按用户范围规则，将明确“蒙德野外”的曲目挂到蒙德源地区20个普通点位；蒙德城与风龙废墟保留专属音乐。范围推定待核实，未逐点确认实际音乐触发，不外推其它独立地区。 所有音乐与点位关系仍待人工复核。","https://wiki.biligame.com/ys/%E9%A3%8E%E4%B8%8E%E7%89%A7%E6%AD%8C%E4%B9%8B%E5%9F%8E"
"city-winds:1481392438:6291","netease:1481392438","饰金的夜色","kongying:6291","传送锚点","蒙德","蒙德","【蒙德 坠星山谷】","2023.831645842","-3751.6666717529","蒙德 / 蒙德 / 蒙德野外","region-scope","pending","Wiki出处：蒙德野外-夜间。点位原说明：【蒙德 坠星山谷】。按用户范围规则，将明确“蒙德野外”的曲目挂到蒙德源地区20个普通点位；蒙德城与风龙废墟保留专属音乐。范围推定待核实，未逐点确认实际音乐触发，不外推其它独立地区。 所有音乐与点位关系仍待人工复核。","https://wiki.biligame.com/ys/%E9%A3%8E%E4%B8%8E%E7%89%A7%E6%AD%8C%E4%B9%8B%E5%9F%8E"
"city-winds:1481392438:6294","netease:1481392438","饰金的夜色","kongying:6294","传送锚点","蒙德","蒙德","【蒙德 望风山地】","2699.6673508208","-4596.6666717529","蒙德 / 蒙德 / 蒙德野外","region-scope","pending","Wiki出处：蒙德野外-夜间。点位原说明：【蒙德 望风山地】。按用户范围规则，将明确“蒙德野外”的曲目挂到蒙德源地区20个普通点位；蒙德城与风龙废墟保留专属音乐。范围推定待核实，未逐点确认实际音乐触发，不外推其它独立地区。 所有音乐与点位关系仍待人工复核。","https://wiki.biligame.com/ys/%E9%A3%8E%E4%B8%8E%E7%89%A7%E6%AD%8C%E4%B9%8B%E5%9F%8E"
"city-winds:1481392438:7298","netease:1481392438","饰金的夜色","kongying:7298","传送锚点","蒙德","蒙德","【蒙德 明冠山地】","1107.8334085961","-4265.1667784342","蒙德 / 蒙德 / 蒙德野外","region-scope","pending","Wiki出处：蒙德野外-夜间。点位原说明：【蒙德 明冠山地】。按用户范围规则，将明确“蒙德野外”的曲目挂到蒙德源地区20个普通点位；蒙德城与风龙废墟保留专属音乐。范围推定待核实，未逐点确认实际音乐触发，不外推其它独立地区。 所有音乐与点位关系仍待人工复核。","https://wiki.biligame.com/ys/%E9%A3%8E%E4%B8%8E%E7%89%A7%E6%AD%8C%E4%B9%8B%E5%9F%8E"
"city-winds:1481392438:6293","netease:1481392438","饰金的夜色","kongying:6293","传送锚点","蒙德","蒙德","【蒙德 望风山地】","2223.1673355581","-4452.8333282471","蒙德 / 蒙德 / 蒙德野外","region-scope","pending","Wiki出处：蒙德野外-夜间。点位原说明：【蒙德 望风山地】。按用户范围规则，将明确“蒙德野外”的曲目挂到蒙德源地区20个普通点位；蒙德城与风龙废墟保留专属音乐。范围推定待核实，未逐点确认实际音乐触发，不外推其它独立地区。 所有音乐与点位关系仍待人工复核。","https://wiki.biligame.com/ys/%E9%A3%8E%E4%B8%8E%E7%89%A7%E6%AD%8C%E4%B9%8B%E5%9F%8E"
"city-winds:1481392438:115467","netease:1481392438","饰金的夜色","kongying:115467","传送锚点","蒙德","蒙德","（「月之六」版本新增）
【蒙德 明冠山地】

注：「月之六」版本更新后，完成魔神任务【序章 第三幕】「巨龙与自由之歌」后，自动解锁","954.961542835732","-4657.038389543974","蒙德 / 蒙德 / 蒙德野外","region-scope","pending","Wiki出处：蒙德野外-夜间。点位原说明：（「月之六」版本新增）；【蒙德 明冠山地】；；注：「月之六」版本更新后，完成魔神任务【序章 第三幕】「巨龙与自由之歌」后，自动解锁。按用户范围规则，将明确“蒙德野外”的曲目挂到蒙德源地区20个普通点位；蒙德城与风龙废墟保留专属音乐。范围推定待核实，未逐点确认实际音乐触发，不外推其它独立地区。 所有音乐与点位关系仍待人工复核。","https://wiki.biligame.com/ys/%E9%A3%8E%E4%B8%8E%E7%89%A7%E6%AD%8C%E4%B9%8B%E5%9F%8E"
"city-winds:1481392438:6556","netease:1481392438","饰金的夜色","kongying:6556","七天神像","蒙德","蒙德","【蒙德 风起地】","2218","-3387","蒙德 / 蒙德 / 蒙德野外","region-scope","pending","Wiki出处：蒙德野外-夜间。点位原说明：【蒙德 风起地】。按用户范围规则，将明确“蒙德野外”的曲目挂到蒙德源地区20个普通点位；蒙德城与风龙废墟保留专属音乐。范围推定待核实，未逐点确认实际音乐触发，不外推其它独立地区。 所有音乐与点位关系仍待人工复核。","https://wiki.biligame.com/ys/%E9%A3%8E%E4%B8%8E%E7%89%A7%E6%AD%8C%E4%B9%8B%E5%9F%8E"
"city-winds:1481392436:6290","netease:1481392436","平原的低语","kongying:6290","传送锚点","蒙德","蒙德","【蒙德 坠星山谷】","2568.5660610573","-3457.1337743964","蒙德 / 蒙德 / 蒙德野外","region-scope","pending","Wiki出处：蒙德野外-白天；《原神》EP - 悠扬戏风之诗。点位原说明：【蒙德 坠星山谷】。按用户范围规则，将明确“蒙德野外”的曲目挂到蒙德源地区20个普通点位；蒙德城与风龙废墟保留专属音乐。范围推定待核实，未逐点确认实际音乐触发，不外推其它独立地区。 所有音乐与点位关系仍待人工复核。","https://wiki.biligame.com/ys/%E9%A3%8E%E4%B8%8E%E7%89%A7%E6%AD%8C%E4%B9%8B%E5%9F%8E"
"city-winds:1481392436:6292","netease:1481392436","平原的低语","kongying:6292","传送锚点","蒙德","蒙德","【蒙德 摘星崖】","2540.3336677791","-3883.6666717529","蒙德 / 蒙德 / 蒙德野外","region-scope","pending","Wiki出处：蒙德野外-白天；《原神》EP - 悠扬戏风之诗。点位原说明：【蒙德 摘星崖】。按用户范围规则，将明确“蒙德野外”的曲目挂到蒙德源地区20个普通点位；蒙德城与风龙废墟保留专属音乐。范围推定待核实，未逐点确认实际音乐触发，不外推其它独立地区。 所有音乐与点位关系仍待人工复核。","https://wiki.biligame.com/ys/%E9%A3%8E%E4%B8%8E%E7%89%A7%E6%AD%8C%E4%B9%8B%E5%9F%8E"
"city-winds:1481392436:6295","netease:1481392436","平原的低语","kongying:6295","传送锚点","蒙德","蒙德","【蒙德 海岸到嘹望台】","2711.8336677791","-4398.3333435059","蒙德 / 蒙德 / 蒙德野外","region-scope","pending","Wiki出处：蒙德野外-白天；《原神》EP - 悠扬戏风之诗。点位原说明：【蒙德 海岸到嘹望台】。按用户范围规则，将明确“蒙德野外”的曲目挂到蒙德源地区20个普通点位；蒙德城与风龙废墟保留专属音乐。范围推定待核实，未逐点确认实际音乐触发，不外推其它独立地区。 所有音乐与点位关系仍待人工复核。","https://wiki.biligame.com/ys/%E9%A3%8E%E4%B8%8E%E7%89%A7%E6%AD%8C%E4%B9%8B%E5%9F%8E"
"city-winds:1481392436:6557","netease:1481392436","平原的低语","kongying:6557","七天神像","蒙德","蒙德","【蒙德 星落湖】","2293","-4244","蒙德 / 蒙德 / 蒙德野外","region-scope","pending","Wiki出处：蒙德野外-白天；《原神》EP - 悠扬戏风之诗。点位原说明：【蒙德 星落湖】。按用户范围规则，将明确“蒙德野外”的曲目挂到蒙德源地区20个普通点位；蒙德城与风龙废墟保留专属音乐。范围推定待核实，未逐点确认实际音乐触发，不外推其它独立地区。 所有音乐与点位关系仍待人工复核。","https://wiki.biligame.com/ys/%E9%A3%8E%E4%B8%8E%E7%89%A7%E6%AD%8C%E4%B9%8B%E5%9F%8E"
"city-winds:1481392436:6289","netease:1481392436","平原的低语","kongying:6289","传送锚点","蒙德","蒙德","【蒙德 誓言岬】","3199.3316836234","-2744.2115340797","蒙德 / 蒙德 / 蒙德野外","region-scope","pending","Wiki出处：蒙德野外-白天；《原神》EP - 悠扬戏风之诗。点位原说明：【蒙德 誓言岬】。按用户范围规则，将明确“蒙德野外”的曲目挂到蒙德源地区20个普通点位；蒙德城与风龙废墟保留专属音乐。范围推定待核实，未逐点确认实际音乐触发，不外推其它独立地区。 所有音乐与点位关系仍待人工复核。","https://wiki.biligame.com/ys/%E9%A3%8E%E4%B8%8E%E7%89%A7%E6%AD%8C%E4%B9%8B%E5%9F%8E"
"city-winds:1481392436:6284","netease:1481392436","平原的低语","kongying:6284","传送锚点","蒙德","蒙德","【蒙德 苍风高地】","1226.9417838044","-3730.38146687","蒙德 / 蒙德 / 蒙德野外","region-scope","pending","Wiki出处：蒙德野外-白天；《原神》EP - 悠扬戏风之诗。点位原说明：【蒙德 苍风高地】。按用户范围规则，将明确“蒙德野外”的曲目挂到蒙德源地区20个普通点位；蒙德城与风龙废墟保留专属音乐。范围推定待核实，未逐点确认实际音乐触发，不外推其它独立地区。 所有音乐与点位关系仍待人工复核。","https://wiki.biligame.com/ys/%E9%A3%8E%E4%B8%8E%E7%89%A7%E6%AD%8C%E4%B9%8B%E5%9F%8E"
"city-winds:1481392436:6555","netease:1481392436","平原的低语","kongying:6555","七天神像","蒙德","蒙德","【蒙德 苍风高地】
击败附近的【狂风之核】可解除【狂风屏障】并激活。","1295","-3297.8333435059","蒙德 / 蒙德 / 蒙德野外","region-scope","pending","Wiki出处：蒙德野外-白天；《原神》EP - 悠扬戏风之诗。点位原说明：【蒙德 苍风高地】；击败附近的【狂风之核】可解除【狂风屏障】并激活。。按用户范围规则，将明确“蒙德野外”的曲目挂到蒙德源地区20个普通点位；蒙德城与风龙废墟保留专属音乐。范围推定待核实，未逐点确认实际音乐触发，不外推其它独立地区。 所有音乐与点位关系仍待人工复核。","https://wiki.biligame.com/ys/%E9%A3%8E%E4%B8%8E%E7%89%A7%E6%AD%8C%E4%B9%8B%E5%9F%8E"
"city-winds:1481392436:7290","netease:1481392436","平原的低语","kongying:7290","传送锚点","蒙德","蒙德","【蒙德 苍风高地】","2037.5834085960996","-2950.8350506112","蒙德 / 蒙德 / 蒙德野外","region-scope","pending","Wiki出处：蒙德野外-白天；《原神》EP - 悠扬戏风之诗。点位原说明：【蒙德 苍风高地】。按用户范围规则，将明确“蒙德野外”的曲目挂到蒙德源地区20个普通点位；蒙德城与风龙废墟保留专属音乐。范围推定待核实，未逐点确认实际音乐触发，不外推其它独立地区。 所有音乐与点位关系仍待人工复核。","https://wiki.biligame.com/ys/%E9%A3%8E%E4%B8%8E%E7%89%A7%E6%AD%8C%E4%B9%8B%E5%9F%8E"
"city-winds:1481392436:6286","netease:1481392436","平原的低语","kongying:6286","传送锚点","蒙德","蒙德","【蒙德 清泉镇】","1689.178006025","-3482.2398053092","蒙德 / 蒙德 / 蒙德野外","region-scope","pending","Wiki出处：蒙德野外-白天；《原神》EP - 悠扬戏风之诗。点位原说明：【蒙德 清泉镇】。按用户范围规则，将明确“蒙德野外”的曲目挂到蒙德源地区20个普通点位；蒙德城与风龙废墟保留专属音乐。范围推定待核实，未逐点确认实际音乐触发，不外推其它独立地区。 所有音乐与点位关系仍待人工复核。","https://wiki.biligame.com/ys/%E9%A3%8E%E4%B8%8E%E7%89%A7%E6%AD%8C%E4%B9%8B%E5%9F%8E"
"city-winds:1481392436:6285","netease:1481392436","平原的低语","kongying:6285","传送锚点","蒙德","蒙德","【蒙德 苍风高地】","800.33069395251","-3309.4839928473","蒙德 / 蒙德 / 蒙德野外","region-scope","pending","Wiki出处：蒙德野外-白天；《原神》EP - 悠扬戏风之诗。点位原说明：【蒙德 苍风高地】。按用户范围规则，将明确“蒙德野外”的曲目挂到蒙德源地区20个普通点位；蒙德城与风龙废墟保留专属音乐。范围推定待核实，未逐点确认实际音乐触发，不外推其它独立地区。 所有音乐与点位关系仍待人工复核。","https://wiki.biligame.com/ys/%E9%A3%8E%E4%B8%8E%E7%89%A7%E6%AD%8C%E4%B9%8B%E5%9F%8E"
"city-winds:1481392436:6282","netease:1481392436","平原的低语","kongying:6282","传送锚点","蒙德","蒙德","【蒙德 明冠山地】","479.70576116829","-3994.650456529","蒙德 / 蒙德 / 蒙德野外","region-scope","pending","Wiki出处：蒙德野外-白天；《原神》EP - 悠扬戏风之诗。点位原说明：【蒙德 明冠山地】。按用户范围规则，将明确“蒙德野外”的曲目挂到蒙德源地区20个普通点位；蒙德城与风龙废墟保留专属音乐。范围推定待核实，未逐点确认实际音乐触发，不外推其它独立地区。 所有音乐与点位关系仍待人工复核。","https://wiki.biligame.com/ys/%E9%A3%8E%E4%B8%8E%E7%89%A7%E6%AD%8C%E4%B9%8B%E5%9F%8E"
"city-winds:1481392436:6283","netease:1481392436","平原的低语","kongying:6283","传送锚点","蒙德","蒙德","【蒙德 苍风高地】","1040.6326901073","-3884.3439744663","蒙德 / 蒙德 / 蒙德野外","region-scope","pending","Wiki出处：蒙德野外-白天；《原神》EP - 悠扬戏风之诗。点位原说明：【蒙德 苍风高地】。按用户范围规则，将明确“蒙德野外”的曲目挂到蒙德源地区20个普通点位；蒙德城与风龙废墟保留专属音乐。范围推定待核实，未逐点确认实际音乐触发，不外推其它独立地区。 所有音乐与点位关系仍待人工复核。","https://wiki.biligame.com/ys/%E9%A3%8E%E4%B8%8E%E7%89%A7%E6%AD%8C%E4%B9%8B%E5%9F%8E"
"city-winds:1481392436:6287","netease:1481392436","平原的低语","kongying:6287","传送锚点","蒙德","蒙德","【蒙德 清泉镇】","1746","-3211.6666564941","蒙德 / 蒙德 / 蒙德野外","region-scope","pending","Wiki出处：蒙德野外-白天；《原神》EP - 悠扬戏风之诗。点位原说明：【蒙德 清泉镇】。按用户范围规则，将明确“蒙德野外”的曲目挂到蒙德源地区20个普通点位；蒙德城与风龙废墟保留专属音乐。范围推定待核实，未逐点确认实际音乐触发，不外推其它独立地区。 所有音乐与点位关系仍待人工复核。","https://wiki.biligame.com/ys/%E9%A3%8E%E4%B8%8E%E7%89%A7%E6%AD%8C%E4%B9%8B%E5%9F%8E"
"city-winds:1481392436:6288","netease:1481392436","平原的低语","kongying:6288","传送锚点","蒙德","蒙德","【蒙德 达达乌帕谷】","2444.4300645305","-2771.0383143056","蒙德 / 蒙德 / 蒙德野外","region-scope","pending","Wiki出处：蒙德野外-白天；《原神》EP - 悠扬戏风之诗。点位原说明：【蒙德 达达乌帕谷】。按用户范围规则，将明确“蒙德野外”的曲目挂到蒙德源地区20个普通点位；蒙德城与风龙废墟保留专属音乐。范围推定待核实，未逐点确认实际音乐触发，不外推其它独立地区。 所有音乐与点位关系仍待人工复核。","https://wiki.biligame.com/ys/%E9%A3%8E%E4%B8%8E%E7%89%A7%E6%AD%8C%E4%B9%8B%E5%9F%8E"
"city-winds:1481392436:6291","netease:1481392436","平原的低语","kongying:6291","传送锚点","蒙德","蒙德","【蒙德 坠星山谷】","2023.831645842","-3751.6666717529","蒙德 / 蒙德 / 蒙德野外","region-scope","pending","Wiki出处：蒙德野外-白天；《原神》EP - 悠扬戏风之诗。点位原说明：【蒙德 坠星山谷】。按用户范围规则，将明确“蒙德野外”的曲目挂到蒙德源地区20个普通点位；蒙德城与风龙废墟保留专属音乐。范围推定待核实，未逐点确认实际音乐触发，不外推其它独立地区。 所有音乐与点位关系仍待人工复核。","https://wiki.biligame.com/ys/%E9%A3%8E%E4%B8%8E%E7%89%A7%E6%AD%8C%E4%B9%8B%E5%9F%8E"
"city-winds:1481392436:6294","netease:1481392436","平原的低语","kongying:6294","传送锚点","蒙德","蒙德","【蒙德 望风山地】","2699.6673508208","-4596.6666717529","蒙德 / 蒙德 / 蒙德野外","region-scope","pending","Wiki出处：蒙德野外-白天；《原神》EP - 悠扬戏风之诗。点位原说明：【蒙德 望风山地】。按用户范围规则，将明确“蒙德野外”的曲目挂到蒙德源地区20个普通点位；蒙德城与风龙废墟保留专属音乐。范围推定待核实，未逐点确认实际音乐触发，不外推其它独立地区。 所有音乐与点位关系仍待人工复核。","https://wiki.biligame.com/ys/%E9%A3%8E%E4%B8%8E%E7%89%A7%E6%AD%8C%E4%B9%8B%E5%9F%8E"
"city-winds:1481392436:7298","netease:1481392436","平原的低语","kongying:7298","传送锚点","蒙德","蒙德","【蒙德 明冠山地】","1107.8334085961","-4265.1667784342","蒙德 / 蒙德 / 蒙德野外","region-scope","pending","Wiki出处：蒙德野外-白天；《原神》EP - 悠扬戏风之诗。点位原说明：【蒙德 明冠山地】。按用户范围规则，将明确“蒙德野外”的曲目挂到蒙德源地区20个普通点位；蒙德城与风龙废墟保留专属音乐。范围推定待核实，未逐点确认实际音乐触发，不外推其它独立地区。 所有音乐与点位关系仍待人工复核。","https://wiki.biligame.com/ys/%E9%A3%8E%E4%B8%8E%E7%89%A7%E6%AD%8C%E4%B9%8B%E5%9F%8E"
"city-winds:1481392436:6293","netease:1481392436","平原的低语","kongying:6293","传送锚点","蒙德","蒙德","【蒙德 望风山地】","2223.1673355581","-4452.8333282471","蒙德 / 蒙德 / 蒙德野外","region-scope","pending","Wiki出处：蒙德野外-白天；《原神》EP - 悠扬戏风之诗。点位原说明：【蒙德 望风山地】。按用户范围规则，将明确“蒙德野外”的曲目挂到蒙德源地区20个普通点位；蒙德城与风龙废墟保留专属音乐。范围推定待核实，未逐点确认实际音乐触发，不外推其它独立地区。 所有音乐与点位关系仍待人工复核。","https://wiki.biligame.com/ys/%E9%A3%8E%E4%B8%8E%E7%89%A7%E6%AD%8C%E4%B9%8B%E5%9F%8E"
"city-winds:1481392436:115467","netease:1481392436","平原的低语","kongying:115467","传送锚点","蒙德","蒙德","（「月之六」版本新增）
【蒙德 明冠山地】

注：「月之六」版本更新后，完成魔神任务【序章 第三幕】「巨龙与自由之歌」后，自动解锁","954.961542835732","-4657.038389543974","蒙德 / 蒙德 / 蒙德野外","region-scope","pending","Wiki出处：蒙德野外-白天；《原神》EP - 悠扬戏风之诗。点位原说明：（「月之六」版本新增）；【蒙德 明冠山地】；；注：「月之六」版本更新后，完成魔神任务【序章 第三幕】「巨龙与自由之歌」后，自动解锁。按用户范围规则，将明确“蒙德野外”的曲目挂到蒙德源地区20个普通点位；蒙德城与风龙废墟保留专属音乐。范围推定待核实，未逐点确认实际音乐触发，不外推其它独立地区。 所有音乐与点位关系仍待人工复核。","https://wiki.biligame.com/ys/%E9%A3%8E%E4%B8%8E%E7%89%A7%E6%AD%8C%E4%B9%8B%E5%9F%8E"
"city-winds:1481392436:6556","netease:1481392436","平原的低语","kongying:6556","七天神像","蒙德","蒙德","【蒙德 风起地】","2218","-3387","蒙德 / 蒙德 / 蒙德野外","region-scope","pending","Wiki出处：蒙德野外-白天；《原神》EP - 悠扬戏风之诗。点位原说明：【蒙德 风起地】。按用户范围规则，将明确“蒙德野外”的曲目挂到蒙德源地区20个普通点位；蒙德城与风龙废墟保留专属音乐。范围推定待核实，未逐点确认实际音乐触发，不外推其它独立地区。 所有音乐与点位关系仍待人工复核。","https://wiki.biligame.com/ys/%E9%A3%8E%E4%B8%8E%E7%89%A7%E6%AD%8C%E4%B9%8B%E5%9F%8E"
"city-winds:1481390644:6557","netease:1481390644","七天神像","kongying:6557","七天神像","蒙德","蒙德","【蒙德 星落湖】","2293","-4244","蒙德 / 蒙德 / 祈愿界面","region-archive","pending","Wiki出处：祈愿界面；《原神》EP - 轻风诉说之事。点位原说明：【蒙德 星落湖】。出处为界面/剧情/活动，可能跨区域，没有精确地图地点；按专辑归属放在蒙德默认星落湖神像归档，不认定在那里实际播放。 所有音乐与点位关系仍待人工复核。","https://wiki.biligame.com/ys/%E9%A3%8E%E4%B8%8E%E7%89%A7%E6%AD%8C%E4%B9%8B%E5%9F%8E"
"city-winds:1481390617:6557","netease:1481390617","命运的初识","kongying:6557","七天神像","蒙德","蒙德","【蒙德 星落湖】","2293","-4244","蒙德 / 蒙德 / 初见神像与神像满级","region-archive","pending","Wiki出处：剧情第一次见神像；七天神像满级。点位原说明：【蒙德 星落湖】。出处为界面/剧情/活动，可能跨区域，没有精确地图地点；按专辑归属放在蒙德默认星落湖神像归档，不认定在那里实际播放。 所有音乐与点位关系仍待人工复核。","https://wiki.biligame.com/ys/%E9%A3%8E%E4%B8%8E%E7%89%A7%E6%AD%8C%E4%B9%8B%E5%9F%8E"
"city-winds:1481390643:6290","netease:1481390643","月亮处盗来的歌","kongying:6290","传送锚点","蒙德","蒙德","【蒙德 坠星山谷】","2568.5660610573","-3457.1337743964","蒙德 / 蒙德 / 蒙德野外","region-scope","pending","Wiki出处：蒙德野外-夜间。点位原说明：【蒙德 坠星山谷】。按用户范围规则，将明确“蒙德野外”的曲目挂到蒙德源地区20个普通点位；蒙德城与风龙废墟保留专属音乐。范围推定待核实，未逐点确认实际音乐触发，不外推其它独立地区。 所有音乐与点位关系仍待人工复核。","https://wiki.biligame.com/ys/%E9%A3%8E%E4%B8%8E%E7%89%A7%E6%AD%8C%E4%B9%8B%E5%9F%8E"
"city-winds:1481390643:6292","netease:1481390643","月亮处盗来的歌","kongying:6292","传送锚点","蒙德","蒙德","【蒙德 摘星崖】","2540.3336677791","-3883.6666717529","蒙德 / 蒙德 / 蒙德野外","region-scope","pending","Wiki出处：蒙德野外-夜间。点位原说明：【蒙德 摘星崖】。按用户范围规则，将明确“蒙德野外”的曲目挂到蒙德源地区20个普通点位；蒙德城与风龙废墟保留专属音乐。范围推定待核实，未逐点确认实际音乐触发，不外推其它独立地区。 所有音乐与点位关系仍待人工复核。","https://wiki.biligame.com/ys/%E9%A3%8E%E4%B8%8E%E7%89%A7%E6%AD%8C%E4%B9%8B%E5%9F%8E"
"city-winds:1481390643:6295","netease:1481390643","月亮处盗来的歌","kongying:6295","传送锚点","蒙德","蒙德","【蒙德 海岸到嘹望台】","2711.8336677791","-4398.3333435059","蒙德 / 蒙德 / 蒙德野外","region-scope","pending","Wiki出处：蒙德野外-夜间。点位原说明：【蒙德 海岸到嘹望台】。按用户范围规则，将明确“蒙德野外”的曲目挂到蒙德源地区20个普通点位；蒙德城与风龙废墟保留专属音乐。范围推定待核实，未逐点确认实际音乐触发，不外推其它独立地区。 所有音乐与点位关系仍待人工复核。","https://wiki.biligame.com/ys/%E9%A3%8E%E4%B8%8E%E7%89%A7%E6%AD%8C%E4%B9%8B%E5%9F%8E"
"city-winds:1481390643:6557","netease:1481390643","月亮处盗来的歌","kongying:6557","七天神像","蒙德","蒙德","【蒙德 星落湖】","2293","-4244","蒙德 / 蒙德 / 蒙德野外","region-scope","pending","Wiki出处：蒙德野外-夜间。点位原说明：【蒙德 星落湖】。按用户范围规则，将明确“蒙德野外”的曲目挂到蒙德源地区20个普通点位；蒙德城与风龙废墟保留专属音乐。范围推定待核实，未逐点确认实际音乐触发，不外推其它独立地区。 所有音乐与点位关系仍待人工复核。","https://wiki.biligame.com/ys/%E9%A3%8E%E4%B8%8E%E7%89%A7%E6%AD%8C%E4%B9%8B%E5%9F%8E"
"city-winds:1481390643:6289","netease:1481390643","月亮处盗来的歌","kongying:6289","传送锚点","蒙德","蒙德","【蒙德 誓言岬】","3199.3316836234","-2744.2115340797","蒙德 / 蒙德 / 蒙德野外","region-scope","pending","Wiki出处：蒙德野外-夜间。点位原说明：【蒙德 誓言岬】。按用户范围规则，将明确“蒙德野外”的曲目挂到蒙德源地区20个普通点位；蒙德城与风龙废墟保留专属音乐。范围推定待核实，未逐点确认实际音乐触发，不外推其它独立地区。 所有音乐与点位关系仍待人工复核。","https://wiki.biligame.com/ys/%E9%A3%8E%E4%B8%8E%E7%89%A7%E6%AD%8C%E4%B9%8B%E5%9F%8E"
"city-winds:1481390643:6284","netease:1481390643","月亮处盗来的歌","kongying:6284","传送锚点","蒙德","蒙德","【蒙德 苍风高地】","1226.9417838044","-3730.38146687","蒙德 / 蒙德 / 蒙德野外","region-scope","pending","Wiki出处：蒙德野外-夜间。点位原说明：【蒙德 苍风高地】。按用户范围规则，将明确“蒙德野外”的曲目挂到蒙德源地区20个普通点位；蒙德城与风龙废墟保留专属音乐。范围推定待核实，未逐点确认实际音乐触发，不外推其它独立地区。 所有音乐与点位关系仍待人工复核。","https://wiki.biligame.com/ys/%E9%A3%8E%E4%B8%8E%E7%89%A7%E6%AD%8C%E4%B9%8B%E5%9F%8E"
"city-winds:1481390643:6555","netease:1481390643","月亮处盗来的歌","kongying:6555","七天神像","蒙德","蒙德","【蒙德 苍风高地】
击败附近的【狂风之核】可解除【狂风屏障】并激活。","1295","-3297.8333435059","蒙德 / 蒙德 / 蒙德野外","region-scope","pending","Wiki出处：蒙德野外-夜间。点位原说明：【蒙德 苍风高地】；击败附近的【狂风之核】可解除【狂风屏障】并激活。。按用户范围规则，将明确“蒙德野外”的曲目挂到蒙德源地区20个普通点位；蒙德城与风龙废墟保留专属音乐。范围推定待核实，未逐点确认实际音乐触发，不外推其它独立地区。 所有音乐与点位关系仍待人工复核。","https://wiki.biligame.com/ys/%E9%A3%8E%E4%B8%8E%E7%89%A7%E6%AD%8C%E4%B9%8B%E5%9F%8E"
"city-winds:1481390643:7290","netease:1481390643","月亮处盗来的歌","kongying:7290","传送锚点","蒙德","蒙德","【蒙德 苍风高地】","2037.5834085960996","-2950.8350506112","蒙德 / 蒙德 / 蒙德野外","region-scope","pending","Wiki出处：蒙德野外-夜间。点位原说明：【蒙德 苍风高地】。按用户范围规则，将明确“蒙德野外”的曲目挂到蒙德源地区20个普通点位；蒙德城与风龙废墟保留专属音乐。范围推定待核实，未逐点确认实际音乐触发，不外推其它独立地区。 所有音乐与点位关系仍待人工复核。","https://wiki.biligame.com/ys/%E9%A3%8E%E4%B8%8E%E7%89%A7%E6%AD%8C%E4%B9%8B%E5%9F%8E"
"city-winds:1481390643:6286","netease:1481390643","月亮处盗来的歌","kongying:6286","传送锚点","蒙德","蒙德","【蒙德 清泉镇】","1689.178006025","-3482.2398053092","蒙德 / 蒙德 / 蒙德野外","region-scope","pending","Wiki出处：蒙德野外-夜间。点位原说明：【蒙德 清泉镇】。按用户范围规则，将明确“蒙德野外”的曲目挂到蒙德源地区20个普通点位；蒙德城与风龙废墟保留专属音乐。范围推定待核实，未逐点确认实际音乐触发，不外推其它独立地区。 所有音乐与点位关系仍待人工复核。","https://wiki.biligame.com/ys/%E9%A3%8E%E4%B8%8E%E7%89%A7%E6%AD%8C%E4%B9%8B%E5%9F%8E"
"city-winds:1481390643:6285","netease:1481390643","月亮处盗来的歌","kongying:6285","传送锚点","蒙德","蒙德","【蒙德 苍风高地】","800.33069395251","-3309.4839928473","蒙德 / 蒙德 / 蒙德野外","region-scope","pending","Wiki出处：蒙德野外-夜间。点位原说明：【蒙德 苍风高地】。按用户范围规则，将明确“蒙德野外”的曲目挂到蒙德源地区20个普通点位；蒙德城与风龙废墟保留专属音乐。范围推定待核实，未逐点确认实际音乐触发，不外推其它独立地区。 所有音乐与点位关系仍待人工复核。","https://wiki.biligame.com/ys/%E9%A3%8E%E4%B8%8E%E7%89%A7%E6%AD%8C%E4%B9%8B%E5%9F%8E"
"city-winds:1481390643:6282","netease:1481390643","月亮处盗来的歌","kongying:6282","传送锚点","蒙德","蒙德","【蒙德 明冠山地】","479.70576116829","-3994.650456529","蒙德 / 蒙德 / 蒙德野外","region-scope","pending","Wiki出处：蒙德野外-夜间。点位原说明：【蒙德 明冠山地】。按用户范围规则，将明确“蒙德野外”的曲目挂到蒙德源地区20个普通点位；蒙德城与风龙废墟保留专属音乐。范围推定待核实，未逐点确认实际音乐触发，不外推其它独立地区。 所有音乐与点位关系仍待人工复核。","https://wiki.biligame.com/ys/%E9%A3%8E%E4%B8%8E%E7%89%A7%E6%AD%8C%E4%B9%8B%E5%9F%8E"
"city-winds:1481390643:6283","netease:1481390643","月亮处盗来的歌","kongying:6283","传送锚点","蒙德","蒙德","【蒙德 苍风高地】","1040.6326901073","-3884.3439744663","蒙德 / 蒙德 / 蒙德野外","region-scope","pending","Wiki出处：蒙德野外-夜间。点位原说明：【蒙德 苍风高地】。按用户范围规则，将明确“蒙德野外”的曲目挂到蒙德源地区20个普通点位；蒙德城与风龙废墟保留专属音乐。范围推定待核实，未逐点确认实际音乐触发，不外推其它独立地区。 所有音乐与点位关系仍待人工复核。","https://wiki.biligame.com/ys/%E9%A3%8E%E4%B8%8E%E7%89%A7%E6%AD%8C%E4%B9%8B%E5%9F%8E"
"city-winds:1481390643:6287","netease:1481390643","月亮处盗来的歌","kongying:6287","传送锚点","蒙德","蒙德","【蒙德 清泉镇】","1746","-3211.6666564941","蒙德 / 蒙德 / 蒙德野外","region-scope","pending","Wiki出处：蒙德野外-夜间。点位原说明：【蒙德 清泉镇】。按用户范围规则，将明确“蒙德野外”的曲目挂到蒙德源地区20个普通点位；蒙德城与风龙废墟保留专属音乐。范围推定待核实，未逐点确认实际音乐触发，不外推其它独立地区。 所有音乐与点位关系仍待人工复核。","https://wiki.biligame.com/ys/%E9%A3%8E%E4%B8%8E%E7%89%A7%E6%AD%8C%E4%B9%8B%E5%9F%8E"
"city-winds:1481390643:6288","netease:1481390643","月亮处盗来的歌","kongying:6288","传送锚点","蒙德","蒙德","【蒙德 达达乌帕谷】","2444.4300645305","-2771.0383143056","蒙德 / 蒙德 / 蒙德野外","region-scope","pending","Wiki出处：蒙德野外-夜间。点位原说明：【蒙德 达达乌帕谷】。按用户范围规则，将明确“蒙德野外”的曲目挂到蒙德源地区20个普通点位；蒙德城与风龙废墟保留专属音乐。范围推定待核实，未逐点确认实际音乐触发，不外推其它独立地区。 所有音乐与点位关系仍待人工复核。","https://wiki.biligame.com/ys/%E9%A3%8E%E4%B8%8E%E7%89%A7%E6%AD%8C%E4%B9%8B%E5%9F%8E"
"city-winds:1481390643:6291","netease:1481390643","月亮处盗来的歌","kongying:6291","传送锚点","蒙德","蒙德","【蒙德 坠星山谷】","2023.831645842","-3751.6666717529","蒙德 / 蒙德 / 蒙德野外","region-scope","pending","Wiki出处：蒙德野外-夜间。点位原说明：【蒙德 坠星山谷】。按用户范围规则，将明确“蒙德野外”的曲目挂到蒙德源地区20个普通点位；蒙德城与风龙废墟保留专属音乐。范围推定待核实，未逐点确认实际音乐触发，不外推其它独立地区。 所有音乐与点位关系仍待人工复核。","https://wiki.biligame.com/ys/%E9%A3%8E%E4%B8%8E%E7%89%A7%E6%AD%8C%E4%B9%8B%E5%9F%8E"
"city-winds:1481390643:6294","netease:1481390643","月亮处盗来的歌","kongying:6294","传送锚点","蒙德","蒙德","【蒙德 望风山地】","2699.6673508208","-4596.6666717529","蒙德 / 蒙德 / 蒙德野外","region-scope","pending","Wiki出处：蒙德野外-夜间。点位原说明：【蒙德 望风山地】。按用户范围规则，将明确“蒙德野外”的曲目挂到蒙德源地区20个普通点位；蒙德城与风龙废墟保留专属音乐。范围推定待核实，未逐点确认实际音乐触发，不外推其它独立地区。 所有音乐与点位关系仍待人工复核。","https://wiki.biligame.com/ys/%E9%A3%8E%E4%B8%8E%E7%89%A7%E6%AD%8C%E4%B9%8B%E5%9F%8E"
"city-winds:1481390643:7298","netease:1481390643","月亮处盗来的歌","kongying:7298","传送锚点","蒙德","蒙德","【蒙德 明冠山地】","1107.8334085961","-4265.1667784342","蒙德 / 蒙德 / 蒙德野外","region-scope","pending","Wiki出处：蒙德野外-夜间。点位原说明：【蒙德 明冠山地】。按用户范围规则，将明确“蒙德野外”的曲目挂到蒙德源地区20个普通点位；蒙德城与风龙废墟保留专属音乐。范围推定待核实，未逐点确认实际音乐触发，不外推其它独立地区。 所有音乐与点位关系仍待人工复核。","https://wiki.biligame.com/ys/%E9%A3%8E%E4%B8%8E%E7%89%A7%E6%AD%8C%E4%B9%8B%E5%9F%8E"
"city-winds:1481390643:6293","netease:1481390643","月亮处盗来的歌","kongying:6293","传送锚点","蒙德","蒙德","【蒙德 望风山地】","2223.1673355581","-4452.8333282471","蒙德 / 蒙德 / 蒙德野外","region-scope","pending","Wiki出处：蒙德野外-夜间。点位原说明：【蒙德 望风山地】。按用户范围规则，将明确“蒙德野外”的曲目挂到蒙德源地区20个普通点位；蒙德城与风龙废墟保留专属音乐。范围推定待核实，未逐点确认实际音乐触发，不外推其它独立地区。 所有音乐与点位关系仍待人工复核。","https://wiki.biligame.com/ys/%E9%A3%8E%E4%B8%8E%E7%89%A7%E6%AD%8C%E4%B9%8B%E5%9F%8E"
"city-winds:1481390643:115467","netease:1481390643","月亮处盗来的歌","kongying:115467","传送锚点","蒙德","蒙德","（「月之六」版本新增）
【蒙德 明冠山地】

注：「月之六」版本更新后，完成魔神任务【序章 第三幕】「巨龙与自由之歌」后，自动解锁","954.961542835732","-4657.038389543974","蒙德 / 蒙德 / 蒙德野外","region-scope","pending","Wiki出处：蒙德野外-夜间。点位原说明：（「月之六」版本新增）；【蒙德 明冠山地】；；注：「月之六」版本更新后，完成魔神任务【序章 第三幕】「巨龙与自由之歌」后，自动解锁。按用户范围规则，将明确“蒙德野外”的曲目挂到蒙德源地区20个普通点位；蒙德城与风龙废墟保留专属音乐。范围推定待核实，未逐点确认实际音乐触发，不外推其它独立地区。 所有音乐与点位关系仍待人工复核。","https://wiki.biligame.com/ys/%E9%A3%8E%E4%B8%8E%E7%89%A7%E6%AD%8C%E4%B9%8B%E5%9F%8E"
"city-winds:1481390643:6556","netease:1481390643","月亮处盗来的歌","kongying:6556","七天神像","蒙德","蒙德","【蒙德 风起地】","2218","-3387","蒙德 / 蒙德 / 蒙德野外","region-scope","pending","Wiki出处：蒙德野外-夜间。点位原说明：【蒙德 风起地】。按用户范围规则，将明确“蒙德野外”的曲目挂到蒙德源地区20个普通点位；蒙德城与风龙废墟保留专属音乐。范围推定待核实，未逐点确认实际音乐触发，不外推其它独立地区。 所有音乐与点位关系仍待人工复核。","https://wiki.biligame.com/ys/%E9%A3%8E%E4%B8%8E%E7%89%A7%E6%AD%8C%E4%B9%8B%E5%9F%8E"
"city-winds:1481390642:6290","netease:1481390642","旅人的暂歇","kongying:6290","传送锚点","蒙德","蒙德","【蒙德 坠星山谷】","2568.5660610573","-3457.1337743964","蒙德 / 蒙德 / 蒙德野外","region-scope","pending","Wiki出处：蒙德野外-白天；《原神》EP - 冰涛骇浪之憩。点位原说明：【蒙德 坠星山谷】。按用户范围规则，将明确“蒙德野外”的曲目挂到蒙德源地区20个普通点位；蒙德城与风龙废墟保留专属音乐。范围推定待核实，未逐点确认实际音乐触发，不外推其它独立地区。 所有音乐与点位关系仍待人工复核。","https://wiki.biligame.com/ys/%E9%A3%8E%E4%B8%8E%E7%89%A7%E6%AD%8C%E4%B9%8B%E5%9F%8E"
"city-winds:1481390642:6292","netease:1481390642","旅人的暂歇","kongying:6292","传送锚点","蒙德","蒙德","【蒙德 摘星崖】","2540.3336677791","-3883.6666717529","蒙德 / 蒙德 / 蒙德野外","region-scope","pending","Wiki出处：蒙德野外-白天；《原神》EP - 冰涛骇浪之憩。点位原说明：【蒙德 摘星崖】。按用户范围规则，将明确“蒙德野外”的曲目挂到蒙德源地区20个普通点位；蒙德城与风龙废墟保留专属音乐。范围推定待核实，未逐点确认实际音乐触发，不外推其它独立地区。 所有音乐与点位关系仍待人工复核。","https://wiki.biligame.com/ys/%E9%A3%8E%E4%B8%8E%E7%89%A7%E6%AD%8C%E4%B9%8B%E5%9F%8E"
"city-winds:1481390642:6295","netease:1481390642","旅人的暂歇","kongying:6295","传送锚点","蒙德","蒙德","【蒙德 海岸到嘹望台】","2711.8336677791","-4398.3333435059","蒙德 / 蒙德 / 蒙德野外","region-scope","pending","Wiki出处：蒙德野外-白天；《原神》EP - 冰涛骇浪之憩。点位原说明：【蒙德 海岸到嘹望台】。按用户范围规则，将明确“蒙德野外”的曲目挂到蒙德源地区20个普通点位；蒙德城与风龙废墟保留专属音乐。范围推定待核实，未逐点确认实际音乐触发，不外推其它独立地区。 所有音乐与点位关系仍待人工复核。","https://wiki.biligame.com/ys/%E9%A3%8E%E4%B8%8E%E7%89%A7%E6%AD%8C%E4%B9%8B%E5%9F%8E"
"city-winds:1481390642:6557","netease:1481390642","旅人的暂歇","kongying:6557","七天神像","蒙德","蒙德","【蒙德 星落湖】","2293","-4244","蒙德 / 蒙德 / 蒙德野外","region-scope","pending","Wiki出处：蒙德野外-白天；《原神》EP - 冰涛骇浪之憩。点位原说明：【蒙德 星落湖】。按用户范围规则，将明确“蒙德野外”的曲目挂到蒙德源地区20个普通点位；蒙德城与风龙废墟保留专属音乐。范围推定待核实，未逐点确认实际音乐触发，不外推其它独立地区。 所有音乐与点位关系仍待人工复核。","https://wiki.biligame.com/ys/%E9%A3%8E%E4%B8%8E%E7%89%A7%E6%AD%8C%E4%B9%8B%E5%9F%8E"
"city-winds:1481390642:6289","netease:1481390642","旅人的暂歇","kongying:6289","传送锚点","蒙德","蒙德","【蒙德 誓言岬】","3199.3316836234","-2744.2115340797","蒙德 / 蒙德 / 蒙德野外","region-scope","pending","Wiki出处：蒙德野外-白天；《原神》EP - 冰涛骇浪之憩。点位原说明：【蒙德 誓言岬】。按用户范围规则，将明确“蒙德野外”的曲目挂到蒙德源地区20个普通点位；蒙德城与风龙废墟保留专属音乐。范围推定待核实，未逐点确认实际音乐触发，不外推其它独立地区。 所有音乐与点位关系仍待人工复核。","https://wiki.biligame.com/ys/%E9%A3%8E%E4%B8%8E%E7%89%A7%E6%AD%8C%E4%B9%8B%E5%9F%8E"
"city-winds:1481390642:6284","netease:1481390642","旅人的暂歇","kongying:6284","传送锚点","蒙德","蒙德","【蒙德 苍风高地】","1226.9417838044","-3730.38146687","蒙德 / 蒙德 / 蒙德野外","region-scope","pending","Wiki出处：蒙德野外-白天；《原神》EP - 冰涛骇浪之憩。点位原说明：【蒙德 苍风高地】。按用户范围规则，将明确“蒙德野外”的曲目挂到蒙德源地区20个普通点位；蒙德城与风龙废墟保留专属音乐。范围推定待核实，未逐点确认实际音乐触发，不外推其它独立地区。 所有音乐与点位关系仍待人工复核。","https://wiki.biligame.com/ys/%E9%A3%8E%E4%B8%8E%E7%89%A7%E6%AD%8C%E4%B9%8B%E5%9F%8E"
"city-winds:1481390642:6555","netease:1481390642","旅人的暂歇","kongying:6555","七天神像","蒙德","蒙德","【蒙德 苍风高地】
击败附近的【狂风之核】可解除【狂风屏障】并激活。","1295","-3297.8333435059","蒙德 / 蒙德 / 蒙德野外","region-scope","pending","Wiki出处：蒙德野外-白天；《原神》EP - 冰涛骇浪之憩。点位原说明：【蒙德 苍风高地】；击败附近的【狂风之核】可解除【狂风屏障】并激活。。按用户范围规则，将明确“蒙德野外”的曲目挂到蒙德源地区20个普通点位；蒙德城与风龙废墟保留专属音乐。范围推定待核实，未逐点确认实际音乐触发，不外推其它独立地区。 所有音乐与点位关系仍待人工复核。","https://wiki.biligame.com/ys/%E9%A3%8E%E4%B8%8E%E7%89%A7%E6%AD%8C%E4%B9%8B%E5%9F%8E"
"city-winds:1481390642:7290","netease:1481390642","旅人的暂歇","kongying:7290","传送锚点","蒙德","蒙德","【蒙德 苍风高地】","2037.5834085960996","-2950.8350506112","蒙德 / 蒙德 / 蒙德野外","region-scope","pending","Wiki出处：蒙德野外-白天；《原神》EP - 冰涛骇浪之憩。点位原说明：【蒙德 苍风高地】。按用户范围规则，将明确“蒙德野外”的曲目挂到蒙德源地区20个普通点位；蒙德城与风龙废墟保留专属音乐。范围推定待核实，未逐点确认实际音乐触发，不外推其它独立地区。 所有音乐与点位关系仍待人工复核。","https://wiki.biligame.com/ys/%E9%A3%8E%E4%B8%8E%E7%89%A7%E6%AD%8C%E4%B9%8B%E5%9F%8E"
"city-winds:1481390642:6286","netease:1481390642","旅人的暂歇","kongying:6286","传送锚点","蒙德","蒙德","【蒙德 清泉镇】","1689.178006025","-3482.2398053092","蒙德 / 蒙德 / 蒙德野外","region-scope","pending","Wiki出处：蒙德野外-白天；《原神》EP - 冰涛骇浪之憩。点位原说明：【蒙德 清泉镇】。按用户范围规则，将明确“蒙德野外”的曲目挂到蒙德源地区20个普通点位；蒙德城与风龙废墟保留专属音乐。范围推定待核实，未逐点确认实际音乐触发，不外推其它独立地区。 所有音乐与点位关系仍待人工复核。","https://wiki.biligame.com/ys/%E9%A3%8E%E4%B8%8E%E7%89%A7%E6%AD%8C%E4%B9%8B%E5%9F%8E"
"city-winds:1481390642:6285","netease:1481390642","旅人的暂歇","kongying:6285","传送锚点","蒙德","蒙德","【蒙德 苍风高地】","800.33069395251","-3309.4839928473","蒙德 / 蒙德 / 蒙德野外","region-scope","pending","Wiki出处：蒙德野外-白天；《原神》EP - 冰涛骇浪之憩。点位原说明：【蒙德 苍风高地】。按用户范围规则，将明确“蒙德野外”的曲目挂到蒙德源地区20个普通点位；蒙德城与风龙废墟保留专属音乐。范围推定待核实，未逐点确认实际音乐触发，不外推其它独立地区。 所有音乐与点位关系仍待人工复核。","https://wiki.biligame.com/ys/%E9%A3%8E%E4%B8%8E%E7%89%A7%E6%AD%8C%E4%B9%8B%E5%9F%8E"
"city-winds:1481390642:6282","netease:1481390642","旅人的暂歇","kongying:6282","传送锚点","蒙德","蒙德","【蒙德 明冠山地】","479.70576116829","-3994.650456529","蒙德 / 蒙德 / 蒙德野外","region-scope","pending","Wiki出处：蒙德野外-白天；《原神》EP - 冰涛骇浪之憩。点位原说明：【蒙德 明冠山地】。按用户范围规则，将明确“蒙德野外”的曲目挂到蒙德源地区20个普通点位；蒙德城与风龙废墟保留专属音乐。范围推定待核实，未逐点确认实际音乐触发，不外推其它独立地区。 所有音乐与点位关系仍待人工复核。","https://wiki.biligame.com/ys/%E9%A3%8E%E4%B8%8E%E7%89%A7%E6%AD%8C%E4%B9%8B%E5%9F%8E"
"city-winds:1481390642:6283","netease:1481390642","旅人的暂歇","kongying:6283","传送锚点","蒙德","蒙德","【蒙德 苍风高地】","1040.6326901073","-3884.3439744663","蒙德 / 蒙德 / 蒙德野外","region-scope","pending","Wiki出处：蒙德野外-白天；《原神》EP - 冰涛骇浪之憩。点位原说明：【蒙德 苍风高地】。按用户范围规则，将明确“蒙德野外”的曲目挂到蒙德源地区20个普通点位；蒙德城与风龙废墟保留专属音乐。范围推定待核实，未逐点确认实际音乐触发，不外推其它独立地区。 所有音乐与点位关系仍待人工复核。","https://wiki.biligame.com/ys/%E9%A3%8E%E4%B8%8E%E7%89%A7%E6%AD%8C%E4%B9%8B%E5%9F%8E"
"city-winds:1481390642:6287","netease:1481390642","旅人的暂歇","kongying:6287","传送锚点","蒙德","蒙德","【蒙德 清泉镇】","1746","-3211.6666564941","蒙德 / 蒙德 / 蒙德野外","region-scope","pending","Wiki出处：蒙德野外-白天；《原神》EP - 冰涛骇浪之憩。点位原说明：【蒙德 清泉镇】。按用户范围规则，将明确“蒙德野外”的曲目挂到蒙德源地区20个普通点位；蒙德城与风龙废墟保留专属音乐。范围推定待核实，未逐点确认实际音乐触发，不外推其它独立地区。 所有音乐与点位关系仍待人工复核。","https://wiki.biligame.com/ys/%E9%A3%8E%E4%B8%8E%E7%89%A7%E6%AD%8C%E4%B9%8B%E5%9F%8E"
"city-winds:1481390642:6288","netease:1481390642","旅人的暂歇","kongying:6288","传送锚点","蒙德","蒙德","【蒙德 达达乌帕谷】","2444.4300645305","-2771.0383143056","蒙德 / 蒙德 / 蒙德野外","region-scope","pending","Wiki出处：蒙德野外-白天；《原神》EP - 冰涛骇浪之憩。点位原说明：【蒙德 达达乌帕谷】。按用户范围规则，将明确“蒙德野外”的曲目挂到蒙德源地区20个普通点位；蒙德城与风龙废墟保留专属音乐。范围推定待核实，未逐点确认实际音乐触发，不外推其它独立地区。 所有音乐与点位关系仍待人工复核。","https://wiki.biligame.com/ys/%E9%A3%8E%E4%B8%8E%E7%89%A7%E6%AD%8C%E4%B9%8B%E5%9F%8E"
"city-winds:1481390642:6291","netease:1481390642","旅人的暂歇","kongying:6291","传送锚点","蒙德","蒙德","【蒙德 坠星山谷】","2023.831645842","-3751.6666717529","蒙德 / 蒙德 / 蒙德野外","region-scope","pending","Wiki出处：蒙德野外-白天；《原神》EP - 冰涛骇浪之憩。点位原说明：【蒙德 坠星山谷】。按用户范围规则，将明确“蒙德野外”的曲目挂到蒙德源地区20个普通点位；蒙德城与风龙废墟保留专属音乐。范围推定待核实，未逐点确认实际音乐触发，不外推其它独立地区。 所有音乐与点位关系仍待人工复核。","https://wiki.biligame.com/ys/%E9%A3%8E%E4%B8%8E%E7%89%A7%E6%AD%8C%E4%B9%8B%E5%9F%8E"
"city-winds:1481390642:6294","netease:1481390642","旅人的暂歇","kongying:6294","传送锚点","蒙德","蒙德","【蒙德 望风山地】","2699.6673508208","-4596.6666717529","蒙德 / 蒙德 / 蒙德野外","region-scope","pending","Wiki出处：蒙德野外-白天；《原神》EP - 冰涛骇浪之憩。点位原说明：【蒙德 望风山地】。按用户范围规则，将明确“蒙德野外”的曲目挂到蒙德源地区20个普通点位；蒙德城与风龙废墟保留专属音乐。范围推定待核实，未逐点确认实际音乐触发，不外推其它独立地区。 所有音乐与点位关系仍待人工复核。","https://wiki.biligame.com/ys/%E9%A3%8E%E4%B8%8E%E7%89%A7%E6%AD%8C%E4%B9%8B%E5%9F%8E"
"city-winds:1481390642:7298","netease:1481390642","旅人的暂歇","kongying:7298","传送锚点","蒙德","蒙德","【蒙德 明冠山地】","1107.8334085961","-4265.1667784342","蒙德 / 蒙德 / 蒙德野外","region-scope","pending","Wiki出处：蒙德野外-白天；《原神》EP - 冰涛骇浪之憩。点位原说明：【蒙德 明冠山地】。按用户范围规则，将明确“蒙德野外”的曲目挂到蒙德源地区20个普通点位；蒙德城与风龙废墟保留专属音乐。范围推定待核实，未逐点确认实际音乐触发，不外推其它独立地区。 所有音乐与点位关系仍待人工复核。","https://wiki.biligame.com/ys/%E9%A3%8E%E4%B8%8E%E7%89%A7%E6%AD%8C%E4%B9%8B%E5%9F%8E"
"city-winds:1481390642:6293","netease:1481390642","旅人的暂歇","kongying:6293","传送锚点","蒙德","蒙德","【蒙德 望风山地】","2223.1673355581","-4452.8333282471","蒙德 / 蒙德 / 蒙德野外","region-scope","pending","Wiki出处：蒙德野外-白天；《原神》EP - 冰涛骇浪之憩。点位原说明：【蒙德 望风山地】。按用户范围规则，将明确“蒙德野外”的曲目挂到蒙德源地区20个普通点位；蒙德城与风龙废墟保留专属音乐。范围推定待核实，未逐点确认实际音乐触发，不外推其它独立地区。 所有音乐与点位关系仍待人工复核。","https://wiki.biligame.com/ys/%E9%A3%8E%E4%B8%8E%E7%89%A7%E6%AD%8C%E4%B9%8B%E5%9F%8E"
"city-winds:1481390642:115467","netease:1481390642","旅人的暂歇","kongying:115467","传送锚点","蒙德","蒙德","（「月之六」版本新增）
【蒙德 明冠山地】

注：「月之六」版本更新后，完成魔神任务【序章 第三幕】「巨龙与自由之歌」后，自动解锁","954.961542835732","-4657.038389543974","蒙德 / 蒙德 / 蒙德野外","region-scope","pending","Wiki出处：蒙德野外-白天；《原神》EP - 冰涛骇浪之憩。点位原说明：（「月之六」版本新增）；【蒙德 明冠山地】；；注：「月之六」版本更新后，完成魔神任务【序章 第三幕】「巨龙与自由之歌」后，自动解锁。按用户范围规则，将明确“蒙德野外”的曲目挂到蒙德源地区20个普通点位；蒙德城与风龙废墟保留专属音乐。范围推定待核实，未逐点确认实际音乐触发，不外推其它独立地区。 所有音乐与点位关系仍待人工复核。","https://wiki.biligame.com/ys/%E9%A3%8E%E4%B8%8E%E7%89%A7%E6%AD%8C%E4%B9%8B%E5%9F%8E"
"city-winds:1481390642:6556","netease:1481390642","旅人的暂歇","kongying:6556","七天神像","蒙德","蒙德","【蒙德 风起地】","2218","-3387","蒙德 / 蒙德 / 蒙德野外","region-scope","pending","Wiki出处：蒙德野外-白天；《原神》EP - 冰涛骇浪之憩。点位原说明：【蒙德 风起地】。按用户范围规则，将明确“蒙德野外”的曲目挂到蒙德源地区20个普通点位；蒙德城与风龙废墟保留专属音乐。范围推定待核实，未逐点确认实际音乐触发，不外推其它独立地区。 所有音乐与点位关系仍待人工复核。","https://wiki.biligame.com/ys/%E9%A3%8E%E4%B8%8E%E7%89%A7%E6%AD%8C%E4%B9%8B%E5%9F%8E"
"city-winds:1481392439:6290","netease:1481392439","风洗的群山","kongying:6290","传送锚点","蒙德","蒙德","【蒙德 坠星山谷】","2568.5660610573","-3457.1337743964","蒙德 / 蒙德 / 蒙德野外","region-scope","pending","Wiki出处：蒙德野外-白天。点位原说明：【蒙德 坠星山谷】。按用户范围规则，将明确“蒙德野外”的曲目挂到蒙德源地区20个普通点位；蒙德城与风龙废墟保留专属音乐。范围推定待核实，未逐点确认实际音乐触发，不外推其它独立地区。 所有音乐与点位关系仍待人工复核。","https://wiki.biligame.com/ys/%E9%A3%8E%E4%B8%8E%E7%89%A7%E6%AD%8C%E4%B9%8B%E5%9F%8E"
"city-winds:1481392439:6292","netease:1481392439","风洗的群山","kongying:6292","传送锚点","蒙德","蒙德","【蒙德 摘星崖】","2540.3336677791","-3883.6666717529","蒙德 / 蒙德 / 蒙德野外","region-scope","pending","Wiki出处：蒙德野外-白天。点位原说明：【蒙德 摘星崖】。按用户范围规则，将明确“蒙德野外”的曲目挂到蒙德源地区20个普通点位；蒙德城与风龙废墟保留专属音乐。范围推定待核实，未逐点确认实际音乐触发，不外推其它独立地区。 所有音乐与点位关系仍待人工复核。","https://wiki.biligame.com/ys/%E9%A3%8E%E4%B8%8E%E7%89%A7%E6%AD%8C%E4%B9%8B%E5%9F%8E"
"city-winds:1481392439:6295","netease:1481392439","风洗的群山","kongying:6295","传送锚点","蒙德","蒙德","【蒙德 海岸到嘹望台】","2711.8336677791","-4398.3333435059","蒙德 / 蒙德 / 蒙德野外","region-scope","pending","Wiki出处：蒙德野外-白天。点位原说明：【蒙德 海岸到嘹望台】。按用户范围规则，将明确“蒙德野外”的曲目挂到蒙德源地区20个普通点位；蒙德城与风龙废墟保留专属音乐。范围推定待核实，未逐点确认实际音乐触发，不外推其它独立地区。 所有音乐与点位关系仍待人工复核。","https://wiki.biligame.com/ys/%E9%A3%8E%E4%B8%8E%E7%89%A7%E6%AD%8C%E4%B9%8B%E5%9F%8E"
"city-winds:1481392439:6557","netease:1481392439","风洗的群山","kongying:6557","七天神像","蒙德","蒙德","【蒙德 星落湖】","2293","-4244","蒙德 / 蒙德 / 蒙德野外","region-scope","pending","Wiki出处：蒙德野外-白天。点位原说明：【蒙德 星落湖】。按用户范围规则，将明确“蒙德野外”的曲目挂到蒙德源地区20个普通点位；蒙德城与风龙废墟保留专属音乐。范围推定待核实，未逐点确认实际音乐触发，不外推其它独立地区。 所有音乐与点位关系仍待人工复核。","https://wiki.biligame.com/ys/%E9%A3%8E%E4%B8%8E%E7%89%A7%E6%AD%8C%E4%B9%8B%E5%9F%8E"
"city-winds:1481392439:6289","netease:1481392439","风洗的群山","kongying:6289","传送锚点","蒙德","蒙德","【蒙德 誓言岬】","3199.3316836234","-2744.2115340797","蒙德 / 蒙德 / 蒙德野外","region-scope","pending","Wiki出处：蒙德野外-白天。点位原说明：【蒙德 誓言岬】。按用户范围规则，将明确“蒙德野外”的曲目挂到蒙德源地区20个普通点位；蒙德城与风龙废墟保留专属音乐。范围推定待核实，未逐点确认实际音乐触发，不外推其它独立地区。 所有音乐与点位关系仍待人工复核。","https://wiki.biligame.com/ys/%E9%A3%8E%E4%B8%8E%E7%89%A7%E6%AD%8C%E4%B9%8B%E5%9F%8E"
"city-winds:1481392439:6284","netease:1481392439","风洗的群山","kongying:6284","传送锚点","蒙德","蒙德","【蒙德 苍风高地】","1226.9417838044","-3730.38146687","蒙德 / 蒙德 / 蒙德野外","region-scope","pending","Wiki出处：蒙德野外-白天。点位原说明：【蒙德 苍风高地】。按用户范围规则，将明确“蒙德野外”的曲目挂到蒙德源地区20个普通点位；蒙德城与风龙废墟保留专属音乐。范围推定待核实，未逐点确认实际音乐触发，不外推其它独立地区。 所有音乐与点位关系仍待人工复核。","https://wiki.biligame.com/ys/%E9%A3%8E%E4%B8%8E%E7%89%A7%E6%AD%8C%E4%B9%8B%E5%9F%8E"
"city-winds:1481392439:6555","netease:1481392439","风洗的群山","kongying:6555","七天神像","蒙德","蒙德","【蒙德 苍风高地】
击败附近的【狂风之核】可解除【狂风屏障】并激活。","1295","-3297.8333435059","蒙德 / 蒙德 / 蒙德野外","region-scope","pending","Wiki出处：蒙德野外-白天。点位原说明：【蒙德 苍风高地】；击败附近的【狂风之核】可解除【狂风屏障】并激活。。按用户范围规则，将明确“蒙德野外”的曲目挂到蒙德源地区20个普通点位；蒙德城与风龙废墟保留专属音乐。范围推定待核实，未逐点确认实际音乐触发，不外推其它独立地区。 所有音乐与点位关系仍待人工复核。","https://wiki.biligame.com/ys/%E9%A3%8E%E4%B8%8E%E7%89%A7%E6%AD%8C%E4%B9%8B%E5%9F%8E"
"city-winds:1481392439:7290","netease:1481392439","风洗的群山","kongying:7290","传送锚点","蒙德","蒙德","【蒙德 苍风高地】","2037.5834085960996","-2950.8350506112","蒙德 / 蒙德 / 蒙德野外","region-scope","pending","Wiki出处：蒙德野外-白天。点位原说明：【蒙德 苍风高地】。按用户范围规则，将明确“蒙德野外”的曲目挂到蒙德源地区20个普通点位；蒙德城与风龙废墟保留专属音乐。范围推定待核实，未逐点确认实际音乐触发，不外推其它独立地区。 所有音乐与点位关系仍待人工复核。","https://wiki.biligame.com/ys/%E9%A3%8E%E4%B8%8E%E7%89%A7%E6%AD%8C%E4%B9%8B%E5%9F%8E"
"city-winds:1481392439:6286","netease:1481392439","风洗的群山","kongying:6286","传送锚点","蒙德","蒙德","【蒙德 清泉镇】","1689.178006025","-3482.2398053092","蒙德 / 蒙德 / 蒙德野外","region-scope","pending","Wiki出处：蒙德野外-白天。点位原说明：【蒙德 清泉镇】。按用户范围规则，将明确“蒙德野外”的曲目挂到蒙德源地区20个普通点位；蒙德城与风龙废墟保留专属音乐。范围推定待核实，未逐点确认实际音乐触发，不外推其它独立地区。 所有音乐与点位关系仍待人工复核。","https://wiki.biligame.com/ys/%E9%A3%8E%E4%B8%8E%E7%89%A7%E6%AD%8C%E4%B9%8B%E5%9F%8E"
"city-winds:1481392439:6285","netease:1481392439","风洗的群山","kongying:6285","传送锚点","蒙德","蒙德","【蒙德 苍风高地】","800.33069395251","-3309.4839928473","蒙德 / 蒙德 / 蒙德野外","region-scope","pending","Wiki出处：蒙德野外-白天。点位原说明：【蒙德 苍风高地】。按用户范围规则，将明确“蒙德野外”的曲目挂到蒙德源地区20个普通点位；蒙德城与风龙废墟保留专属音乐。范围推定待核实，未逐点确认实际音乐触发，不外推其它独立地区。 所有音乐与点位关系仍待人工复核。","https://wiki.biligame.com/ys/%E9%A3%8E%E4%B8%8E%E7%89%A7%E6%AD%8C%E4%B9%8B%E5%9F%8E"
"city-winds:1481392439:6282","netease:1481392439","风洗的群山","kongying:6282","传送锚点","蒙德","蒙德","【蒙德 明冠山地】","479.70576116829","-3994.650456529","蒙德 / 蒙德 / 蒙德野外","region-scope","pending","Wiki出处：蒙德野外-白天。点位原说明：【蒙德 明冠山地】。按用户范围规则，将明确“蒙德野外”的曲目挂到蒙德源地区20个普通点位；蒙德城与风龙废墟保留专属音乐。范围推定待核实，未逐点确认实际音乐触发，不外推其它独立地区。 所有音乐与点位关系仍待人工复核。","https://wiki.biligame.com/ys/%E9%A3%8E%E4%B8%8E%E7%89%A7%E6%AD%8C%E4%B9%8B%E5%9F%8E"
"city-winds:1481392439:6283","netease:1481392439","风洗的群山","kongying:6283","传送锚点","蒙德","蒙德","【蒙德 苍风高地】","1040.6326901073","-3884.3439744663","蒙德 / 蒙德 / 蒙德野外","region-scope","pending","Wiki出处：蒙德野外-白天。点位原说明：【蒙德 苍风高地】。按用户范围规则，将明确“蒙德野外”的曲目挂到蒙德源地区20个普通点位；蒙德城与风龙废墟保留专属音乐。范围推定待核实，未逐点确认实际音乐触发，不外推其它独立地区。 所有音乐与点位关系仍待人工复核。","https://wiki.biligame.com/ys/%E9%A3%8E%E4%B8%8E%E7%89%A7%E6%AD%8C%E4%B9%8B%E5%9F%8E"
"city-winds:1481392439:6287","netease:1481392439","风洗的群山","kongying:6287","传送锚点","蒙德","蒙德","【蒙德 清泉镇】","1746","-3211.6666564941","蒙德 / 蒙德 / 蒙德野外","region-scope","pending","Wiki出处：蒙德野外-白天。点位原说明：【蒙德 清泉镇】。按用户范围规则，将明确“蒙德野外”的曲目挂到蒙德源地区20个普通点位；蒙德城与风龙废墟保留专属音乐。范围推定待核实，未逐点确认实际音乐触发，不外推其它独立地区。 所有音乐与点位关系仍待人工复核。","https://wiki.biligame.com/ys/%E9%A3%8E%E4%B8%8E%E7%89%A7%E6%AD%8C%E4%B9%8B%E5%9F%8E"
"city-winds:1481392439:6288","netease:1481392439","风洗的群山","kongying:6288","传送锚点","蒙德","蒙德","【蒙德 达达乌帕谷】","2444.4300645305","-2771.0383143056","蒙德 / 蒙德 / 蒙德野外","region-scope","pending","Wiki出处：蒙德野外-白天。点位原说明：【蒙德 达达乌帕谷】。按用户范围规则，将明确“蒙德野外”的曲目挂到蒙德源地区20个普通点位；蒙德城与风龙废墟保留专属音乐。范围推定待核实，未逐点确认实际音乐触发，不外推其它独立地区。 所有音乐与点位关系仍待人工复核。","https://wiki.biligame.com/ys/%E9%A3%8E%E4%B8%8E%E7%89%A7%E6%AD%8C%E4%B9%8B%E5%9F%8E"
"city-winds:1481392439:6291","netease:1481392439","风洗的群山","kongying:6291","传送锚点","蒙德","蒙德","【蒙德 坠星山谷】","2023.831645842","-3751.6666717529","蒙德 / 蒙德 / 蒙德野外","region-scope","pending","Wiki出处：蒙德野外-白天。点位原说明：【蒙德 坠星山谷】。按用户范围规则，将明确“蒙德野外”的曲目挂到蒙德源地区20个普通点位；蒙德城与风龙废墟保留专属音乐。范围推定待核实，未逐点确认实际音乐触发，不外推其它独立地区。 所有音乐与点位关系仍待人工复核。","https://wiki.biligame.com/ys/%E9%A3%8E%E4%B8%8E%E7%89%A7%E6%AD%8C%E4%B9%8B%E5%9F%8E"
"city-winds:1481392439:6294","netease:1481392439","风洗的群山","kongying:6294","传送锚点","蒙德","蒙德","【蒙德 望风山地】","2699.6673508208","-4596.6666717529","蒙德 / 蒙德 / 蒙德野外","region-scope","pending","Wiki出处：蒙德野外-白天。点位原说明：【蒙德 望风山地】。按用户范围规则，将明确“蒙德野外”的曲目挂到蒙德源地区20个普通点位；蒙德城与风龙废墟保留专属音乐。范围推定待核实，未逐点确认实际音乐触发，不外推其它独立地区。 所有音乐与点位关系仍待人工复核。","https://wiki.biligame.com/ys/%E9%A3%8E%E4%B8%8E%E7%89%A7%E6%AD%8C%E4%B9%8B%E5%9F%8E"
"city-winds:1481392439:7298","netease:1481392439","风洗的群山","kongying:7298","传送锚点","蒙德","蒙德","【蒙德 明冠山地】","1107.8334085961","-4265.1667784342","蒙德 / 蒙德 / 蒙德野外","region-scope","pending","Wiki出处：蒙德野外-白天。点位原说明：【蒙德 明冠山地】。按用户范围规则，将明确“蒙德野外”的曲目挂到蒙德源地区20个普通点位；蒙德城与风龙废墟保留专属音乐。范围推定待核实，未逐点确认实际音乐触发，不外推其它独立地区。 所有音乐与点位关系仍待人工复核。","https://wiki.biligame.com/ys/%E9%A3%8E%E4%B8%8E%E7%89%A7%E6%AD%8C%E4%B9%8B%E5%9F%8E"
"city-winds:1481392439:6293","netease:1481392439","风洗的群山","kongying:6293","传送锚点","蒙德","蒙德","【蒙德 望风山地】","2223.1673355581","-4452.8333282471","蒙德 / 蒙德 / 蒙德野外","region-scope","pending","Wiki出处：蒙德野外-白天。点位原说明：【蒙德 望风山地】。按用户范围规则，将明确“蒙德野外”的曲目挂到蒙德源地区20个普通点位；蒙德城与风龙废墟保留专属音乐。范围推定待核实，未逐点确认实际音乐触发，不外推其它独立地区。 所有音乐与点位关系仍待人工复核。","https://wiki.biligame.com/ys/%E9%A3%8E%E4%B8%8E%E7%89%A7%E6%AD%8C%E4%B9%8B%E5%9F%8E"
"city-winds:1481392439:115467","netease:1481392439","风洗的群山","kongying:115467","传送锚点","蒙德","蒙德","（「月之六」版本新增）
【蒙德 明冠山地】

注：「月之六」版本更新后，完成魔神任务【序章 第三幕】「巨龙与自由之歌」后，自动解锁","954.961542835732","-4657.038389543974","蒙德 / 蒙德 / 蒙德野外","region-scope","pending","Wiki出处：蒙德野外-白天。点位原说明：（「月之六」版本新增）；【蒙德 明冠山地】；；注：「月之六」版本更新后，完成魔神任务【序章 第三幕】「巨龙与自由之歌」后，自动解锁。按用户范围规则，将明确“蒙德野外”的曲目挂到蒙德源地区20个普通点位；蒙德城与风龙废墟保留专属音乐。范围推定待核实，未逐点确认实际音乐触发，不外推其它独立地区。 所有音乐与点位关系仍待人工复核。","https://wiki.biligame.com/ys/%E9%A3%8E%E4%B8%8E%E7%89%A7%E6%AD%8C%E4%B9%8B%E5%9F%8E"
"city-winds:1481392439:6556","netease:1481392439","风洗的群山","kongying:6556","七天神像","蒙德","蒙德","【蒙德 风起地】","2218","-3387","蒙德 / 蒙德 / 蒙德野外","region-scope","pending","Wiki出处：蒙德野外-白天。点位原说明：【蒙德 风起地】。按用户范围规则，将明确“蒙德野外”的曲目挂到蒙德源地区20个普通点位；蒙德城与风龙废墟保留专属音乐。范围推定待核实，未逐点确认实际音乐触发，不外推其它独立地区。 所有音乐与点位关系仍待人工复核。","https://wiki.biligame.com/ys/%E9%A3%8E%E4%B8%8E%E7%89%A7%E6%AD%8C%E4%B9%8B%E5%9F%8E"
"city-winds:1481390636:6290","netease:1481390636","不散的魂灵","kongying:6290","传送锚点","蒙德","蒙德","【蒙德 坠星山谷】","2568.5660610573","-3457.1337743964","蒙德 / 蒙德 / 蒙德野外","region-scope","pending","Wiki出处：蒙德野外-白天。点位原说明：【蒙德 坠星山谷】。按用户范围规则，将明确“蒙德野外”的曲目挂到蒙德源地区20个普通点位；蒙德城与风龙废墟保留专属音乐。范围推定待核实，未逐点确认实际音乐触发，不外推其它独立地区。 所有音乐与点位关系仍待人工复核。","https://wiki.biligame.com/ys/%E9%A3%8E%E4%B8%8E%E7%89%A7%E6%AD%8C%E4%B9%8B%E5%9F%8E"
"city-winds:1481390636:6292","netease:1481390636","不散的魂灵","kongying:6292","传送锚点","蒙德","蒙德","【蒙德 摘星崖】","2540.3336677791","-3883.6666717529","蒙德 / 蒙德 / 蒙德野外","region-scope","pending","Wiki出处：蒙德野外-白天。点位原说明：【蒙德 摘星崖】。按用户范围规则，将明确“蒙德野外”的曲目挂到蒙德源地区20个普通点位；蒙德城与风龙废墟保留专属音乐。范围推定待核实，未逐点确认实际音乐触发，不外推其它独立地区。 所有音乐与点位关系仍待人工复核。","https://wiki.biligame.com/ys/%E9%A3%8E%E4%B8%8E%E7%89%A7%E6%AD%8C%E4%B9%8B%E5%9F%8E"
"city-winds:1481390636:6295","netease:1481390636","不散的魂灵","kongying:6295","传送锚点","蒙德","蒙德","【蒙德 海岸到嘹望台】","2711.8336677791","-4398.3333435059","蒙德 / 蒙德 / 蒙德野外","region-scope","pending","Wiki出处：蒙德野外-白天。点位原说明：【蒙德 海岸到嘹望台】。按用户范围规则，将明确“蒙德野外”的曲目挂到蒙德源地区20个普通点位；蒙德城与风龙废墟保留专属音乐。范围推定待核实，未逐点确认实际音乐触发，不外推其它独立地区。 所有音乐与点位关系仍待人工复核。","https://wiki.biligame.com/ys/%E9%A3%8E%E4%B8%8E%E7%89%A7%E6%AD%8C%E4%B9%8B%E5%9F%8E"
"city-winds:1481390636:6557","netease:1481390636","不散的魂灵","kongying:6557","七天神像","蒙德","蒙德","【蒙德 星落湖】","2293","-4244","蒙德 / 蒙德 / 蒙德野外","region-scope","pending","Wiki出处：蒙德野外-白天。点位原说明：【蒙德 星落湖】。按用户范围规则，将明确“蒙德野外”的曲目挂到蒙德源地区20个普通点位；蒙德城与风龙废墟保留专属音乐。范围推定待核实，未逐点确认实际音乐触发，不外推其它独立地区。 所有音乐与点位关系仍待人工复核。","https://wiki.biligame.com/ys/%E9%A3%8E%E4%B8%8E%E7%89%A7%E6%AD%8C%E4%B9%8B%E5%9F%8E"
"city-winds:1481390636:6289","netease:1481390636","不散的魂灵","kongying:6289","传送锚点","蒙德","蒙德","【蒙德 誓言岬】","3199.3316836234","-2744.2115340797","蒙德 / 蒙德 / 蒙德野外","region-scope","pending","Wiki出处：蒙德野外-白天。点位原说明：【蒙德 誓言岬】。按用户范围规则，将明确“蒙德野外”的曲目挂到蒙德源地区20个普通点位；蒙德城与风龙废墟保留专属音乐。范围推定待核实，未逐点确认实际音乐触发，不外推其它独立地区。 所有音乐与点位关系仍待人工复核。","https://wiki.biligame.com/ys/%E9%A3%8E%E4%B8%8E%E7%89%A7%E6%AD%8C%E4%B9%8B%E5%9F%8E"
"city-winds:1481390636:6284","netease:1481390636","不散的魂灵","kongying:6284","传送锚点","蒙德","蒙德","【蒙德 苍风高地】","1226.9417838044","-3730.38146687","蒙德 / 蒙德 / 蒙德野外","region-scope","pending","Wiki出处：蒙德野外-白天。点位原说明：【蒙德 苍风高地】。按用户范围规则，将明确“蒙德野外”的曲目挂到蒙德源地区20个普通点位；蒙德城与风龙废墟保留专属音乐。范围推定待核实，未逐点确认实际音乐触发，不外推其它独立地区。 所有音乐与点位关系仍待人工复核。","https://wiki.biligame.com/ys/%E9%A3%8E%E4%B8%8E%E7%89%A7%E6%AD%8C%E4%B9%8B%E5%9F%8E"
"city-winds:1481390636:6555","netease:1481390636","不散的魂灵","kongying:6555","七天神像","蒙德","蒙德","【蒙德 苍风高地】
击败附近的【狂风之核】可解除【狂风屏障】并激活。","1295","-3297.8333435059","蒙德 / 蒙德 / 蒙德野外","region-scope","pending","Wiki出处：蒙德野外-白天。点位原说明：【蒙德 苍风高地】；击败附近的【狂风之核】可解除【狂风屏障】并激活。。按用户范围规则，将明确“蒙德野外”的曲目挂到蒙德源地区20个普通点位；蒙德城与风龙废墟保留专属音乐。范围推定待核实，未逐点确认实际音乐触发，不外推其它独立地区。 所有音乐与点位关系仍待人工复核。","https://wiki.biligame.com/ys/%E9%A3%8E%E4%B8%8E%E7%89%A7%E6%AD%8C%E4%B9%8B%E5%9F%8E"
"city-winds:1481390636:7290","netease:1481390636","不散的魂灵","kongying:7290","传送锚点","蒙德","蒙德","【蒙德 苍风高地】","2037.5834085960996","-2950.8350506112","蒙德 / 蒙德 / 蒙德野外","region-scope","pending","Wiki出处：蒙德野外-白天。点位原说明：【蒙德 苍风高地】。按用户范围规则，将明确“蒙德野外”的曲目挂到蒙德源地区20个普通点位；蒙德城与风龙废墟保留专属音乐。范围推定待核实，未逐点确认实际音乐触发，不外推其它独立地区。 所有音乐与点位关系仍待人工复核。","https://wiki.biligame.com/ys/%E9%A3%8E%E4%B8%8E%E7%89%A7%E6%AD%8C%E4%B9%8B%E5%9F%8E"
"city-winds:1481390636:6286","netease:1481390636","不散的魂灵","kongying:6286","传送锚点","蒙德","蒙德","【蒙德 清泉镇】","1689.178006025","-3482.2398053092","蒙德 / 蒙德 / 蒙德野外","region-scope","pending","Wiki出处：蒙德野外-白天。点位原说明：【蒙德 清泉镇】。按用户范围规则，将明确“蒙德野外”的曲目挂到蒙德源地区20个普通点位；蒙德城与风龙废墟保留专属音乐。范围推定待核实，未逐点确认实际音乐触发，不外推其它独立地区。 所有音乐与点位关系仍待人工复核。","https://wiki.biligame.com/ys/%E9%A3%8E%E4%B8%8E%E7%89%A7%E6%AD%8C%E4%B9%8B%E5%9F%8E"
"city-winds:1481390636:6285","netease:1481390636","不散的魂灵","kongying:6285","传送锚点","蒙德","蒙德","【蒙德 苍风高地】","800.33069395251","-3309.4839928473","蒙德 / 蒙德 / 蒙德野外","region-scope","pending","Wiki出处：蒙德野外-白天。点位原说明：【蒙德 苍风高地】。按用户范围规则，将明确“蒙德野外”的曲目挂到蒙德源地区20个普通点位；蒙德城与风龙废墟保留专属音乐。范围推定待核实，未逐点确认实际音乐触发，不外推其它独立地区。 所有音乐与点位关系仍待人工复核。","https://wiki.biligame.com/ys/%E9%A3%8E%E4%B8%8E%E7%89%A7%E6%AD%8C%E4%B9%8B%E5%9F%8E"
"city-winds:1481390636:6282","netease:1481390636","不散的魂灵","kongying:6282","传送锚点","蒙德","蒙德","【蒙德 明冠山地】","479.70576116829","-3994.650456529","蒙德 / 蒙德 / 蒙德野外","region-scope","pending","Wiki出处：蒙德野外-白天。点位原说明：【蒙德 明冠山地】。按用户范围规则，将明确“蒙德野外”的曲目挂到蒙德源地区20个普通点位；蒙德城与风龙废墟保留专属音乐。范围推定待核实，未逐点确认实际音乐触发，不外推其它独立地区。 所有音乐与点位关系仍待人工复核。","https://wiki.biligame.com/ys/%E9%A3%8E%E4%B8%8E%E7%89%A7%E6%AD%8C%E4%B9%8B%E5%9F%8E"
"city-winds:1481390636:6283","netease:1481390636","不散的魂灵","kongying:6283","传送锚点","蒙德","蒙德","【蒙德 苍风高地】","1040.6326901073","-3884.3439744663","蒙德 / 蒙德 / 蒙德野外","region-scope","pending","Wiki出处：蒙德野外-白天。点位原说明：【蒙德 苍风高地】。按用户范围规则，将明确“蒙德野外”的曲目挂到蒙德源地区20个普通点位；蒙德城与风龙废墟保留专属音乐。范围推定待核实，未逐点确认实际音乐触发，不外推其它独立地区。 所有音乐与点位关系仍待人工复核。","https://wiki.biligame.com/ys/%E9%A3%8E%E4%B8%8E%E7%89%A7%E6%AD%8C%E4%B9%8B%E5%9F%8E"
"city-winds:1481390636:6287","netease:1481390636","不散的魂灵","kongying:6287","传送锚点","蒙德","蒙德","【蒙德 清泉镇】","1746","-3211.6666564941","蒙德 / 蒙德 / 蒙德野外","region-scope","pending","Wiki出处：蒙德野外-白天。点位原说明：【蒙德 清泉镇】。按用户范围规则，将明确“蒙德野外”的曲目挂到蒙德源地区20个普通点位；蒙德城与风龙废墟保留专属音乐。范围推定待核实，未逐点确认实际音乐触发，不外推其它独立地区。 所有音乐与点位关系仍待人工复核。","https://wiki.biligame.com/ys/%E9%A3%8E%E4%B8%8E%E7%89%A7%E6%AD%8C%E4%B9%8B%E5%9F%8E"
"city-winds:1481390636:6288","netease:1481390636","不散的魂灵","kongying:6288","传送锚点","蒙德","蒙德","【蒙德 达达乌帕谷】","2444.4300645305","-2771.0383143056","蒙德 / 蒙德 / 蒙德野外","region-scope","pending","Wiki出处：蒙德野外-白天。点位原说明：【蒙德 达达乌帕谷】。按用户范围规则，将明确“蒙德野外”的曲目挂到蒙德源地区20个普通点位；蒙德城与风龙废墟保留专属音乐。范围推定待核实，未逐点确认实际音乐触发，不外推其它独立地区。 所有音乐与点位关系仍待人工复核。","https://wiki.biligame.com/ys/%E9%A3%8E%E4%B8%8E%E7%89%A7%E6%AD%8C%E4%B9%8B%E5%9F%8E"
"city-winds:1481390636:6291","netease:1481390636","不散的魂灵","kongying:6291","传送锚点","蒙德","蒙德","【蒙德 坠星山谷】","2023.831645842","-3751.6666717529","蒙德 / 蒙德 / 蒙德野外","region-scope","pending","Wiki出处：蒙德野外-白天。点位原说明：【蒙德 坠星山谷】。按用户范围规则，将明确“蒙德野外”的曲目挂到蒙德源地区20个普通点位；蒙德城与风龙废墟保留专属音乐。范围推定待核实，未逐点确认实际音乐触发，不外推其它独立地区。 所有音乐与点位关系仍待人工复核。","https://wiki.biligame.com/ys/%E9%A3%8E%E4%B8%8E%E7%89%A7%E6%AD%8C%E4%B9%8B%E5%9F%8E"
"city-winds:1481390636:6294","netease:1481390636","不散的魂灵","kongying:6294","传送锚点","蒙德","蒙德","【蒙德 望风山地】","2699.6673508208","-4596.6666717529","蒙德 / 蒙德 / 蒙德野外","region-scope","pending","Wiki出处：蒙德野外-白天。点位原说明：【蒙德 望风山地】。按用户范围规则，将明确“蒙德野外”的曲目挂到蒙德源地区20个普通点位；蒙德城与风龙废墟保留专属音乐。范围推定待核实，未逐点确认实际音乐触发，不外推其它独立地区。 所有音乐与点位关系仍待人工复核。","https://wiki.biligame.com/ys/%E9%A3%8E%E4%B8%8E%E7%89%A7%E6%AD%8C%E4%B9%8B%E5%9F%8E"
"city-winds:1481390636:7298","netease:1481390636","不散的魂灵","kongying:7298","传送锚点","蒙德","蒙德","【蒙德 明冠山地】","1107.8334085961","-4265.1667784342","蒙德 / 蒙德 / 蒙德野外","region-scope","pending","Wiki出处：蒙德野外-白天。点位原说明：【蒙德 明冠山地】。按用户范围规则，将明确“蒙德野外”的曲目挂到蒙德源地区20个普通点位；蒙德城与风龙废墟保留专属音乐。范围推定待核实，未逐点确认实际音乐触发，不外推其它独立地区。 所有音乐与点位关系仍待人工复核。","https://wiki.biligame.com/ys/%E9%A3%8E%E4%B8%8E%E7%89%A7%E6%AD%8C%E4%B9%8B%E5%9F%8E"
"city-winds:1481390636:6293","netease:1481390636","不散的魂灵","kongying:6293","传送锚点","蒙德","蒙德","【蒙德 望风山地】","2223.1673355581","-4452.8333282471","蒙德 / 蒙德 / 蒙德野外","region-scope","pending","Wiki出处：蒙德野外-白天。点位原说明：【蒙德 望风山地】。按用户范围规则，将明确“蒙德野外”的曲目挂到蒙德源地区20个普通点位；蒙德城与风龙废墟保留专属音乐。范围推定待核实，未逐点确认实际音乐触发，不外推其它独立地区。 所有音乐与点位关系仍待人工复核。","https://wiki.biligame.com/ys/%E9%A3%8E%E4%B8%8E%E7%89%A7%E6%AD%8C%E4%B9%8B%E5%9F%8E"
"city-winds:1481390636:115467","netease:1481390636","不散的魂灵","kongying:115467","传送锚点","蒙德","蒙德","（「月之六」版本新增）
【蒙德 明冠山地】

注：「月之六」版本更新后，完成魔神任务【序章 第三幕】「巨龙与自由之歌」后，自动解锁","954.961542835732","-4657.038389543974","蒙德 / 蒙德 / 蒙德野外","region-scope","pending","Wiki出处：蒙德野外-白天。点位原说明：（「月之六」版本新增）；【蒙德 明冠山地】；；注：「月之六」版本更新后，完成魔神任务【序章 第三幕】「巨龙与自由之歌」后，自动解锁。按用户范围规则，将明确“蒙德野外”的曲目挂到蒙德源地区20个普通点位；蒙德城与风龙废墟保留专属音乐。范围推定待核实，未逐点确认实际音乐触发，不外推其它独立地区。 所有音乐与点位关系仍待人工复核。","https://wiki.biligame.com/ys/%E9%A3%8E%E4%B8%8E%E7%89%A7%E6%AD%8C%E4%B9%8B%E5%9F%8E"
"city-winds:1481390636:6556","netease:1481390636","不散的魂灵","kongying:6556","七天神像","蒙德","蒙德","【蒙德 风起地】","2218","-3387","蒙德 / 蒙德 / 蒙德野外","region-scope","pending","Wiki出处：蒙德野外-白天。点位原说明：【蒙德 风起地】。按用户范围规则，将明确“蒙德野外”的曲目挂到蒙德源地区20个普通点位；蒙德城与风龙废墟保留专属音乐。范围推定待核实，未逐点确认实际音乐触发，不外推其它独立地区。 所有音乐与点位关系仍待人工复核。","https://wiki.biligame.com/ys/%E9%A3%8E%E4%B8%8E%E7%89%A7%E6%AD%8C%E4%B9%8B%E5%9F%8E"
"city-winds:1481392465:6557","netease:1481392465","追忆","kongying:6557","七天神像","蒙德","蒙德","【蒙德 星落湖】","2293","-4244","蒙德 / 蒙德 / 游戏加载界面","region-archive","pending","Wiki出处：游戏加载页面；-不分时段。点位原说明：【蒙德 星落湖】。出处为界面/剧情/活动，可能跨区域，没有精确地图地点；按专辑归属放在蒙德默认星落湖神像归档，不认定在那里实际播放。 所有音乐与点位关系仍待人工复核。","https://wiki.biligame.com/ys/%E9%A3%8E%E4%B8%8E%E7%89%A7%E6%AD%8C%E4%B9%8B%E5%9F%8E"
"city-winds:1481390659:6290","netease:1481390659","烈日之残响","kongying:6290","传送锚点","蒙德","蒙德","【蒙德 坠星山谷】","2568.5660610573","-3457.1337743964","蒙德 / 蒙德 / 蒙德野外","region-scope","pending","Wiki出处：蒙德野外-白天。点位原说明：【蒙德 坠星山谷】。按用户范围规则，将明确“蒙德野外”的曲目挂到蒙德源地区20个普通点位；蒙德城与风龙废墟保留专属音乐。范围推定待核实，未逐点确认实际音乐触发，不外推其它独立地区。 所有音乐与点位关系仍待人工复核。","https://wiki.biligame.com/ys/%E9%A3%8E%E4%B8%8E%E7%89%A7%E6%AD%8C%E4%B9%8B%E5%9F%8E"
"city-winds:1481390659:6292","netease:1481390659","烈日之残响","kongying:6292","传送锚点","蒙德","蒙德","【蒙德 摘星崖】","2540.3336677791","-3883.6666717529","蒙德 / 蒙德 / 蒙德野外","region-scope","pending","Wiki出处：蒙德野外-白天。点位原说明：【蒙德 摘星崖】。按用户范围规则，将明确“蒙德野外”的曲目挂到蒙德源地区20个普通点位；蒙德城与风龙废墟保留专属音乐。范围推定待核实，未逐点确认实际音乐触发，不外推其它独立地区。 所有音乐与点位关系仍待人工复核。","https://wiki.biligame.com/ys/%E9%A3%8E%E4%B8%8E%E7%89%A7%E6%AD%8C%E4%B9%8B%E5%9F%8E"
"city-winds:1481390659:6295","netease:1481390659","烈日之残响","kongying:6295","传送锚点","蒙德","蒙德","【蒙德 海岸到嘹望台】","2711.8336677791","-4398.3333435059","蒙德 / 蒙德 / 蒙德野外","region-scope","pending","Wiki出处：蒙德野外-白天。点位原说明：【蒙德 海岸到嘹望台】。按用户范围规则，将明确“蒙德野外”的曲目挂到蒙德源地区20个普通点位；蒙德城与风龙废墟保留专属音乐。范围推定待核实，未逐点确认实际音乐触发，不外推其它独立地区。 所有音乐与点位关系仍待人工复核。","https://wiki.biligame.com/ys/%E9%A3%8E%E4%B8%8E%E7%89%A7%E6%AD%8C%E4%B9%8B%E5%9F%8E"
"city-winds:1481390659:6557","netease:1481390659","烈日之残响","kongying:6557","七天神像","蒙德","蒙德","【蒙德 星落湖】","2293","-4244","蒙德 / 蒙德 / 蒙德野外","region-scope","pending","Wiki出处：蒙德野外-白天。点位原说明：【蒙德 星落湖】。按用户范围规则，将明确“蒙德野外”的曲目挂到蒙德源地区20个普通点位；蒙德城与风龙废墟保留专属音乐。范围推定待核实，未逐点确认实际音乐触发，不外推其它独立地区。 所有音乐与点位关系仍待人工复核。","https://wiki.biligame.com/ys/%E9%A3%8E%E4%B8%8E%E7%89%A7%E6%AD%8C%E4%B9%8B%E5%9F%8E"
"city-winds:1481390659:6289","netease:1481390659","烈日之残响","kongying:6289","传送锚点","蒙德","蒙德","【蒙德 誓言岬】","3199.3316836234","-2744.2115340797","蒙德 / 蒙德 / 蒙德野外","region-scope","pending","Wiki出处：蒙德野外-白天。点位原说明：【蒙德 誓言岬】。按用户范围规则，将明确“蒙德野外”的曲目挂到蒙德源地区20个普通点位；蒙德城与风龙废墟保留专属音乐。范围推定待核实，未逐点确认实际音乐触发，不外推其它独立地区。 所有音乐与点位关系仍待人工复核。","https://wiki.biligame.com/ys/%E9%A3%8E%E4%B8%8E%E7%89%A7%E6%AD%8C%E4%B9%8B%E5%9F%8E"
"city-winds:1481390659:6284","netease:1481390659","烈日之残响","kongying:6284","传送锚点","蒙德","蒙德","【蒙德 苍风高地】","1226.9417838044","-3730.38146687","蒙德 / 蒙德 / 蒙德野外","region-scope","pending","Wiki出处：蒙德野外-白天。点位原说明：【蒙德 苍风高地】。按用户范围规则，将明确“蒙德野外”的曲目挂到蒙德源地区20个普通点位；蒙德城与风龙废墟保留专属音乐。范围推定待核实，未逐点确认实际音乐触发，不外推其它独立地区。 所有音乐与点位关系仍待人工复核。","https://wiki.biligame.com/ys/%E9%A3%8E%E4%B8%8E%E7%89%A7%E6%AD%8C%E4%B9%8B%E5%9F%8E"
"city-winds:1481390659:6555","netease:1481390659","烈日之残响","kongying:6555","七天神像","蒙德","蒙德","【蒙德 苍风高地】
击败附近的【狂风之核】可解除【狂风屏障】并激活。","1295","-3297.8333435059","蒙德 / 蒙德 / 蒙德野外","region-scope","pending","Wiki出处：蒙德野外-白天。点位原说明：【蒙德 苍风高地】；击败附近的【狂风之核】可解除【狂风屏障】并激活。。按用户范围规则，将明确“蒙德野外”的曲目挂到蒙德源地区20个普通点位；蒙德城与风龙废墟保留专属音乐。范围推定待核实，未逐点确认实际音乐触发，不外推其它独立地区。 所有音乐与点位关系仍待人工复核。","https://wiki.biligame.com/ys/%E9%A3%8E%E4%B8%8E%E7%89%A7%E6%AD%8C%E4%B9%8B%E5%9F%8E"
"city-winds:1481390659:7290","netease:1481390659","烈日之残响","kongying:7290","传送锚点","蒙德","蒙德","【蒙德 苍风高地】","2037.5834085960996","-2950.8350506112","蒙德 / 蒙德 / 蒙德野外","region-scope","pending","Wiki出处：蒙德野外-白天。点位原说明：【蒙德 苍风高地】。按用户范围规则，将明确“蒙德野外”的曲目挂到蒙德源地区20个普通点位；蒙德城与风龙废墟保留专属音乐。范围推定待核实，未逐点确认实际音乐触发，不外推其它独立地区。 所有音乐与点位关系仍待人工复核。","https://wiki.biligame.com/ys/%E9%A3%8E%E4%B8%8E%E7%89%A7%E6%AD%8C%E4%B9%8B%E5%9F%8E"
"city-winds:1481390659:6286","netease:1481390659","烈日之残响","kongying:6286","传送锚点","蒙德","蒙德","【蒙德 清泉镇】","1689.178006025","-3482.2398053092","蒙德 / 蒙德 / 蒙德野外","region-scope","pending","Wiki出处：蒙德野外-白天。点位原说明：【蒙德 清泉镇】。按用户范围规则，将明确“蒙德野外”的曲目挂到蒙德源地区20个普通点位；蒙德城与风龙废墟保留专属音乐。范围推定待核实，未逐点确认实际音乐触发，不外推其它独立地区。 所有音乐与点位关系仍待人工复核。","https://wiki.biligame.com/ys/%E9%A3%8E%E4%B8%8E%E7%89%A7%E6%AD%8C%E4%B9%8B%E5%9F%8E"
"city-winds:1481390659:6285","netease:1481390659","烈日之残响","kongying:6285","传送锚点","蒙德","蒙德","【蒙德 苍风高地】","800.33069395251","-3309.4839928473","蒙德 / 蒙德 / 蒙德野外","region-scope","pending","Wiki出处：蒙德野外-白天。点位原说明：【蒙德 苍风高地】。按用户范围规则，将明确“蒙德野外”的曲目挂到蒙德源地区20个普通点位；蒙德城与风龙废墟保留专属音乐。范围推定待核实，未逐点确认实际音乐触发，不外推其它独立地区。 所有音乐与点位关系仍待人工复核。","https://wiki.biligame.com/ys/%E9%A3%8E%E4%B8%8E%E7%89%A7%E6%AD%8C%E4%B9%8B%E5%9F%8E"
"city-winds:1481390659:6282","netease:1481390659","烈日之残响","kongying:6282","传送锚点","蒙德","蒙德","【蒙德 明冠山地】","479.70576116829","-3994.650456529","蒙德 / 蒙德 / 蒙德野外","region-scope","pending","Wiki出处：蒙德野外-白天。点位原说明：【蒙德 明冠山地】。按用户范围规则，将明确“蒙德野外”的曲目挂到蒙德源地区20个普通点位；蒙德城与风龙废墟保留专属音乐。范围推定待核实，未逐点确认实际音乐触发，不外推其它独立地区。 所有音乐与点位关系仍待人工复核。","https://wiki.biligame.com/ys/%E9%A3%8E%E4%B8%8E%E7%89%A7%E6%AD%8C%E4%B9%8B%E5%9F%8E"
"city-winds:1481390659:6283","netease:1481390659","烈日之残响","kongying:6283","传送锚点","蒙德","蒙德","【蒙德 苍风高地】","1040.6326901073","-3884.3439744663","蒙德 / 蒙德 / 蒙德野外","region-scope","pending","Wiki出处：蒙德野外-白天。点位原说明：【蒙德 苍风高地】。按用户范围规则，将明确“蒙德野外”的曲目挂到蒙德源地区20个普通点位；蒙德城与风龙废墟保留专属音乐。范围推定待核实，未逐点确认实际音乐触发，不外推其它独立地区。 所有音乐与点位关系仍待人工复核。","https://wiki.biligame.com/ys/%E9%A3%8E%E4%B8%8E%E7%89%A7%E6%AD%8C%E4%B9%8B%E5%9F%8E"
"city-winds:1481390659:6287","netease:1481390659","烈日之残响","kongying:6287","传送锚点","蒙德","蒙德","【蒙德 清泉镇】","1746","-3211.6666564941","蒙德 / 蒙德 / 蒙德野外","region-scope","pending","Wiki出处：蒙德野外-白天。点位原说明：【蒙德 清泉镇】。按用户范围规则，将明确“蒙德野外”的曲目挂到蒙德源地区20个普通点位；蒙德城与风龙废墟保留专属音乐。范围推定待核实，未逐点确认实际音乐触发，不外推其它独立地区。 所有音乐与点位关系仍待人工复核。","https://wiki.biligame.com/ys/%E9%A3%8E%E4%B8%8E%E7%89%A7%E6%AD%8C%E4%B9%8B%E5%9F%8E"
"city-winds:1481390659:6288","netease:1481390659","烈日之残响","kongying:6288","传送锚点","蒙德","蒙德","【蒙德 达达乌帕谷】","2444.4300645305","-2771.0383143056","蒙德 / 蒙德 / 蒙德野外","region-scope","pending","Wiki出处：蒙德野外-白天。点位原说明：【蒙德 达达乌帕谷】。按用户范围规则，将明确“蒙德野外”的曲目挂到蒙德源地区20个普通点位；蒙德城与风龙废墟保留专属音乐。范围推定待核实，未逐点确认实际音乐触发，不外推其它独立地区。 所有音乐与点位关系仍待人工复核。","https://wiki.biligame.com/ys/%E9%A3%8E%E4%B8%8E%E7%89%A7%E6%AD%8C%E4%B9%8B%E5%9F%8E"
"city-winds:1481390659:6291","netease:1481390659","烈日之残响","kongying:6291","传送锚点","蒙德","蒙德","【蒙德 坠星山谷】","2023.831645842","-3751.6666717529","蒙德 / 蒙德 / 蒙德野外","region-scope","pending","Wiki出处：蒙德野外-白天。点位原说明：【蒙德 坠星山谷】。按用户范围规则，将明确“蒙德野外”的曲目挂到蒙德源地区20个普通点位；蒙德城与风龙废墟保留专属音乐。范围推定待核实，未逐点确认实际音乐触发，不外推其它独立地区。 所有音乐与点位关系仍待人工复核。","https://wiki.biligame.com/ys/%E9%A3%8E%E4%B8%8E%E7%89%A7%E6%AD%8C%E4%B9%8B%E5%9F%8E"
"city-winds:1481390659:6294","netease:1481390659","烈日之残响","kongying:6294","传送锚点","蒙德","蒙德","【蒙德 望风山地】","2699.6673508208","-4596.6666717529","蒙德 / 蒙德 / 蒙德野外","region-scope","pending","Wiki出处：蒙德野外-白天。点位原说明：【蒙德 望风山地】。按用户范围规则，将明确“蒙德野外”的曲目挂到蒙德源地区20个普通点位；蒙德城与风龙废墟保留专属音乐。范围推定待核实，未逐点确认实际音乐触发，不外推其它独立地区。 所有音乐与点位关系仍待人工复核。","https://wiki.biligame.com/ys/%E9%A3%8E%E4%B8%8E%E7%89%A7%E6%AD%8C%E4%B9%8B%E5%9F%8E"
"city-winds:1481390659:7298","netease:1481390659","烈日之残响","kongying:7298","传送锚点","蒙德","蒙德","【蒙德 明冠山地】","1107.8334085961","-4265.1667784342","蒙德 / 蒙德 / 蒙德野外","region-scope","pending","Wiki出处：蒙德野外-白天。点位原说明：【蒙德 明冠山地】。按用户范围规则，将明确“蒙德野外”的曲目挂到蒙德源地区20个普通点位；蒙德城与风龙废墟保留专属音乐。范围推定待核实，未逐点确认实际音乐触发，不外推其它独立地区。 所有音乐与点位关系仍待人工复核。","https://wiki.biligame.com/ys/%E9%A3%8E%E4%B8%8E%E7%89%A7%E6%AD%8C%E4%B9%8B%E5%9F%8E"
"city-winds:1481390659:6293","netease:1481390659","烈日之残响","kongying:6293","传送锚点","蒙德","蒙德","【蒙德 望风山地】","2223.1673355581","-4452.8333282471","蒙德 / 蒙德 / 蒙德野外","region-scope","pending","Wiki出处：蒙德野外-白天。点位原说明：【蒙德 望风山地】。按用户范围规则，将明确“蒙德野外”的曲目挂到蒙德源地区20个普通点位；蒙德城与风龙废墟保留专属音乐。范围推定待核实，未逐点确认实际音乐触发，不外推其它独立地区。 所有音乐与点位关系仍待人工复核。","https://wiki.biligame.com/ys/%E9%A3%8E%E4%B8%8E%E7%89%A7%E6%AD%8C%E4%B9%8B%E5%9F%8E"
"city-winds:1481390659:115467","netease:1481390659","烈日之残响","kongying:115467","传送锚点","蒙德","蒙德","（「月之六」版本新增）
【蒙德 明冠山地】

注：「月之六」版本更新后，完成魔神任务【序章 第三幕】「巨龙与自由之歌」后，自动解锁","954.961542835732","-4657.038389543974","蒙德 / 蒙德 / 蒙德野外","region-scope","pending","Wiki出处：蒙德野外-白天。点位原说明：（「月之六」版本新增）；【蒙德 明冠山地】；；注：「月之六」版本更新后，完成魔神任务【序章 第三幕】「巨龙与自由之歌」后，自动解锁。按用户范围规则，将明确“蒙德野外”的曲目挂到蒙德源地区20个普通点位；蒙德城与风龙废墟保留专属音乐。范围推定待核实，未逐点确认实际音乐触发，不外推其它独立地区。 所有音乐与点位关系仍待人工复核。","https://wiki.biligame.com/ys/%E9%A3%8E%E4%B8%8E%E7%89%A7%E6%AD%8C%E4%B9%8B%E5%9F%8E"
"city-winds:1481390659:6556","netease:1481390659","烈日之残响","kongying:6556","七天神像","蒙德","蒙德","【蒙德 风起地】","2218","-3387","蒙德 / 蒙德 / 蒙德野外","region-scope","pending","Wiki出处：蒙德野外-白天。点位原说明：【蒙德 风起地】。按用户范围规则，将明确“蒙德野外”的曲目挂到蒙德源地区20个普通点位；蒙德城与风龙废墟保留专属音乐。范围推定待核实，未逐点确认实际音乐触发，不外推其它独立地区。 所有音乐与点位关系仍待人工复核。","https://wiki.biligame.com/ys/%E9%A3%8E%E4%B8%8E%E7%89%A7%E6%AD%8C%E4%B9%8B%E5%9F%8E"
"city-winds:1481390660:6290","netease:1481390660","一段回忆","kongying:6290","传送锚点","蒙德","蒙德","【蒙德 坠星山谷】","2568.5660610573","-3457.1337743964","蒙德 / 蒙德 / 蒙德野外","region-scope","pending","Wiki出处：蒙德野外-夜晚。点位原说明：【蒙德 坠星山谷】。按用户范围规则，将明确“蒙德野外”的曲目挂到蒙德源地区20个普通点位；蒙德城与风龙废墟保留专属音乐。范围推定待核实，未逐点确认实际音乐触发，不外推其它独立地区。 所有音乐与点位关系仍待人工复核。","https://wiki.biligame.com/ys/%E9%A3%8E%E4%B8%8E%E7%89%A7%E6%AD%8C%E4%B9%8B%E5%9F%8E"
"city-winds:1481390660:6292","netease:1481390660","一段回忆","kongying:6292","传送锚点","蒙德","蒙德","【蒙德 摘星崖】","2540.3336677791","-3883.6666717529","蒙德 / 蒙德 / 蒙德野外","region-scope","pending","Wiki出处：蒙德野外-夜晚。点位原说明：【蒙德 摘星崖】。按用户范围规则，将明确“蒙德野外”的曲目挂到蒙德源地区20个普通点位；蒙德城与风龙废墟保留专属音乐。范围推定待核实，未逐点确认实际音乐触发，不外推其它独立地区。 所有音乐与点位关系仍待人工复核。","https://wiki.biligame.com/ys/%E9%A3%8E%E4%B8%8E%E7%89%A7%E6%AD%8C%E4%B9%8B%E5%9F%8E"
"city-winds:1481390660:6295","netease:1481390660","一段回忆","kongying:6295","传送锚点","蒙德","蒙德","【蒙德 海岸到嘹望台】","2711.8336677791","-4398.3333435059","蒙德 / 蒙德 / 蒙德野外","region-scope","pending","Wiki出处：蒙德野外-夜晚。点位原说明：【蒙德 海岸到嘹望台】。按用户范围规则，将明确“蒙德野外”的曲目挂到蒙德源地区20个普通点位；蒙德城与风龙废墟保留专属音乐。范围推定待核实，未逐点确认实际音乐触发，不外推其它独立地区。 所有音乐与点位关系仍待人工复核。","https://wiki.biligame.com/ys/%E9%A3%8E%E4%B8%8E%E7%89%A7%E6%AD%8C%E4%B9%8B%E5%9F%8E"
"city-winds:1481390660:6557","netease:1481390660","一段回忆","kongying:6557","七天神像","蒙德","蒙德","【蒙德 星落湖】","2293","-4244","蒙德 / 蒙德 / 蒙德野外","region-scope","pending","Wiki出处：蒙德野外-夜晚。点位原说明：【蒙德 星落湖】。按用户范围规则，将明确“蒙德野外”的曲目挂到蒙德源地区20个普通点位；蒙德城与风龙废墟保留专属音乐。范围推定待核实，未逐点确认实际音乐触发，不外推其它独立地区。 所有音乐与点位关系仍待人工复核。","https://wiki.biligame.com/ys/%E9%A3%8E%E4%B8%8E%E7%89%A7%E6%AD%8C%E4%B9%8B%E5%9F%8E"
"city-winds:1481390660:6289","netease:1481390660","一段回忆","kongying:6289","传送锚点","蒙德","蒙德","【蒙德 誓言岬】","3199.3316836234","-2744.2115340797","蒙德 / 蒙德 / 蒙德野外","region-scope","pending","Wiki出处：蒙德野外-夜晚。点位原说明：【蒙德 誓言岬】。按用户范围规则，将明确“蒙德野外”的曲目挂到蒙德源地区20个普通点位；蒙德城与风龙废墟保留专属音乐。范围推定待核实，未逐点确认实际音乐触发，不外推其它独立地区。 所有音乐与点位关系仍待人工复核。","https://wiki.biligame.com/ys/%E9%A3%8E%E4%B8%8E%E7%89%A7%E6%AD%8C%E4%B9%8B%E5%9F%8E"
"city-winds:1481390660:6284","netease:1481390660","一段回忆","kongying:6284","传送锚点","蒙德","蒙德","【蒙德 苍风高地】","1226.9417838044","-3730.38146687","蒙德 / 蒙德 / 蒙德野外","region-scope","pending","Wiki出处：蒙德野外-夜晚。点位原说明：【蒙德 苍风高地】。按用户范围规则，将明确“蒙德野外”的曲目挂到蒙德源地区20个普通点位；蒙德城与风龙废墟保留专属音乐。范围推定待核实，未逐点确认实际音乐触发，不外推其它独立地区。 所有音乐与点位关系仍待人工复核。","https://wiki.biligame.com/ys/%E9%A3%8E%E4%B8%8E%E7%89%A7%E6%AD%8C%E4%B9%8B%E5%9F%8E"
"city-winds:1481390660:6555","netease:1481390660","一段回忆","kongying:6555","七天神像","蒙德","蒙德","【蒙德 苍风高地】
击败附近的【狂风之核】可解除【狂风屏障】并激活。","1295","-3297.8333435059","蒙德 / 蒙德 / 蒙德野外","region-scope","pending","Wiki出处：蒙德野外-夜晚。点位原说明：【蒙德 苍风高地】；击败附近的【狂风之核】可解除【狂风屏障】并激活。。按用户范围规则，将明确“蒙德野外”的曲目挂到蒙德源地区20个普通点位；蒙德城与风龙废墟保留专属音乐。范围推定待核实，未逐点确认实际音乐触发，不外推其它独立地区。 所有音乐与点位关系仍待人工复核。","https://wiki.biligame.com/ys/%E9%A3%8E%E4%B8%8E%E7%89%A7%E6%AD%8C%E4%B9%8B%E5%9F%8E"
"city-winds:1481390660:7290","netease:1481390660","一段回忆","kongying:7290","传送锚点","蒙德","蒙德","【蒙德 苍风高地】","2037.5834085960996","-2950.8350506112","蒙德 / 蒙德 / 蒙德野外","region-scope","pending","Wiki出处：蒙德野外-夜晚。点位原说明：【蒙德 苍风高地】。按用户范围规则，将明确“蒙德野外”的曲目挂到蒙德源地区20个普通点位；蒙德城与风龙废墟保留专属音乐。范围推定待核实，未逐点确认实际音乐触发，不外推其它独立地区。 所有音乐与点位关系仍待人工复核。","https://wiki.biligame.com/ys/%E9%A3%8E%E4%B8%8E%E7%89%A7%E6%AD%8C%E4%B9%8B%E5%9F%8E"
"city-winds:1481390660:6286","netease:1481390660","一段回忆","kongying:6286","传送锚点","蒙德","蒙德","【蒙德 清泉镇】","1689.178006025","-3482.2398053092","蒙德 / 蒙德 / 蒙德野外","region-scope","pending","Wiki出处：蒙德野外-夜晚。点位原说明：【蒙德 清泉镇】。按用户范围规则，将明确“蒙德野外”的曲目挂到蒙德源地区20个普通点位；蒙德城与风龙废墟保留专属音乐。范围推定待核实，未逐点确认实际音乐触发，不外推其它独立地区。 所有音乐与点位关系仍待人工复核。","https://wiki.biligame.com/ys/%E9%A3%8E%E4%B8%8E%E7%89%A7%E6%AD%8C%E4%B9%8B%E5%9F%8E"
"city-winds:1481390660:6285","netease:1481390660","一段回忆","kongying:6285","传送锚点","蒙德","蒙德","【蒙德 苍风高地】","800.33069395251","-3309.4839928473","蒙德 / 蒙德 / 蒙德野外","region-scope","pending","Wiki出处：蒙德野外-夜晚。点位原说明：【蒙德 苍风高地】。按用户范围规则，将明确“蒙德野外”的曲目挂到蒙德源地区20个普通点位；蒙德城与风龙废墟保留专属音乐。范围推定待核实，未逐点确认实际音乐触发，不外推其它独立地区。 所有音乐与点位关系仍待人工复核。","https://wiki.biligame.com/ys/%E9%A3%8E%E4%B8%8E%E7%89%A7%E6%AD%8C%E4%B9%8B%E5%9F%8E"
"city-winds:1481390660:6282","netease:1481390660","一段回忆","kongying:6282","传送锚点","蒙德","蒙德","【蒙德 明冠山地】","479.70576116829","-3994.650456529","蒙德 / 蒙德 / 蒙德野外","region-scope","pending","Wiki出处：蒙德野外-夜晚。点位原说明：【蒙德 明冠山地】。按用户范围规则，将明确“蒙德野外”的曲目挂到蒙德源地区20个普通点位；蒙德城与风龙废墟保留专属音乐。范围推定待核实，未逐点确认实际音乐触发，不外推其它独立地区。 所有音乐与点位关系仍待人工复核。","https://wiki.biligame.com/ys/%E9%A3%8E%E4%B8%8E%E7%89%A7%E6%AD%8C%E4%B9%8B%E5%9F%8E"
"city-winds:1481390660:6283","netease:1481390660","一段回忆","kongying:6283","传送锚点","蒙德","蒙德","【蒙德 苍风高地】","1040.6326901073","-3884.3439744663","蒙德 / 蒙德 / 蒙德野外","region-scope","pending","Wiki出处：蒙德野外-夜晚。点位原说明：【蒙德 苍风高地】。按用户范围规则，将明确“蒙德野外”的曲目挂到蒙德源地区20个普通点位；蒙德城与风龙废墟保留专属音乐。范围推定待核实，未逐点确认实际音乐触发，不外推其它独立地区。 所有音乐与点位关系仍待人工复核。","https://wiki.biligame.com/ys/%E9%A3%8E%E4%B8%8E%E7%89%A7%E6%AD%8C%E4%B9%8B%E5%9F%8E"
"city-winds:1481390660:6287","netease:1481390660","一段回忆","kongying:6287","传送锚点","蒙德","蒙德","【蒙德 清泉镇】","1746","-3211.6666564941","蒙德 / 蒙德 / 蒙德野外","region-scope","pending","Wiki出处：蒙德野外-夜晚。点位原说明：【蒙德 清泉镇】。按用户范围规则，将明确“蒙德野外”的曲目挂到蒙德源地区20个普通点位；蒙德城与风龙废墟保留专属音乐。范围推定待核实，未逐点确认实际音乐触发，不外推其它独立地区。 所有音乐与点位关系仍待人工复核。","https://wiki.biligame.com/ys/%E9%A3%8E%E4%B8%8E%E7%89%A7%E6%AD%8C%E4%B9%8B%E5%9F%8E"
"city-winds:1481390660:6288","netease:1481390660","一段回忆","kongying:6288","传送锚点","蒙德","蒙德","【蒙德 达达乌帕谷】","2444.4300645305","-2771.0383143056","蒙德 / 蒙德 / 蒙德野外","region-scope","pending","Wiki出处：蒙德野外-夜晚。点位原说明：【蒙德 达达乌帕谷】。按用户范围规则，将明确“蒙德野外”的曲目挂到蒙德源地区20个普通点位；蒙德城与风龙废墟保留专属音乐。范围推定待核实，未逐点确认实际音乐触发，不外推其它独立地区。 所有音乐与点位关系仍待人工复核。","https://wiki.biligame.com/ys/%E9%A3%8E%E4%B8%8E%E7%89%A7%E6%AD%8C%E4%B9%8B%E5%9F%8E"
"city-winds:1481390660:6291","netease:1481390660","一段回忆","kongying:6291","传送锚点","蒙德","蒙德","【蒙德 坠星山谷】","2023.831645842","-3751.6666717529","蒙德 / 蒙德 / 蒙德野外","region-scope","pending","Wiki出处：蒙德野外-夜晚。点位原说明：【蒙德 坠星山谷】。按用户范围规则，将明确“蒙德野外”的曲目挂到蒙德源地区20个普通点位；蒙德城与风龙废墟保留专属音乐。范围推定待核实，未逐点确认实际音乐触发，不外推其它独立地区。 所有音乐与点位关系仍待人工复核。","https://wiki.biligame.com/ys/%E9%A3%8E%E4%B8%8E%E7%89%A7%E6%AD%8C%E4%B9%8B%E5%9F%8E"
"city-winds:1481390660:6294","netease:1481390660","一段回忆","kongying:6294","传送锚点","蒙德","蒙德","【蒙德 望风山地】","2699.6673508208","-4596.6666717529","蒙德 / 蒙德 / 蒙德野外","region-scope","pending","Wiki出处：蒙德野外-夜晚。点位原说明：【蒙德 望风山地】。按用户范围规则，将明确“蒙德野外”的曲目挂到蒙德源地区20个普通点位；蒙德城与风龙废墟保留专属音乐。范围推定待核实，未逐点确认实际音乐触发，不外推其它独立地区。 所有音乐与点位关系仍待人工复核。","https://wiki.biligame.com/ys/%E9%A3%8E%E4%B8%8E%E7%89%A7%E6%AD%8C%E4%B9%8B%E5%9F%8E"
"city-winds:1481390660:7298","netease:1481390660","一段回忆","kongying:7298","传送锚点","蒙德","蒙德","【蒙德 明冠山地】","1107.8334085961","-4265.1667784342","蒙德 / 蒙德 / 蒙德野外","region-scope","pending","Wiki出处：蒙德野外-夜晚。点位原说明：【蒙德 明冠山地】。按用户范围规则，将明确“蒙德野外”的曲目挂到蒙德源地区20个普通点位；蒙德城与风龙废墟保留专属音乐。范围推定待核实，未逐点确认实际音乐触发，不外推其它独立地区。 所有音乐与点位关系仍待人工复核。","https://wiki.biligame.com/ys/%E9%A3%8E%E4%B8%8E%E7%89%A7%E6%AD%8C%E4%B9%8B%E5%9F%8E"
"city-winds:1481390660:6293","netease:1481390660","一段回忆","kongying:6293","传送锚点","蒙德","蒙德","【蒙德 望风山地】","2223.1673355581","-4452.8333282471","蒙德 / 蒙德 / 蒙德野外","region-scope","pending","Wiki出处：蒙德野外-夜晚。点位原说明：【蒙德 望风山地】。按用户范围规则，将明确“蒙德野外”的曲目挂到蒙德源地区20个普通点位；蒙德城与风龙废墟保留专属音乐。范围推定待核实，未逐点确认实际音乐触发，不外推其它独立地区。 所有音乐与点位关系仍待人工复核。","https://wiki.biligame.com/ys/%E9%A3%8E%E4%B8%8E%E7%89%A7%E6%AD%8C%E4%B9%8B%E5%9F%8E"
"city-winds:1481390660:115467","netease:1481390660","一段回忆","kongying:115467","传送锚点","蒙德","蒙德","（「月之六」版本新增）
【蒙德 明冠山地】

注：「月之六」版本更新后，完成魔神任务【序章 第三幕】「巨龙与自由之歌」后，自动解锁","954.961542835732","-4657.038389543974","蒙德 / 蒙德 / 蒙德野外","region-scope","pending","Wiki出处：蒙德野外-夜晚。点位原说明：（「月之六」版本新增）；【蒙德 明冠山地】；；注：「月之六」版本更新后，完成魔神任务【序章 第三幕】「巨龙与自由之歌」后，自动解锁。按用户范围规则，将明确“蒙德野外”的曲目挂到蒙德源地区20个普通点位；蒙德城与风龙废墟保留专属音乐。范围推定待核实，未逐点确认实际音乐触发，不外推其它独立地区。 所有音乐与点位关系仍待人工复核。","https://wiki.biligame.com/ys/%E9%A3%8E%E4%B8%8E%E7%89%A7%E6%AD%8C%E4%B9%8B%E5%9F%8E"
"city-winds:1481390660:6556","netease:1481390660","一段回忆","kongying:6556","七天神像","蒙德","蒙德","【蒙德 风起地】","2218","-3387","蒙德 / 蒙德 / 蒙德野外","region-scope","pending","Wiki出处：蒙德野外-夜晚。点位原说明：【蒙德 风起地】。按用户范围规则，将明确“蒙德野外”的曲目挂到蒙德源地区20个普通点位；蒙德城与风龙废墟保留专属音乐。范围推定待核实，未逐点确认实际音乐触发，不外推其它独立地区。 所有音乐与点位关系仍待人工复核。","https://wiki.biligame.com/ys/%E9%A3%8E%E4%B8%8E%E7%89%A7%E6%AD%8C%E4%B9%8B%E5%9F%8E"
"city-winds:1481390656:6290","netease:1481390656","地平","kongying:6290","传送锚点","蒙德","蒙德","【蒙德 坠星山谷】","2568.5660610573","-3457.1337743964","蒙德 / 蒙德 / 蒙德野外","region-scope","pending","Wiki出处：蒙德野外-夜晚；《原神》EP - 冰涛骇浪之憩。点位原说明：【蒙德 坠星山谷】。按用户范围规则，将明确“蒙德野外”的曲目挂到蒙德源地区20个普通点位；蒙德城与风龙废墟保留专属音乐。范围推定待核实，未逐点确认实际音乐触发，不外推其它独立地区。 所有音乐与点位关系仍待人工复核。","https://wiki.biligame.com/ys/%E9%A3%8E%E4%B8%8E%E7%89%A7%E6%AD%8C%E4%B9%8B%E5%9F%8E"
"city-winds:1481390656:6292","netease:1481390656","地平","kongying:6292","传送锚点","蒙德","蒙德","【蒙德 摘星崖】","2540.3336677791","-3883.6666717529","蒙德 / 蒙德 / 蒙德野外","region-scope","pending","Wiki出处：蒙德野外-夜晚；《原神》EP - 冰涛骇浪之憩。点位原说明：【蒙德 摘星崖】。按用户范围规则，将明确“蒙德野外”的曲目挂到蒙德源地区20个普通点位；蒙德城与风龙废墟保留专属音乐。范围推定待核实，未逐点确认实际音乐触发，不外推其它独立地区。 所有音乐与点位关系仍待人工复核。","https://wiki.biligame.com/ys/%E9%A3%8E%E4%B8%8E%E7%89%A7%E6%AD%8C%E4%B9%8B%E5%9F%8E"
"city-winds:1481390656:6295","netease:1481390656","地平","kongying:6295","传送锚点","蒙德","蒙德","【蒙德 海岸到嘹望台】","2711.8336677791","-4398.3333435059","蒙德 / 蒙德 / 蒙德野外","region-scope","pending","Wiki出处：蒙德野外-夜晚；《原神》EP - 冰涛骇浪之憩。点位原说明：【蒙德 海岸到嘹望台】。按用户范围规则，将明确“蒙德野外”的曲目挂到蒙德源地区20个普通点位；蒙德城与风龙废墟保留专属音乐。范围推定待核实，未逐点确认实际音乐触发，不外推其它独立地区。 所有音乐与点位关系仍待人工复核。","https://wiki.biligame.com/ys/%E9%A3%8E%E4%B8%8E%E7%89%A7%E6%AD%8C%E4%B9%8B%E5%9F%8E"
"city-winds:1481390656:6557","netease:1481390656","地平","kongying:6557","七天神像","蒙德","蒙德","【蒙德 星落湖】","2293","-4244","蒙德 / 蒙德 / 蒙德野外","region-scope","pending","Wiki出处：蒙德野外-夜晚；《原神》EP - 冰涛骇浪之憩。点位原说明：【蒙德 星落湖】。按用户范围规则，将明确“蒙德野外”的曲目挂到蒙德源地区20个普通点位；蒙德城与风龙废墟保留专属音乐。范围推定待核实，未逐点确认实际音乐触发，不外推其它独立地区。 所有音乐与点位关系仍待人工复核。","https://wiki.biligame.com/ys/%E9%A3%8E%E4%B8%8E%E7%89%A7%E6%AD%8C%E4%B9%8B%E5%9F%8E"
"city-winds:1481390656:6289","netease:1481390656","地平","kongying:6289","传送锚点","蒙德","蒙德","【蒙德 誓言岬】","3199.3316836234","-2744.2115340797","蒙德 / 蒙德 / 蒙德野外","region-scope","pending","Wiki出处：蒙德野外-夜晚；《原神》EP - 冰涛骇浪之憩。点位原说明：【蒙德 誓言岬】。按用户范围规则，将明确“蒙德野外”的曲目挂到蒙德源地区20个普通点位；蒙德城与风龙废墟保留专属音乐。范围推定待核实，未逐点确认实际音乐触发，不外推其它独立地区。 所有音乐与点位关系仍待人工复核。","https://wiki.biligame.com/ys/%E9%A3%8E%E4%B8%8E%E7%89%A7%E6%AD%8C%E4%B9%8B%E5%9F%8E"
"city-winds:1481390656:6284","netease:1481390656","地平","kongying:6284","传送锚点","蒙德","蒙德","【蒙德 苍风高地】","1226.9417838044","-3730.38146687","蒙德 / 蒙德 / 蒙德野外","region-scope","pending","Wiki出处：蒙德野外-夜晚；《原神》EP - 冰涛骇浪之憩。点位原说明：【蒙德 苍风高地】。按用户范围规则，将明确“蒙德野外”的曲目挂到蒙德源地区20个普通点位；蒙德城与风龙废墟保留专属音乐。范围推定待核实，未逐点确认实际音乐触发，不外推其它独立地区。 所有音乐与点位关系仍待人工复核。","https://wiki.biligame.com/ys/%E9%A3%8E%E4%B8%8E%E7%89%A7%E6%AD%8C%E4%B9%8B%E5%9F%8E"
"city-winds:1481390656:6555","netease:1481390656","地平","kongying:6555","七天神像","蒙德","蒙德","【蒙德 苍风高地】
击败附近的【狂风之核】可解除【狂风屏障】并激活。","1295","-3297.8333435059","蒙德 / 蒙德 / 蒙德野外","region-scope","pending","Wiki出处：蒙德野外-夜晚；《原神》EP - 冰涛骇浪之憩。点位原说明：【蒙德 苍风高地】；击败附近的【狂风之核】可解除【狂风屏障】并激活。。按用户范围规则，将明确“蒙德野外”的曲目挂到蒙德源地区20个普通点位；蒙德城与风龙废墟保留专属音乐。范围推定待核实，未逐点确认实际音乐触发，不外推其它独立地区。 所有音乐与点位关系仍待人工复核。","https://wiki.biligame.com/ys/%E9%A3%8E%E4%B8%8E%E7%89%A7%E6%AD%8C%E4%B9%8B%E5%9F%8E"
"city-winds:1481390656:7290","netease:1481390656","地平","kongying:7290","传送锚点","蒙德","蒙德","【蒙德 苍风高地】","2037.5834085960996","-2950.8350506112","蒙德 / 蒙德 / 蒙德野外","region-scope","pending","Wiki出处：蒙德野外-夜晚；《原神》EP - 冰涛骇浪之憩。点位原说明：【蒙德 苍风高地】。按用户范围规则，将明确“蒙德野外”的曲目挂到蒙德源地区20个普通点位；蒙德城与风龙废墟保留专属音乐。范围推定待核实，未逐点确认实际音乐触发，不外推其它独立地区。 所有音乐与点位关系仍待人工复核。","https://wiki.biligame.com/ys/%E9%A3%8E%E4%B8%8E%E7%89%A7%E6%AD%8C%E4%B9%8B%E5%9F%8E"
"city-winds:1481390656:6286","netease:1481390656","地平","kongying:6286","传送锚点","蒙德","蒙德","【蒙德 清泉镇】","1689.178006025","-3482.2398053092","蒙德 / 蒙德 / 蒙德野外","region-scope","pending","Wiki出处：蒙德野外-夜晚；《原神》EP - 冰涛骇浪之憩。点位原说明：【蒙德 清泉镇】。按用户范围规则，将明确“蒙德野外”的曲目挂到蒙德源地区20个普通点位；蒙德城与风龙废墟保留专属音乐。范围推定待核实，未逐点确认实际音乐触发，不外推其它独立地区。 所有音乐与点位关系仍待人工复核。","https://wiki.biligame.com/ys/%E9%A3%8E%E4%B8%8E%E7%89%A7%E6%AD%8C%E4%B9%8B%E5%9F%8E"
"city-winds:1481390656:6285","netease:1481390656","地平","kongying:6285","传送锚点","蒙德","蒙德","【蒙德 苍风高地】","800.33069395251","-3309.4839928473","蒙德 / 蒙德 / 蒙德野外","region-scope","pending","Wiki出处：蒙德野外-夜晚；《原神》EP - 冰涛骇浪之憩。点位原说明：【蒙德 苍风高地】。按用户范围规则，将明确“蒙德野外”的曲目挂到蒙德源地区20个普通点位；蒙德城与风龙废墟保留专属音乐。范围推定待核实，未逐点确认实际音乐触发，不外推其它独立地区。 所有音乐与点位关系仍待人工复核。","https://wiki.biligame.com/ys/%E9%A3%8E%E4%B8%8E%E7%89%A7%E6%AD%8C%E4%B9%8B%E5%9F%8E"
"city-winds:1481390656:6282","netease:1481390656","地平","kongying:6282","传送锚点","蒙德","蒙德","【蒙德 明冠山地】","479.70576116829","-3994.650456529","蒙德 / 蒙德 / 蒙德野外","region-scope","pending","Wiki出处：蒙德野外-夜晚；《原神》EP - 冰涛骇浪之憩。点位原说明：【蒙德 明冠山地】。按用户范围规则，将明确“蒙德野外”的曲目挂到蒙德源地区20个普通点位；蒙德城与风龙废墟保留专属音乐。范围推定待核实，未逐点确认实际音乐触发，不外推其它独立地区。 所有音乐与点位关系仍待人工复核。","https://wiki.biligame.com/ys/%E9%A3%8E%E4%B8%8E%E7%89%A7%E6%AD%8C%E4%B9%8B%E5%9F%8E"
"city-winds:1481390656:6283","netease:1481390656","地平","kongying:6283","传送锚点","蒙德","蒙德","【蒙德 苍风高地】","1040.6326901073","-3884.3439744663","蒙德 / 蒙德 / 蒙德野外","region-scope","pending","Wiki出处：蒙德野外-夜晚；《原神》EP - 冰涛骇浪之憩。点位原说明：【蒙德 苍风高地】。按用户范围规则，将明确“蒙德野外”的曲目挂到蒙德源地区20个普通点位；蒙德城与风龙废墟保留专属音乐。范围推定待核实，未逐点确认实际音乐触发，不外推其它独立地区。 所有音乐与点位关系仍待人工复核。","https://wiki.biligame.com/ys/%E9%A3%8E%E4%B8%8E%E7%89%A7%E6%AD%8C%E4%B9%8B%E5%9F%8E"
"city-winds:1481390656:6287","netease:1481390656","地平","kongying:6287","传送锚点","蒙德","蒙德","【蒙德 清泉镇】","1746","-3211.6666564941","蒙德 / 蒙德 / 蒙德野外","region-scope","pending","Wiki出处：蒙德野外-夜晚；《原神》EP - 冰涛骇浪之憩。点位原说明：【蒙德 清泉镇】。按用户范围规则，将明确“蒙德野外”的曲目挂到蒙德源地区20个普通点位；蒙德城与风龙废墟保留专属音乐。范围推定待核实，未逐点确认实际音乐触发，不外推其它独立地区。 所有音乐与点位关系仍待人工复核。","https://wiki.biligame.com/ys/%E9%A3%8E%E4%B8%8E%E7%89%A7%E6%AD%8C%E4%B9%8B%E5%9F%8E"
"city-winds:1481390656:6288","netease:1481390656","地平","kongying:6288","传送锚点","蒙德","蒙德","【蒙德 达达乌帕谷】","2444.4300645305","-2771.0383143056","蒙德 / 蒙德 / 蒙德野外","region-scope","pending","Wiki出处：蒙德野外-夜晚；《原神》EP - 冰涛骇浪之憩。点位原说明：【蒙德 达达乌帕谷】。按用户范围规则，将明确“蒙德野外”的曲目挂到蒙德源地区20个普通点位；蒙德城与风龙废墟保留专属音乐。范围推定待核实，未逐点确认实际音乐触发，不外推其它独立地区。 所有音乐与点位关系仍待人工复核。","https://wiki.biligame.com/ys/%E9%A3%8E%E4%B8%8E%E7%89%A7%E6%AD%8C%E4%B9%8B%E5%9F%8E"
"city-winds:1481390656:6291","netease:1481390656","地平","kongying:6291","传送锚点","蒙德","蒙德","【蒙德 坠星山谷】","2023.831645842","-3751.6666717529","蒙德 / 蒙德 / 蒙德野外","region-scope","pending","Wiki出处：蒙德野外-夜晚；《原神》EP - 冰涛骇浪之憩。点位原说明：【蒙德 坠星山谷】。按用户范围规则，将明确“蒙德野外”的曲目挂到蒙德源地区20个普通点位；蒙德城与风龙废墟保留专属音乐。范围推定待核实，未逐点确认实际音乐触发，不外推其它独立地区。 所有音乐与点位关系仍待人工复核。","https://wiki.biligame.com/ys/%E9%A3%8E%E4%B8%8E%E7%89%A7%E6%AD%8C%E4%B9%8B%E5%9F%8E"
"city-winds:1481390656:6294","netease:1481390656","地平","kongying:6294","传送锚点","蒙德","蒙德","【蒙德 望风山地】","2699.6673508208","-4596.6666717529","蒙德 / 蒙德 / 蒙德野外","region-scope","pending","Wiki出处：蒙德野外-夜晚；《原神》EP - 冰涛骇浪之憩。点位原说明：【蒙德 望风山地】。按用户范围规则，将明确“蒙德野外”的曲目挂到蒙德源地区20个普通点位；蒙德城与风龙废墟保留专属音乐。范围推定待核实，未逐点确认实际音乐触发，不外推其它独立地区。 所有音乐与点位关系仍待人工复核。","https://wiki.biligame.com/ys/%E9%A3%8E%E4%B8%8E%E7%89%A7%E6%AD%8C%E4%B9%8B%E5%9F%8E"
"city-winds:1481390656:7298","netease:1481390656","地平","kongying:7298","传送锚点","蒙德","蒙德","【蒙德 明冠山地】","1107.8334085961","-4265.1667784342","蒙德 / 蒙德 / 蒙德野外","region-scope","pending","Wiki出处：蒙德野外-夜晚；《原神》EP - 冰涛骇浪之憩。点位原说明：【蒙德 明冠山地】。按用户范围规则，将明确“蒙德野外”的曲目挂到蒙德源地区20个普通点位；蒙德城与风龙废墟保留专属音乐。范围推定待核实，未逐点确认实际音乐触发，不外推其它独立地区。 所有音乐与点位关系仍待人工复核。","https://wiki.biligame.com/ys/%E9%A3%8E%E4%B8%8E%E7%89%A7%E6%AD%8C%E4%B9%8B%E5%9F%8E"
"city-winds:1481390656:6293","netease:1481390656","地平","kongying:6293","传送锚点","蒙德","蒙德","【蒙德 望风山地】","2223.1673355581","-4452.8333282471","蒙德 / 蒙德 / 蒙德野外","region-scope","pending","Wiki出处：蒙德野外-夜晚；《原神》EP - 冰涛骇浪之憩。点位原说明：【蒙德 望风山地】。按用户范围规则，将明确“蒙德野外”的曲目挂到蒙德源地区20个普通点位；蒙德城与风龙废墟保留专属音乐。范围推定待核实，未逐点确认实际音乐触发，不外推其它独立地区。 所有音乐与点位关系仍待人工复核。","https://wiki.biligame.com/ys/%E9%A3%8E%E4%B8%8E%E7%89%A7%E6%AD%8C%E4%B9%8B%E5%9F%8E"
"city-winds:1481390656:115467","netease:1481390656","地平","kongying:115467","传送锚点","蒙德","蒙德","（「月之六」版本新增）
【蒙德 明冠山地】

注：「月之六」版本更新后，完成魔神任务【序章 第三幕】「巨龙与自由之歌」后，自动解锁","954.961542835732","-4657.038389543974","蒙德 / 蒙德 / 蒙德野外","region-scope","pending","Wiki出处：蒙德野外-夜晚；《原神》EP - 冰涛骇浪之憩。点位原说明：（「月之六」版本新增）；【蒙德 明冠山地】；；注：「月之六」版本更新后，完成魔神任务【序章 第三幕】「巨龙与自由之歌」后，自动解锁。按用户范围规则，将明确“蒙德野外”的曲目挂到蒙德源地区20个普通点位；蒙德城与风龙废墟保留专属音乐。范围推定待核实，未逐点确认实际音乐触发，不外推其它独立地区。 所有音乐与点位关系仍待人工复核。","https://wiki.biligame.com/ys/%E9%A3%8E%E4%B8%8E%E7%89%A7%E6%AD%8C%E4%B9%8B%E5%9F%8E"
"city-winds:1481390656:6556","netease:1481390656","地平","kongying:6556","七天神像","蒙德","蒙德","【蒙德 风起地】","2218","-3387","蒙德 / 蒙德 / 蒙德野外","region-scope","pending","Wiki出处：蒙德野外-夜晚；《原神》EP - 冰涛骇浪之憩。点位原说明：【蒙德 风起地】。按用户范围规则，将明确“蒙德野外”的曲目挂到蒙德源地区20个普通点位；蒙德城与风龙废墟保留专属音乐。范围推定待核实，未逐点确认实际音乐触发，不外推其它独立地区。 所有音乐与点位关系仍待人工复核。","https://wiki.biligame.com/ys/%E9%A3%8E%E4%B8%8E%E7%89%A7%E6%AD%8C%E4%B9%8B%E5%9F%8E"
"city-winds:1481390658:6290","netease:1481390658","静候未来","kongying:6290","传送锚点","蒙德","蒙德","【蒙德 坠星山谷】","2568.5660610573","-3457.1337743964","蒙德 / 蒙德 / 蒙德野外","region-scope","pending","Wiki出处：蒙德野外-夜晚；《原神》EP - 悠扬戏风之诗。点位原说明：【蒙德 坠星山谷】。按用户范围规则，将明确“蒙德野外”的曲目挂到蒙德源地区20个普通点位；蒙德城与风龙废墟保留专属音乐。范围推定待核实，未逐点确认实际音乐触发，不外推其它独立地区。 所有音乐与点位关系仍待人工复核。","https://wiki.biligame.com/ys/%E9%A3%8E%E4%B8%8E%E7%89%A7%E6%AD%8C%E4%B9%8B%E5%9F%8E"
"city-winds:1481390658:6292","netease:1481390658","静候未来","kongying:6292","传送锚点","蒙德","蒙德","【蒙德 摘星崖】","2540.3336677791","-3883.6666717529","蒙德 / 蒙德 / 蒙德野外","region-scope","pending","Wiki出处：蒙德野外-夜晚；《原神》EP - 悠扬戏风之诗。点位原说明：【蒙德 摘星崖】。按用户范围规则，将明确“蒙德野外”的曲目挂到蒙德源地区20个普通点位；蒙德城与风龙废墟保留专属音乐。范围推定待核实，未逐点确认实际音乐触发，不外推其它独立地区。 所有音乐与点位关系仍待人工复核。","https://wiki.biligame.com/ys/%E9%A3%8E%E4%B8%8E%E7%89%A7%E6%AD%8C%E4%B9%8B%E5%9F%8E"
"city-winds:1481390658:6295","netease:1481390658","静候未来","kongying:6295","传送锚点","蒙德","蒙德","【蒙德 海岸到嘹望台】","2711.8336677791","-4398.3333435059","蒙德 / 蒙德 / 蒙德野外","region-scope","pending","Wiki出处：蒙德野外-夜晚；《原神》EP - 悠扬戏风之诗。点位原说明：【蒙德 海岸到嘹望台】。按用户范围规则，将明确“蒙德野外”的曲目挂到蒙德源地区20个普通点位；蒙德城与风龙废墟保留专属音乐。范围推定待核实，未逐点确认实际音乐触发，不外推其它独立地区。 所有音乐与点位关系仍待人工复核。","https://wiki.biligame.com/ys/%E9%A3%8E%E4%B8%8E%E7%89%A7%E6%AD%8C%E4%B9%8B%E5%9F%8E"
"city-winds:1481390658:6557","netease:1481390658","静候未来","kongying:6557","七天神像","蒙德","蒙德","【蒙德 星落湖】","2293","-4244","蒙德 / 蒙德 / 蒙德野外","region-scope","pending","Wiki出处：蒙德野外-夜晚；《原神》EP - 悠扬戏风之诗。点位原说明：【蒙德 星落湖】。按用户范围规则，将明确“蒙德野外”的曲目挂到蒙德源地区20个普通点位；蒙德城与风龙废墟保留专属音乐。范围推定待核实，未逐点确认实际音乐触发，不外推其它独立地区。 所有音乐与点位关系仍待人工复核。","https://wiki.biligame.com/ys/%E9%A3%8E%E4%B8%8E%E7%89%A7%E6%AD%8C%E4%B9%8B%E5%9F%8E"
"city-winds:1481390658:6289","netease:1481390658","静候未来","kongying:6289","传送锚点","蒙德","蒙德","【蒙德 誓言岬】","3199.3316836234","-2744.2115340797","蒙德 / 蒙德 / 蒙德野外","region-scope","pending","Wiki出处：蒙德野外-夜晚；《原神》EP - 悠扬戏风之诗。点位原说明：【蒙德 誓言岬】。按用户范围规则，将明确“蒙德野外”的曲目挂到蒙德源地区20个普通点位；蒙德城与风龙废墟保留专属音乐。范围推定待核实，未逐点确认实际音乐触发，不外推其它独立地区。 所有音乐与点位关系仍待人工复核。","https://wiki.biligame.com/ys/%E9%A3%8E%E4%B8%8E%E7%89%A7%E6%AD%8C%E4%B9%8B%E5%9F%8E"
"city-winds:1481390658:6284","netease:1481390658","静候未来","kongying:6284","传送锚点","蒙德","蒙德","【蒙德 苍风高地】","1226.9417838044","-3730.38146687","蒙德 / 蒙德 / 蒙德野外","region-scope","pending","Wiki出处：蒙德野外-夜晚；《原神》EP - 悠扬戏风之诗。点位原说明：【蒙德 苍风高地】。按用户范围规则，将明确“蒙德野外”的曲目挂到蒙德源地区20个普通点位；蒙德城与风龙废墟保留专属音乐。范围推定待核实，未逐点确认实际音乐触发，不外推其它独立地区。 所有音乐与点位关系仍待人工复核。","https://wiki.biligame.com/ys/%E9%A3%8E%E4%B8%8E%E7%89%A7%E6%AD%8C%E4%B9%8B%E5%9F%8E"
"city-winds:1481390658:6555","netease:1481390658","静候未来","kongying:6555","七天神像","蒙德","蒙德","【蒙德 苍风高地】
击败附近的【狂风之核】可解除【狂风屏障】并激活。","1295","-3297.8333435059","蒙德 / 蒙德 / 蒙德野外","region-scope","pending","Wiki出处：蒙德野外-夜晚；《原神》EP - 悠扬戏风之诗。点位原说明：【蒙德 苍风高地】；击败附近的【狂风之核】可解除【狂风屏障】并激活。。按用户范围规则，将明确“蒙德野外”的曲目挂到蒙德源地区20个普通点位；蒙德城与风龙废墟保留专属音乐。范围推定待核实，未逐点确认实际音乐触发，不外推其它独立地区。 所有音乐与点位关系仍待人工复核。","https://wiki.biligame.com/ys/%E9%A3%8E%E4%B8%8E%E7%89%A7%E6%AD%8C%E4%B9%8B%E5%9F%8E"
"city-winds:1481390658:7290","netease:1481390658","静候未来","kongying:7290","传送锚点","蒙德","蒙德","【蒙德 苍风高地】","2037.5834085960996","-2950.8350506112","蒙德 / 蒙德 / 蒙德野外","region-scope","pending","Wiki出处：蒙德野外-夜晚；《原神》EP - 悠扬戏风之诗。点位原说明：【蒙德 苍风高地】。按用户范围规则，将明确“蒙德野外”的曲目挂到蒙德源地区20个普通点位；蒙德城与风龙废墟保留专属音乐。范围推定待核实，未逐点确认实际音乐触发，不外推其它独立地区。 所有音乐与点位关系仍待人工复核。","https://wiki.biligame.com/ys/%E9%A3%8E%E4%B8%8E%E7%89%A7%E6%AD%8C%E4%B9%8B%E5%9F%8E"
"city-winds:1481390658:6286","netease:1481390658","静候未来","kongying:6286","传送锚点","蒙德","蒙德","【蒙德 清泉镇】","1689.178006025","-3482.2398053092","蒙德 / 蒙德 / 蒙德野外","region-scope","pending","Wiki出处：蒙德野外-夜晚；《原神》EP - 悠扬戏风之诗。点位原说明：【蒙德 清泉镇】。按用户范围规则，将明确“蒙德野外”的曲目挂到蒙德源地区20个普通点位；蒙德城与风龙废墟保留专属音乐。范围推定待核实，未逐点确认实际音乐触发，不外推其它独立地区。 所有音乐与点位关系仍待人工复核。","https://wiki.biligame.com/ys/%E9%A3%8E%E4%B8%8E%E7%89%A7%E6%AD%8C%E4%B9%8B%E5%9F%8E"
"city-winds:1481390658:6285","netease:1481390658","静候未来","kongying:6285","传送锚点","蒙德","蒙德","【蒙德 苍风高地】","800.33069395251","-3309.4839928473","蒙德 / 蒙德 / 蒙德野外","region-scope","pending","Wiki出处：蒙德野外-夜晚；《原神》EP - 悠扬戏风之诗。点位原说明：【蒙德 苍风高地】。按用户范围规则，将明确“蒙德野外”的曲目挂到蒙德源地区20个普通点位；蒙德城与风龙废墟保留专属音乐。范围推定待核实，未逐点确认实际音乐触发，不外推其它独立地区。 所有音乐与点位关系仍待人工复核。","https://wiki.biligame.com/ys/%E9%A3%8E%E4%B8%8E%E7%89%A7%E6%AD%8C%E4%B9%8B%E5%9F%8E"
"city-winds:1481390658:6282","netease:1481390658","静候未来","kongying:6282","传送锚点","蒙德","蒙德","【蒙德 明冠山地】","479.70576116829","-3994.650456529","蒙德 / 蒙德 / 蒙德野外","region-scope","pending","Wiki出处：蒙德野外-夜晚；《原神》EP - 悠扬戏风之诗。点位原说明：【蒙德 明冠山地】。按用户范围规则，将明确“蒙德野外”的曲目挂到蒙德源地区20个普通点位；蒙德城与风龙废墟保留专属音乐。范围推定待核实，未逐点确认实际音乐触发，不外推其它独立地区。 所有音乐与点位关系仍待人工复核。","https://wiki.biligame.com/ys/%E9%A3%8E%E4%B8%8E%E7%89%A7%E6%AD%8C%E4%B9%8B%E5%9F%8E"
"city-winds:1481390658:6283","netease:1481390658","静候未来","kongying:6283","传送锚点","蒙德","蒙德","【蒙德 苍风高地】","1040.6326901073","-3884.3439744663","蒙德 / 蒙德 / 蒙德野外","region-scope","pending","Wiki出处：蒙德野外-夜晚；《原神》EP - 悠扬戏风之诗。点位原说明：【蒙德 苍风高地】。按用户范围规则，将明确“蒙德野外”的曲目挂到蒙德源地区20个普通点位；蒙德城与风龙废墟保留专属音乐。范围推定待核实，未逐点确认实际音乐触发，不外推其它独立地区。 所有音乐与点位关系仍待人工复核。","https://wiki.biligame.com/ys/%E9%A3%8E%E4%B8%8E%E7%89%A7%E6%AD%8C%E4%B9%8B%E5%9F%8E"
"city-winds:1481390658:6287","netease:1481390658","静候未来","kongying:6287","传送锚点","蒙德","蒙德","【蒙德 清泉镇】","1746","-3211.6666564941","蒙德 / 蒙德 / 蒙德野外","region-scope","pending","Wiki出处：蒙德野外-夜晚；《原神》EP - 悠扬戏风之诗。点位原说明：【蒙德 清泉镇】。按用户范围规则，将明确“蒙德野外”的曲目挂到蒙德源地区20个普通点位；蒙德城与风龙废墟保留专属音乐。范围推定待核实，未逐点确认实际音乐触发，不外推其它独立地区。 所有音乐与点位关系仍待人工复核。","https://wiki.biligame.com/ys/%E9%A3%8E%E4%B8%8E%E7%89%A7%E6%AD%8C%E4%B9%8B%E5%9F%8E"
"city-winds:1481390658:6288","netease:1481390658","静候未来","kongying:6288","传送锚点","蒙德","蒙德","【蒙德 达达乌帕谷】","2444.4300645305","-2771.0383143056","蒙德 / 蒙德 / 蒙德野外","region-scope","pending","Wiki出处：蒙德野外-夜晚；《原神》EP - 悠扬戏风之诗。点位原说明：【蒙德 达达乌帕谷】。按用户范围规则，将明确“蒙德野外”的曲目挂到蒙德源地区20个普通点位；蒙德城与风龙废墟保留专属音乐。范围推定待核实，未逐点确认实际音乐触发，不外推其它独立地区。 所有音乐与点位关系仍待人工复核。","https://wiki.biligame.com/ys/%E9%A3%8E%E4%B8%8E%E7%89%A7%E6%AD%8C%E4%B9%8B%E5%9F%8E"
"city-winds:1481390658:6291","netease:1481390658","静候未来","kongying:6291","传送锚点","蒙德","蒙德","【蒙德 坠星山谷】","2023.831645842","-3751.6666717529","蒙德 / 蒙德 / 蒙德野外","region-scope","pending","Wiki出处：蒙德野外-夜晚；《原神》EP - 悠扬戏风之诗。点位原说明：【蒙德 坠星山谷】。按用户范围规则，将明确“蒙德野外”的曲目挂到蒙德源地区20个普通点位；蒙德城与风龙废墟保留专属音乐。范围推定待核实，未逐点确认实际音乐触发，不外推其它独立地区。 所有音乐与点位关系仍待人工复核。","https://wiki.biligame.com/ys/%E9%A3%8E%E4%B8%8E%E7%89%A7%E6%AD%8C%E4%B9%8B%E5%9F%8E"
"city-winds:1481390658:6294","netease:1481390658","静候未来","kongying:6294","传送锚点","蒙德","蒙德","【蒙德 望风山地】","2699.6673508208","-4596.6666717529","蒙德 / 蒙德 / 蒙德野外","region-scope","pending","Wiki出处：蒙德野外-夜晚；《原神》EP - 悠扬戏风之诗。点位原说明：【蒙德 望风山地】。按用户范围规则，将明确“蒙德野外”的曲目挂到蒙德源地区20个普通点位；蒙德城与风龙废墟保留专属音乐。范围推定待核实，未逐点确认实际音乐触发，不外推其它独立地区。 所有音乐与点位关系仍待人工复核。","https://wiki.biligame.com/ys/%E9%A3%8E%E4%B8%8E%E7%89%A7%E6%AD%8C%E4%B9%8B%E5%9F%8E"
"city-winds:1481390658:7298","netease:1481390658","静候未来","kongying:7298","传送锚点","蒙德","蒙德","【蒙德 明冠山地】","1107.8334085961","-4265.1667784342","蒙德 / 蒙德 / 蒙德野外","region-scope","pending","Wiki出处：蒙德野外-夜晚；《原神》EP - 悠扬戏风之诗。点位原说明：【蒙德 明冠山地】。按用户范围规则，将明确“蒙德野外”的曲目挂到蒙德源地区20个普通点位；蒙德城与风龙废墟保留专属音乐。范围推定待核实，未逐点确认实际音乐触发，不外推其它独立地区。 所有音乐与点位关系仍待人工复核。","https://wiki.biligame.com/ys/%E9%A3%8E%E4%B8%8E%E7%89%A7%E6%AD%8C%E4%B9%8B%E5%9F%8E"
"city-winds:1481390658:6293","netease:1481390658","静候未来","kongying:6293","传送锚点","蒙德","蒙德","【蒙德 望风山地】","2223.1673355581","-4452.8333282471","蒙德 / 蒙德 / 蒙德野外","region-scope","pending","Wiki出处：蒙德野外-夜晚；《原神》EP - 悠扬戏风之诗。点位原说明：【蒙德 望风山地】。按用户范围规则，将明确“蒙德野外”的曲目挂到蒙德源地区20个普通点位；蒙德城与风龙废墟保留专属音乐。范围推定待核实，未逐点确认实际音乐触发，不外推其它独立地区。 所有音乐与点位关系仍待人工复核。","https://wiki.biligame.com/ys/%E9%A3%8E%E4%B8%8E%E7%89%A7%E6%AD%8C%E4%B9%8B%E5%9F%8E"
"city-winds:1481390658:115467","netease:1481390658","静候未来","kongying:115467","传送锚点","蒙德","蒙德","（「月之六」版本新增）
【蒙德 明冠山地】

注：「月之六」版本更新后，完成魔神任务【序章 第三幕】「巨龙与自由之歌」后，自动解锁","954.961542835732","-4657.038389543974","蒙德 / 蒙德 / 蒙德野外","region-scope","pending","Wiki出处：蒙德野外-夜晚；《原神》EP - 悠扬戏风之诗。点位原说明：（「月之六」版本新增）；【蒙德 明冠山地】；；注：「月之六」版本更新后，完成魔神任务【序章 第三幕】「巨龙与自由之歌」后，自动解锁。按用户范围规则，将明确“蒙德野外”的曲目挂到蒙德源地区20个普通点位；蒙德城与风龙废墟保留专属音乐。范围推定待核实，未逐点确认实际音乐触发，不外推其它独立地区。 所有音乐与点位关系仍待人工复核。","https://wiki.biligame.com/ys/%E9%A3%8E%E4%B8%8E%E7%89%A7%E6%AD%8C%E4%B9%8B%E5%9F%8E"
"city-winds:1481390658:6556","netease:1481390658","静候未来","kongying:6556","七天神像","蒙德","蒙德","【蒙德 风起地】","2218","-3387","蒙德 / 蒙德 / 蒙德野外","region-scope","pending","Wiki出处：蒙德野外-夜晚；《原神》EP - 悠扬戏风之诗。点位原说明：【蒙德 风起地】。按用户范围规则，将明确“蒙德野外”的曲目挂到蒙德源地区20个普通点位；蒙德城与风龙废墟保留专属音乐。范围推定待核实，未逐点确认实际音乐触发，不外推其它独立地区。 所有音乐与点位关系仍待人工复核。","https://wiki.biligame.com/ys/%E9%A3%8E%E4%B8%8E%E7%89%A7%E6%AD%8C%E4%B9%8B%E5%9F%8E"
"city-winds:1481390646:6290","netease:1481390646","月照的荒野","kongying:6290","传送锚点","蒙德","蒙德","【蒙德 坠星山谷】","2568.5660610573","-3457.1337743964","蒙德 / 蒙德 / 蒙德野外","region-scope","pending","Wiki出处：蒙德野外-夜晚。点位原说明：【蒙德 坠星山谷】。按用户范围规则，将明确“蒙德野外”的曲目挂到蒙德源地区20个普通点位；蒙德城与风龙废墟保留专属音乐。范围推定待核实，未逐点确认实际音乐触发，不外推其它独立地区。 所有音乐与点位关系仍待人工复核。","https://wiki.biligame.com/ys/%E9%A3%8E%E4%B8%8E%E7%89%A7%E6%AD%8C%E4%B9%8B%E5%9F%8E"
"city-winds:1481390646:6292","netease:1481390646","月照的荒野","kongying:6292","传送锚点","蒙德","蒙德","【蒙德 摘星崖】","2540.3336677791","-3883.6666717529","蒙德 / 蒙德 / 蒙德野外","region-scope","pending","Wiki出处：蒙德野外-夜晚。点位原说明：【蒙德 摘星崖】。按用户范围规则，将明确“蒙德野外”的曲目挂到蒙德源地区20个普通点位；蒙德城与风龙废墟保留专属音乐。范围推定待核实，未逐点确认实际音乐触发，不外推其它独立地区。 所有音乐与点位关系仍待人工复核。","https://wiki.biligame.com/ys/%E9%A3%8E%E4%B8%8E%E7%89%A7%E6%AD%8C%E4%B9%8B%E5%9F%8E"
"city-winds:1481390646:6295","netease:1481390646","月照的荒野","kongying:6295","传送锚点","蒙德","蒙德","【蒙德 海岸到嘹望台】","2711.8336677791","-4398.3333435059","蒙德 / 蒙德 / 蒙德野外","region-scope","pending","Wiki出处：蒙德野外-夜晚。点位原说明：【蒙德 海岸到嘹望台】。按用户范围规则，将明确“蒙德野外”的曲目挂到蒙德源地区20个普通点位；蒙德城与风龙废墟保留专属音乐。范围推定待核实，未逐点确认实际音乐触发，不外推其它独立地区。 所有音乐与点位关系仍待人工复核。","https://wiki.biligame.com/ys/%E9%A3%8E%E4%B8%8E%E7%89%A7%E6%AD%8C%E4%B9%8B%E5%9F%8E"
"city-winds:1481390646:6557","netease:1481390646","月照的荒野","kongying:6557","七天神像","蒙德","蒙德","【蒙德 星落湖】","2293","-4244","蒙德 / 蒙德 / 蒙德野外","region-scope","pending","Wiki出处：蒙德野外-夜晚。点位原说明：【蒙德 星落湖】。按用户范围规则，将明确“蒙德野外”的曲目挂到蒙德源地区20个普通点位；蒙德城与风龙废墟保留专属音乐。范围推定待核实，未逐点确认实际音乐触发，不外推其它独立地区。 所有音乐与点位关系仍待人工复核。","https://wiki.biligame.com/ys/%E9%A3%8E%E4%B8%8E%E7%89%A7%E6%AD%8C%E4%B9%8B%E5%9F%8E"
"city-winds:1481390646:6289","netease:1481390646","月照的荒野","kongying:6289","传送锚点","蒙德","蒙德","【蒙德 誓言岬】","3199.3316836234","-2744.2115340797","蒙德 / 蒙德 / 蒙德野外","region-scope","pending","Wiki出处：蒙德野外-夜晚。点位原说明：【蒙德 誓言岬】。按用户范围规则，将明确“蒙德野外”的曲目挂到蒙德源地区20个普通点位；蒙德城与风龙废墟保留专属音乐。范围推定待核实，未逐点确认实际音乐触发，不外推其它独立地区。 所有音乐与点位关系仍待人工复核。","https://wiki.biligame.com/ys/%E9%A3%8E%E4%B8%8E%E7%89%A7%E6%AD%8C%E4%B9%8B%E5%9F%8E"
"city-winds:1481390646:6284","netease:1481390646","月照的荒野","kongying:6284","传送锚点","蒙德","蒙德","【蒙德 苍风高地】","1226.9417838044","-3730.38146687","蒙德 / 蒙德 / 蒙德野外","region-scope","pending","Wiki出处：蒙德野外-夜晚。点位原说明：【蒙德 苍风高地】。按用户范围规则，将明确“蒙德野外”的曲目挂到蒙德源地区20个普通点位；蒙德城与风龙废墟保留专属音乐。范围推定待核实，未逐点确认实际音乐触发，不外推其它独立地区。 所有音乐与点位关系仍待人工复核。","https://wiki.biligame.com/ys/%E9%A3%8E%E4%B8%8E%E7%89%A7%E6%AD%8C%E4%B9%8B%E5%9F%8E"
"city-winds:1481390646:6555","netease:1481390646","月照的荒野","kongying:6555","七天神像","蒙德","蒙德","【蒙德 苍风高地】
击败附近的【狂风之核】可解除【狂风屏障】并激活。","1295","-3297.8333435059","蒙德 / 蒙德 / 蒙德野外","region-scope","pending","Wiki出处：蒙德野外-夜晚。点位原说明：【蒙德 苍风高地】；击败附近的【狂风之核】可解除【狂风屏障】并激活。。按用户范围规则，将明确“蒙德野外”的曲目挂到蒙德源地区20个普通点位；蒙德城与风龙废墟保留专属音乐。范围推定待核实，未逐点确认实际音乐触发，不外推其它独立地区。 所有音乐与点位关系仍待人工复核。","https://wiki.biligame.com/ys/%E9%A3%8E%E4%B8%8E%E7%89%A7%E6%AD%8C%E4%B9%8B%E5%9F%8E"
"city-winds:1481390646:7290","netease:1481390646","月照的荒野","kongying:7290","传送锚点","蒙德","蒙德","【蒙德 苍风高地】","2037.5834085960996","-2950.8350506112","蒙德 / 蒙德 / 蒙德野外","region-scope","pending","Wiki出处：蒙德野外-夜晚。点位原说明：【蒙德 苍风高地】。按用户范围规则，将明确“蒙德野外”的曲目挂到蒙德源地区20个普通点位；蒙德城与风龙废墟保留专属音乐。范围推定待核实，未逐点确认实际音乐触发，不外推其它独立地区。 所有音乐与点位关系仍待人工复核。","https://wiki.biligame.com/ys/%E9%A3%8E%E4%B8%8E%E7%89%A7%E6%AD%8C%E4%B9%8B%E5%9F%8E"
"city-winds:1481390646:6286","netease:1481390646","月照的荒野","kongying:6286","传送锚点","蒙德","蒙德","【蒙德 清泉镇】","1689.178006025","-3482.2398053092","蒙德 / 蒙德 / 蒙德野外","region-scope","pending","Wiki出处：蒙德野外-夜晚。点位原说明：【蒙德 清泉镇】。按用户范围规则，将明确“蒙德野外”的曲目挂到蒙德源地区20个普通点位；蒙德城与风龙废墟保留专属音乐。范围推定待核实，未逐点确认实际音乐触发，不外推其它独立地区。 所有音乐与点位关系仍待人工复核。","https://wiki.biligame.com/ys/%E9%A3%8E%E4%B8%8E%E7%89%A7%E6%AD%8C%E4%B9%8B%E5%9F%8E"
"city-winds:1481390646:6285","netease:1481390646","月照的荒野","kongying:6285","传送锚点","蒙德","蒙德","【蒙德 苍风高地】","800.33069395251","-3309.4839928473","蒙德 / 蒙德 / 蒙德野外","region-scope","pending","Wiki出处：蒙德野外-夜晚。点位原说明：【蒙德 苍风高地】。按用户范围规则，将明确“蒙德野外”的曲目挂到蒙德源地区20个普通点位；蒙德城与风龙废墟保留专属音乐。范围推定待核实，未逐点确认实际音乐触发，不外推其它独立地区。 所有音乐与点位关系仍待人工复核。","https://wiki.biligame.com/ys/%E9%A3%8E%E4%B8%8E%E7%89%A7%E6%AD%8C%E4%B9%8B%E5%9F%8E"
"city-winds:1481390646:6282","netease:1481390646","月照的荒野","kongying:6282","传送锚点","蒙德","蒙德","【蒙德 明冠山地】","479.70576116829","-3994.650456529","蒙德 / 蒙德 / 蒙德野外","region-scope","pending","Wiki出处：蒙德野外-夜晚。点位原说明：【蒙德 明冠山地】。按用户范围规则，将明确“蒙德野外”的曲目挂到蒙德源地区20个普通点位；蒙德城与风龙废墟保留专属音乐。范围推定待核实，未逐点确认实际音乐触发，不外推其它独立地区。 所有音乐与点位关系仍待人工复核。","https://wiki.biligame.com/ys/%E9%A3%8E%E4%B8%8E%E7%89%A7%E6%AD%8C%E4%B9%8B%E5%9F%8E"
"city-winds:1481390646:6283","netease:1481390646","月照的荒野","kongying:6283","传送锚点","蒙德","蒙德","【蒙德 苍风高地】","1040.6326901073","-3884.3439744663","蒙德 / 蒙德 / 蒙德野外","region-scope","pending","Wiki出处：蒙德野外-夜晚。点位原说明：【蒙德 苍风高地】。按用户范围规则，将明确“蒙德野外”的曲目挂到蒙德源地区20个普通点位；蒙德城与风龙废墟保留专属音乐。范围推定待核实，未逐点确认实际音乐触发，不外推其它独立地区。 所有音乐与点位关系仍待人工复核。","https://wiki.biligame.com/ys/%E9%A3%8E%E4%B8%8E%E7%89%A7%E6%AD%8C%E4%B9%8B%E5%9F%8E"
"city-winds:1481390646:6287","netease:1481390646","月照的荒野","kongying:6287","传送锚点","蒙德","蒙德","【蒙德 清泉镇】","1746","-3211.6666564941","蒙德 / 蒙德 / 蒙德野外","region-scope","pending","Wiki出处：蒙德野外-夜晚。点位原说明：【蒙德 清泉镇】。按用户范围规则，将明确“蒙德野外”的曲目挂到蒙德源地区20个普通点位；蒙德城与风龙废墟保留专属音乐。范围推定待核实，未逐点确认实际音乐触发，不外推其它独立地区。 所有音乐与点位关系仍待人工复核。","https://wiki.biligame.com/ys/%E9%A3%8E%E4%B8%8E%E7%89%A7%E6%AD%8C%E4%B9%8B%E5%9F%8E"
"city-winds:1481390646:6288","netease:1481390646","月照的荒野","kongying:6288","传送锚点","蒙德","蒙德","【蒙德 达达乌帕谷】","2444.4300645305","-2771.0383143056","蒙德 / 蒙德 / 蒙德野外","region-scope","pending","Wiki出处：蒙德野外-夜晚。点位原说明：【蒙德 达达乌帕谷】。按用户范围规则，将明确“蒙德野外”的曲目挂到蒙德源地区20个普通点位；蒙德城与风龙废墟保留专属音乐。范围推定待核实，未逐点确认实际音乐触发，不外推其它独立地区。 所有音乐与点位关系仍待人工复核。","https://wiki.biligame.com/ys/%E9%A3%8E%E4%B8%8E%E7%89%A7%E6%AD%8C%E4%B9%8B%E5%9F%8E"
"city-winds:1481390646:6291","netease:1481390646","月照的荒野","kongying:6291","传送锚点","蒙德","蒙德","【蒙德 坠星山谷】","2023.831645842","-3751.6666717529","蒙德 / 蒙德 / 蒙德野外","region-scope","pending","Wiki出处：蒙德野外-夜晚。点位原说明：【蒙德 坠星山谷】。按用户范围规则，将明确“蒙德野外”的曲目挂到蒙德源地区20个普通点位；蒙德城与风龙废墟保留专属音乐。范围推定待核实，未逐点确认实际音乐触发，不外推其它独立地区。 所有音乐与点位关系仍待人工复核。","https://wiki.biligame.com/ys/%E9%A3%8E%E4%B8%8E%E7%89%A7%E6%AD%8C%E4%B9%8B%E5%9F%8E"
"city-winds:1481390646:6294","netease:1481390646","月照的荒野","kongying:6294","传送锚点","蒙德","蒙德","【蒙德 望风山地】","2699.6673508208","-4596.6666717529","蒙德 / 蒙德 / 蒙德野外","region-scope","pending","Wiki出处：蒙德野外-夜晚。点位原说明：【蒙德 望风山地】。按用户范围规则，将明确“蒙德野外”的曲目挂到蒙德源地区20个普通点位；蒙德城与风龙废墟保留专属音乐。范围推定待核实，未逐点确认实际音乐触发，不外推其它独立地区。 所有音乐与点位关系仍待人工复核。","https://wiki.biligame.com/ys/%E9%A3%8E%E4%B8%8E%E7%89%A7%E6%AD%8C%E4%B9%8B%E5%9F%8E"
"city-winds:1481390646:7298","netease:1481390646","月照的荒野","kongying:7298","传送锚点","蒙德","蒙德","【蒙德 明冠山地】","1107.8334085961","-4265.1667784342","蒙德 / 蒙德 / 蒙德野外","region-scope","pending","Wiki出处：蒙德野外-夜晚。点位原说明：【蒙德 明冠山地】。按用户范围规则，将明确“蒙德野外”的曲目挂到蒙德源地区20个普通点位；蒙德城与风龙废墟保留专属音乐。范围推定待核实，未逐点确认实际音乐触发，不外推其它独立地区。 所有音乐与点位关系仍待人工复核。","https://wiki.biligame.com/ys/%E9%A3%8E%E4%B8%8E%E7%89%A7%E6%AD%8C%E4%B9%8B%E5%9F%8E"
"city-winds:1481390646:6293","netease:1481390646","月照的荒野","kongying:6293","传送锚点","蒙德","蒙德","【蒙德 望风山地】","2223.1673355581","-4452.8333282471","蒙德 / 蒙德 / 蒙德野外","region-scope","pending","Wiki出处：蒙德野外-夜晚。点位原说明：【蒙德 望风山地】。按用户范围规则，将明确“蒙德野外”的曲目挂到蒙德源地区20个普通点位；蒙德城与风龙废墟保留专属音乐。范围推定待核实，未逐点确认实际音乐触发，不外推其它独立地区。 所有音乐与点位关系仍待人工复核。","https://wiki.biligame.com/ys/%E9%A3%8E%E4%B8%8E%E7%89%A7%E6%AD%8C%E4%B9%8B%E5%9F%8E"
"city-winds:1481390646:115467","netease:1481390646","月照的荒野","kongying:115467","传送锚点","蒙德","蒙德","（「月之六」版本新增）
【蒙德 明冠山地】

注：「月之六」版本更新后，完成魔神任务【序章 第三幕】「巨龙与自由之歌」后，自动解锁","954.961542835732","-4657.038389543974","蒙德 / 蒙德 / 蒙德野外","region-scope","pending","Wiki出处：蒙德野外-夜晚。点位原说明：（「月之六」版本新增）；【蒙德 明冠山地】；；注：「月之六」版本更新后，完成魔神任务【序章 第三幕】「巨龙与自由之歌」后，自动解锁。按用户范围规则，将明确“蒙德野外”的曲目挂到蒙德源地区20个普通点位；蒙德城与风龙废墟保留专属音乐。范围推定待核实，未逐点确认实际音乐触发，不外推其它独立地区。 所有音乐与点位关系仍待人工复核。","https://wiki.biligame.com/ys/%E9%A3%8E%E4%B8%8E%E7%89%A7%E6%AD%8C%E4%B9%8B%E5%9F%8E"
"city-winds:1481390646:6556","netease:1481390646","月照的荒野","kongying:6556","七天神像","蒙德","蒙德","【蒙德 风起地】","2218","-3387","蒙德 / 蒙德 / 蒙德野外","region-scope","pending","Wiki出处：蒙德野外-夜晚。点位原说明：【蒙德 风起地】。按用户范围规则，将明确“蒙德野外”的曲目挂到蒙德源地区20个普通点位；蒙德城与风龙废墟保留专属音乐。范围推定待核实，未逐点确认实际音乐触发，不外推其它独立地区。 所有音乐与点位关系仍待人工复核。","https://wiki.biligame.com/ys/%E9%A3%8E%E4%B8%8E%E7%89%A7%E6%AD%8C%E4%B9%8B%E5%9F%8E"
"city-winds:1481390662:6290","netease:1481390662","希望的新一天","kongying:6290","传送锚点","蒙德","蒙德","【蒙德 坠星山谷】","2568.5660610573","-3457.1337743964","蒙德 / 蒙德 / 蒙德野外","region-scope","pending","Wiki出处：蒙德野外-白天；《原神》EP - 悠扬戏风之诗。点位原说明：【蒙德 坠星山谷】。按用户范围规则，将明确“蒙德野外”的曲目挂到蒙德源地区20个普通点位；蒙德城与风龙废墟保留专属音乐。范围推定待核实，未逐点确认实际音乐触发，不外推其它独立地区。 所有音乐与点位关系仍待人工复核。","https://wiki.biligame.com/ys/%E9%A3%8E%E4%B8%8E%E7%89%A7%E6%AD%8C%E4%B9%8B%E5%9F%8E"
"city-winds:1481390662:6292","netease:1481390662","希望的新一天","kongying:6292","传送锚点","蒙德","蒙德","【蒙德 摘星崖】","2540.3336677791","-3883.6666717529","蒙德 / 蒙德 / 蒙德野外","region-scope","pending","Wiki出处：蒙德野外-白天；《原神》EP - 悠扬戏风之诗。点位原说明：【蒙德 摘星崖】。按用户范围规则，将明确“蒙德野外”的曲目挂到蒙德源地区20个普通点位；蒙德城与风龙废墟保留专属音乐。范围推定待核实，未逐点确认实际音乐触发，不外推其它独立地区。 所有音乐与点位关系仍待人工复核。","https://wiki.biligame.com/ys/%E9%A3%8E%E4%B8%8E%E7%89%A7%E6%AD%8C%E4%B9%8B%E5%9F%8E"
"city-winds:1481390662:6295","netease:1481390662","希望的新一天","kongying:6295","传送锚点","蒙德","蒙德","【蒙德 海岸到嘹望台】","2711.8336677791","-4398.3333435059","蒙德 / 蒙德 / 蒙德野外","region-scope","pending","Wiki出处：蒙德野外-白天；《原神》EP - 悠扬戏风之诗。点位原说明：【蒙德 海岸到嘹望台】。按用户范围规则，将明确“蒙德野外”的曲目挂到蒙德源地区20个普通点位；蒙德城与风龙废墟保留专属音乐。范围推定待核实，未逐点确认实际音乐触发，不外推其它独立地区。 所有音乐与点位关系仍待人工复核。","https://wiki.biligame.com/ys/%E9%A3%8E%E4%B8%8E%E7%89%A7%E6%AD%8C%E4%B9%8B%E5%9F%8E"
"city-winds:1481390662:6557","netease:1481390662","希望的新一天","kongying:6557","七天神像","蒙德","蒙德","【蒙德 星落湖】","2293","-4244","蒙德 / 蒙德 / 蒙德野外","region-scope","pending","Wiki出处：蒙德野外-白天；《原神》EP - 悠扬戏风之诗。点位原说明：【蒙德 星落湖】。按用户范围规则，将明确“蒙德野外”的曲目挂到蒙德源地区20个普通点位；蒙德城与风龙废墟保留专属音乐。范围推定待核实，未逐点确认实际音乐触发，不外推其它独立地区。 所有音乐与点位关系仍待人工复核。","https://wiki.biligame.com/ys/%E9%A3%8E%E4%B8%8E%E7%89%A7%E6%AD%8C%E4%B9%8B%E5%9F%8E"
"city-winds:1481390662:6289","netease:1481390662","希望的新一天","kongying:6289","传送锚点","蒙德","蒙德","【蒙德 誓言岬】","3199.3316836234","-2744.2115340797","蒙德 / 蒙德 / 蒙德野外","region-scope","pending","Wiki出处：蒙德野外-白天；《原神》EP - 悠扬戏风之诗。点位原说明：【蒙德 誓言岬】。按用户范围规则，将明确“蒙德野外”的曲目挂到蒙德源地区20个普通点位；蒙德城与风龙废墟保留专属音乐。范围推定待核实，未逐点确认实际音乐触发，不外推其它独立地区。 所有音乐与点位关系仍待人工复核。","https://wiki.biligame.com/ys/%E9%A3%8E%E4%B8%8E%E7%89%A7%E6%AD%8C%E4%B9%8B%E5%9F%8E"
"city-winds:1481390662:6284","netease:1481390662","希望的新一天","kongying:6284","传送锚点","蒙德","蒙德","【蒙德 苍风高地】","1226.9417838044","-3730.38146687","蒙德 / 蒙德 / 蒙德野外","region-scope","pending","Wiki出处：蒙德野外-白天；《原神》EP - 悠扬戏风之诗。点位原说明：【蒙德 苍风高地】。按用户范围规则，将明确“蒙德野外”的曲目挂到蒙德源地区20个普通点位；蒙德城与风龙废墟保留专属音乐。范围推定待核实，未逐点确认实际音乐触发，不外推其它独立地区。 所有音乐与点位关系仍待人工复核。","https://wiki.biligame.com/ys/%E9%A3%8E%E4%B8%8E%E7%89%A7%E6%AD%8C%E4%B9%8B%E5%9F%8E"
"city-winds:1481390662:6555","netease:1481390662","希望的新一天","kongying:6555","七天神像","蒙德","蒙德","【蒙德 苍风高地】
击败附近的【狂风之核】可解除【狂风屏障】并激活。","1295","-3297.8333435059","蒙德 / 蒙德 / 蒙德野外","region-scope","pending","Wiki出处：蒙德野外-白天；《原神》EP - 悠扬戏风之诗。点位原说明：【蒙德 苍风高地】；击败附近的【狂风之核】可解除【狂风屏障】并激活。。按用户范围规则，将明确“蒙德野外”的曲目挂到蒙德源地区20个普通点位；蒙德城与风龙废墟保留专属音乐。范围推定待核实，未逐点确认实际音乐触发，不外推其它独立地区。 所有音乐与点位关系仍待人工复核。","https://wiki.biligame.com/ys/%E9%A3%8E%E4%B8%8E%E7%89%A7%E6%AD%8C%E4%B9%8B%E5%9F%8E"
"city-winds:1481390662:7290","netease:1481390662","希望的新一天","kongying:7290","传送锚点","蒙德","蒙德","【蒙德 苍风高地】","2037.5834085960996","-2950.8350506112","蒙德 / 蒙德 / 蒙德野外","region-scope","pending","Wiki出处：蒙德野外-白天；《原神》EP - 悠扬戏风之诗。点位原说明：【蒙德 苍风高地】。按用户范围规则，将明确“蒙德野外”的曲目挂到蒙德源地区20个普通点位；蒙德城与风龙废墟保留专属音乐。范围推定待核实，未逐点确认实际音乐触发，不外推其它独立地区。 所有音乐与点位关系仍待人工复核。","https://wiki.biligame.com/ys/%E9%A3%8E%E4%B8%8E%E7%89%A7%E6%AD%8C%E4%B9%8B%E5%9F%8E"
"city-winds:1481390662:6286","netease:1481390662","希望的新一天","kongying:6286","传送锚点","蒙德","蒙德","【蒙德 清泉镇】","1689.178006025","-3482.2398053092","蒙德 / 蒙德 / 蒙德野外","region-scope","pending","Wiki出处：蒙德野外-白天；《原神》EP - 悠扬戏风之诗。点位原说明：【蒙德 清泉镇】。按用户范围规则，将明确“蒙德野外”的曲目挂到蒙德源地区20个普通点位；蒙德城与风龙废墟保留专属音乐。范围推定待核实，未逐点确认实际音乐触发，不外推其它独立地区。 所有音乐与点位关系仍待人工复核。","https://wiki.biligame.com/ys/%E9%A3%8E%E4%B8%8E%E7%89%A7%E6%AD%8C%E4%B9%8B%E5%9F%8E"
"city-winds:1481390662:6285","netease:1481390662","希望的新一天","kongying:6285","传送锚点","蒙德","蒙德","【蒙德 苍风高地】","800.33069395251","-3309.4839928473","蒙德 / 蒙德 / 蒙德野外","region-scope","pending","Wiki出处：蒙德野外-白天；《原神》EP - 悠扬戏风之诗。点位原说明：【蒙德 苍风高地】。按用户范围规则，将明确“蒙德野外”的曲目挂到蒙德源地区20个普通点位；蒙德城与风龙废墟保留专属音乐。范围推定待核实，未逐点确认实际音乐触发，不外推其它独立地区。 所有音乐与点位关系仍待人工复核。","https://wiki.biligame.com/ys/%E9%A3%8E%E4%B8%8E%E7%89%A7%E6%AD%8C%E4%B9%8B%E5%9F%8E"
"city-winds:1481390662:6282","netease:1481390662","希望的新一天","kongying:6282","传送锚点","蒙德","蒙德","【蒙德 明冠山地】","479.70576116829","-3994.650456529","蒙德 / 蒙德 / 蒙德野外","region-scope","pending","Wiki出处：蒙德野外-白天；《原神》EP - 悠扬戏风之诗。点位原说明：【蒙德 明冠山地】。按用户范围规则，将明确“蒙德野外”的曲目挂到蒙德源地区20个普通点位；蒙德城与风龙废墟保留专属音乐。范围推定待核实，未逐点确认实际音乐触发，不外推其它独立地区。 所有音乐与点位关系仍待人工复核。","https://wiki.biligame.com/ys/%E9%A3%8E%E4%B8%8E%E7%89%A7%E6%AD%8C%E4%B9%8B%E5%9F%8E"
"city-winds:1481390662:6283","netease:1481390662","希望的新一天","kongying:6283","传送锚点","蒙德","蒙德","【蒙德 苍风高地】","1040.6326901073","-3884.3439744663","蒙德 / 蒙德 / 蒙德野外","region-scope","pending","Wiki出处：蒙德野外-白天；《原神》EP - 悠扬戏风之诗。点位原说明：【蒙德 苍风高地】。按用户范围规则，将明确“蒙德野外”的曲目挂到蒙德源地区20个普通点位；蒙德城与风龙废墟保留专属音乐。范围推定待核实，未逐点确认实际音乐触发，不外推其它独立地区。 所有音乐与点位关系仍待人工复核。","https://wiki.biligame.com/ys/%E9%A3%8E%E4%B8%8E%E7%89%A7%E6%AD%8C%E4%B9%8B%E5%9F%8E"
"city-winds:1481390662:6287","netease:1481390662","希望的新一天","kongying:6287","传送锚点","蒙德","蒙德","【蒙德 清泉镇】","1746","-3211.6666564941","蒙德 / 蒙德 / 蒙德野外","region-scope","pending","Wiki出处：蒙德野外-白天；《原神》EP - 悠扬戏风之诗。点位原说明：【蒙德 清泉镇】。按用户范围规则，将明确“蒙德野外”的曲目挂到蒙德源地区20个普通点位；蒙德城与风龙废墟保留专属音乐。范围推定待核实，未逐点确认实际音乐触发，不外推其它独立地区。 所有音乐与点位关系仍待人工复核。","https://wiki.biligame.com/ys/%E9%A3%8E%E4%B8%8E%E7%89%A7%E6%AD%8C%E4%B9%8B%E5%9F%8E"
"city-winds:1481390662:6288","netease:1481390662","希望的新一天","kongying:6288","传送锚点","蒙德","蒙德","【蒙德 达达乌帕谷】","2444.4300645305","-2771.0383143056","蒙德 / 蒙德 / 蒙德野外","region-scope","pending","Wiki出处：蒙德野外-白天；《原神》EP - 悠扬戏风之诗。点位原说明：【蒙德 达达乌帕谷】。按用户范围规则，将明确“蒙德野外”的曲目挂到蒙德源地区20个普通点位；蒙德城与风龙废墟保留专属音乐。范围推定待核实，未逐点确认实际音乐触发，不外推其它独立地区。 所有音乐与点位关系仍待人工复核。","https://wiki.biligame.com/ys/%E9%A3%8E%E4%B8%8E%E7%89%A7%E6%AD%8C%E4%B9%8B%E5%9F%8E"
"city-winds:1481390662:6291","netease:1481390662","希望的新一天","kongying:6291","传送锚点","蒙德","蒙德","【蒙德 坠星山谷】","2023.831645842","-3751.6666717529","蒙德 / 蒙德 / 蒙德野外","region-scope","pending","Wiki出处：蒙德野外-白天；《原神》EP - 悠扬戏风之诗。点位原说明：【蒙德 坠星山谷】。按用户范围规则，将明确“蒙德野外”的曲目挂到蒙德源地区20个普通点位；蒙德城与风龙废墟保留专属音乐。范围推定待核实，未逐点确认实际音乐触发，不外推其它独立地区。 所有音乐与点位关系仍待人工复核。","https://wiki.biligame.com/ys/%E9%A3%8E%E4%B8%8E%E7%89%A7%E6%AD%8C%E4%B9%8B%E5%9F%8E"
"city-winds:1481390662:6294","netease:1481390662","希望的新一天","kongying:6294","传送锚点","蒙德","蒙德","【蒙德 望风山地】","2699.6673508208","-4596.6666717529","蒙德 / 蒙德 / 蒙德野外","region-scope","pending","Wiki出处：蒙德野外-白天；《原神》EP - 悠扬戏风之诗。点位原说明：【蒙德 望风山地】。按用户范围规则，将明确“蒙德野外”的曲目挂到蒙德源地区20个普通点位；蒙德城与风龙废墟保留专属音乐。范围推定待核实，未逐点确认实际音乐触发，不外推其它独立地区。 所有音乐与点位关系仍待人工复核。","https://wiki.biligame.com/ys/%E9%A3%8E%E4%B8%8E%E7%89%A7%E6%AD%8C%E4%B9%8B%E5%9F%8E"
"city-winds:1481390662:7298","netease:1481390662","希望的新一天","kongying:7298","传送锚点","蒙德","蒙德","【蒙德 明冠山地】","1107.8334085961","-4265.1667784342","蒙德 / 蒙德 / 蒙德野外","region-scope","pending","Wiki出处：蒙德野外-白天；《原神》EP - 悠扬戏风之诗。点位原说明：【蒙德 明冠山地】。按用户范围规则，将明确“蒙德野外”的曲目挂到蒙德源地区20个普通点位；蒙德城与风龙废墟保留专属音乐。范围推定待核实，未逐点确认实际音乐触发，不外推其它独立地区。 所有音乐与点位关系仍待人工复核。","https://wiki.biligame.com/ys/%E9%A3%8E%E4%B8%8E%E7%89%A7%E6%AD%8C%E4%B9%8B%E5%9F%8E"
"city-winds:1481390662:6293","netease:1481390662","希望的新一天","kongying:6293","传送锚点","蒙德","蒙德","【蒙德 望风山地】","2223.1673355581","-4452.8333282471","蒙德 / 蒙德 / 蒙德野外","region-scope","pending","Wiki出处：蒙德野外-白天；《原神》EP - 悠扬戏风之诗。点位原说明：【蒙德 望风山地】。按用户范围规则，将明确“蒙德野外”的曲目挂到蒙德源地区20个普通点位；蒙德城与风龙废墟保留专属音乐。范围推定待核实，未逐点确认实际音乐触发，不外推其它独立地区。 所有音乐与点位关系仍待人工复核。","https://wiki.biligame.com/ys/%E9%A3%8E%E4%B8%8E%E7%89%A7%E6%AD%8C%E4%B9%8B%E5%9F%8E"
"city-winds:1481390662:115467","netease:1481390662","希望的新一天","kongying:115467","传送锚点","蒙德","蒙德","（「月之六」版本新增）
【蒙德 明冠山地】

注：「月之六」版本更新后，完成魔神任务【序章 第三幕】「巨龙与自由之歌」后，自动解锁","954.961542835732","-4657.038389543974","蒙德 / 蒙德 / 蒙德野外","region-scope","pending","Wiki出处：蒙德野外-白天；《原神》EP - 悠扬戏风之诗。点位原说明：（「月之六」版本新增）；【蒙德 明冠山地】；；注：「月之六」版本更新后，完成魔神任务【序章 第三幕】「巨龙与自由之歌」后，自动解锁。按用户范围规则，将明确“蒙德野外”的曲目挂到蒙德源地区20个普通点位；蒙德城与风龙废墟保留专属音乐。范围推定待核实，未逐点确认实际音乐触发，不外推其它独立地区。 所有音乐与点位关系仍待人工复核。","https://wiki.biligame.com/ys/%E9%A3%8E%E4%B8%8E%E7%89%A7%E6%AD%8C%E4%B9%8B%E5%9F%8E"
"city-winds:1481390662:6556","netease:1481390662","希望的新一天","kongying:6556","七天神像","蒙德","蒙德","【蒙德 风起地】","2218","-3387","蒙德 / 蒙德 / 蒙德野外","region-scope","pending","Wiki出处：蒙德野外-白天；《原神》EP - 悠扬戏风之诗。点位原说明：【蒙德 风起地】。按用户范围规则，将明确“蒙德野外”的曲目挂到蒙德源地区20个普通点位；蒙德城与风龙废墟保留专属音乐。范围推定待核实，未逐点确认实际音乐触发，不外推其它独立地区。 所有音乐与点位关系仍待人工复核。","https://wiki.biligame.com/ys/%E9%A3%8E%E4%B8%8E%E7%89%A7%E6%AD%8C%E4%B9%8B%E5%9F%8E"
"city-winds:1481392464:6290","netease:1481392464","希望之旅","kongying:6290","传送锚点","蒙德","蒙德","【蒙德 坠星山谷】","2568.5660610573","-3457.1337743964","蒙德 / 蒙德 / 蒙德野外","region-scope","pending","Wiki出处：蒙德野外-白天。点位原说明：【蒙德 坠星山谷】。按用户范围规则，将明确“蒙德野外”的曲目挂到蒙德源地区20个普通点位；蒙德城与风龙废墟保留专属音乐。范围推定待核实，未逐点确认实际音乐触发，不外推其它独立地区。 所有音乐与点位关系仍待人工复核。","https://wiki.biligame.com/ys/%E9%A3%8E%E4%B8%8E%E7%89%A7%E6%AD%8C%E4%B9%8B%E5%9F%8E"
"city-winds:1481392464:6292","netease:1481392464","希望之旅","kongying:6292","传送锚点","蒙德","蒙德","【蒙德 摘星崖】","2540.3336677791","-3883.6666717529","蒙德 / 蒙德 / 蒙德野外","region-scope","pending","Wiki出处：蒙德野外-白天。点位原说明：【蒙德 摘星崖】。按用户范围规则，将明确“蒙德野外”的曲目挂到蒙德源地区20个普通点位；蒙德城与风龙废墟保留专属音乐。范围推定待核实，未逐点确认实际音乐触发，不外推其它独立地区。 所有音乐与点位关系仍待人工复核。","https://wiki.biligame.com/ys/%E9%A3%8E%E4%B8%8E%E7%89%A7%E6%AD%8C%E4%B9%8B%E5%9F%8E"
"city-winds:1481392464:6295","netease:1481392464","希望之旅","kongying:6295","传送锚点","蒙德","蒙德","【蒙德 海岸到嘹望台】","2711.8336677791","-4398.3333435059","蒙德 / 蒙德 / 蒙德野外","region-scope","pending","Wiki出处：蒙德野外-白天。点位原说明：【蒙德 海岸到嘹望台】。按用户范围规则，将明确“蒙德野外”的曲目挂到蒙德源地区20个普通点位；蒙德城与风龙废墟保留专属音乐。范围推定待核实，未逐点确认实际音乐触发，不外推其它独立地区。 所有音乐与点位关系仍待人工复核。","https://wiki.biligame.com/ys/%E9%A3%8E%E4%B8%8E%E7%89%A7%E6%AD%8C%E4%B9%8B%E5%9F%8E"
"city-winds:1481392464:6557","netease:1481392464","希望之旅","kongying:6557","七天神像","蒙德","蒙德","【蒙德 星落湖】","2293","-4244","蒙德 / 蒙德 / 蒙德野外","region-scope","pending","Wiki出处：蒙德野外-白天。点位原说明：【蒙德 星落湖】。按用户范围规则，将明确“蒙德野外”的曲目挂到蒙德源地区20个普通点位；蒙德城与风龙废墟保留专属音乐。范围推定待核实，未逐点确认实际音乐触发，不外推其它独立地区。 所有音乐与点位关系仍待人工复核。","https://wiki.biligame.com/ys/%E9%A3%8E%E4%B8%8E%E7%89%A7%E6%AD%8C%E4%B9%8B%E5%9F%8E"
"city-winds:1481392464:6289","netease:1481392464","希望之旅","kongying:6289","传送锚点","蒙德","蒙德","【蒙德 誓言岬】","3199.3316836234","-2744.2115340797","蒙德 / 蒙德 / 蒙德野外","region-scope","pending","Wiki出处：蒙德野外-白天。点位原说明：【蒙德 誓言岬】。按用户范围规则，将明确“蒙德野外”的曲目挂到蒙德源地区20个普通点位；蒙德城与风龙废墟保留专属音乐。范围推定待核实，未逐点确认实际音乐触发，不外推其它独立地区。 所有音乐与点位关系仍待人工复核。","https://wiki.biligame.com/ys/%E9%A3%8E%E4%B8%8E%E7%89%A7%E6%AD%8C%E4%B9%8B%E5%9F%8E"
"city-winds:1481392464:6284","netease:1481392464","希望之旅","kongying:6284","传送锚点","蒙德","蒙德","【蒙德 苍风高地】","1226.9417838044","-3730.38146687","蒙德 / 蒙德 / 蒙德野外","region-scope","pending","Wiki出处：蒙德野外-白天。点位原说明：【蒙德 苍风高地】。按用户范围规则，将明确“蒙德野外”的曲目挂到蒙德源地区20个普通点位；蒙德城与风龙废墟保留专属音乐。范围推定待核实，未逐点确认实际音乐触发，不外推其它独立地区。 所有音乐与点位关系仍待人工复核。","https://wiki.biligame.com/ys/%E9%A3%8E%E4%B8%8E%E7%89%A7%E6%AD%8C%E4%B9%8B%E5%9F%8E"
"city-winds:1481392464:6555","netease:1481392464","希望之旅","kongying:6555","七天神像","蒙德","蒙德","【蒙德 苍风高地】
击败附近的【狂风之核】可解除【狂风屏障】并激活。","1295","-3297.8333435059","蒙德 / 蒙德 / 蒙德野外","region-scope","pending","Wiki出处：蒙德野外-白天。点位原说明：【蒙德 苍风高地】；击败附近的【狂风之核】可解除【狂风屏障】并激活。。按用户范围规则，将明确“蒙德野外”的曲目挂到蒙德源地区20个普通点位；蒙德城与风龙废墟保留专属音乐。范围推定待核实，未逐点确认实际音乐触发，不外推其它独立地区。 所有音乐与点位关系仍待人工复核。","https://wiki.biligame.com/ys/%E9%A3%8E%E4%B8%8E%E7%89%A7%E6%AD%8C%E4%B9%8B%E5%9F%8E"
"city-winds:1481392464:7290","netease:1481392464","希望之旅","kongying:7290","传送锚点","蒙德","蒙德","【蒙德 苍风高地】","2037.5834085960996","-2950.8350506112","蒙德 / 蒙德 / 蒙德野外","region-scope","pending","Wiki出处：蒙德野外-白天。点位原说明：【蒙德 苍风高地】。按用户范围规则，将明确“蒙德野外”的曲目挂到蒙德源地区20个普通点位；蒙德城与风龙废墟保留专属音乐。范围推定待核实，未逐点确认实际音乐触发，不外推其它独立地区。 所有音乐与点位关系仍待人工复核。","https://wiki.biligame.com/ys/%E9%A3%8E%E4%B8%8E%E7%89%A7%E6%AD%8C%E4%B9%8B%E5%9F%8E"
"city-winds:1481392464:6286","netease:1481392464","希望之旅","kongying:6286","传送锚点","蒙德","蒙德","【蒙德 清泉镇】","1689.178006025","-3482.2398053092","蒙德 / 蒙德 / 蒙德野外","region-scope","pending","Wiki出处：蒙德野外-白天。点位原说明：【蒙德 清泉镇】。按用户范围规则，将明确“蒙德野外”的曲目挂到蒙德源地区20个普通点位；蒙德城与风龙废墟保留专属音乐。范围推定待核实，未逐点确认实际音乐触发，不外推其它独立地区。 所有音乐与点位关系仍待人工复核。","https://wiki.biligame.com/ys/%E9%A3%8E%E4%B8%8E%E7%89%A7%E6%AD%8C%E4%B9%8B%E5%9F%8E"
"city-winds:1481392464:6285","netease:1481392464","希望之旅","kongying:6285","传送锚点","蒙德","蒙德","【蒙德 苍风高地】","800.33069395251","-3309.4839928473","蒙德 / 蒙德 / 蒙德野外","region-scope","pending","Wiki出处：蒙德野外-白天。点位原说明：【蒙德 苍风高地】。按用户范围规则，将明确“蒙德野外”的曲目挂到蒙德源地区20个普通点位；蒙德城与风龙废墟保留专属音乐。范围推定待核实，未逐点确认实际音乐触发，不外推其它独立地区。 所有音乐与点位关系仍待人工复核。","https://wiki.biligame.com/ys/%E9%A3%8E%E4%B8%8E%E7%89%A7%E6%AD%8C%E4%B9%8B%E5%9F%8E"
"city-winds:1481392464:6282","netease:1481392464","希望之旅","kongying:6282","传送锚点","蒙德","蒙德","【蒙德 明冠山地】","479.70576116829","-3994.650456529","蒙德 / 蒙德 / 蒙德野外","region-scope","pending","Wiki出处：蒙德野外-白天。点位原说明：【蒙德 明冠山地】。按用户范围规则，将明确“蒙德野外”的曲目挂到蒙德源地区20个普通点位；蒙德城与风龙废墟保留专属音乐。范围推定待核实，未逐点确认实际音乐触发，不外推其它独立地区。 所有音乐与点位关系仍待人工复核。","https://wiki.biligame.com/ys/%E9%A3%8E%E4%B8%8E%E7%89%A7%E6%AD%8C%E4%B9%8B%E5%9F%8E"
"city-winds:1481392464:6283","netease:1481392464","希望之旅","kongying:6283","传送锚点","蒙德","蒙德","【蒙德 苍风高地】","1040.6326901073","-3884.3439744663","蒙德 / 蒙德 / 蒙德野外","region-scope","pending","Wiki出处：蒙德野外-白天。点位原说明：【蒙德 苍风高地】。按用户范围规则，将明确“蒙德野外”的曲目挂到蒙德源地区20个普通点位；蒙德城与风龙废墟保留专属音乐。范围推定待核实，未逐点确认实际音乐触发，不外推其它独立地区。 所有音乐与点位关系仍待人工复核。","https://wiki.biligame.com/ys/%E9%A3%8E%E4%B8%8E%E7%89%A7%E6%AD%8C%E4%B9%8B%E5%9F%8E"
"city-winds:1481392464:6287","netease:1481392464","希望之旅","kongying:6287","传送锚点","蒙德","蒙德","【蒙德 清泉镇】","1746","-3211.6666564941","蒙德 / 蒙德 / 蒙德野外","region-scope","pending","Wiki出处：蒙德野外-白天。点位原说明：【蒙德 清泉镇】。按用户范围规则，将明确“蒙德野外”的曲目挂到蒙德源地区20个普通点位；蒙德城与风龙废墟保留专属音乐。范围推定待核实，未逐点确认实际音乐触发，不外推其它独立地区。 所有音乐与点位关系仍待人工复核。","https://wiki.biligame.com/ys/%E9%A3%8E%E4%B8%8E%E7%89%A7%E6%AD%8C%E4%B9%8B%E5%9F%8E"
"city-winds:1481392464:6288","netease:1481392464","希望之旅","kongying:6288","传送锚点","蒙德","蒙德","【蒙德 达达乌帕谷】","2444.4300645305","-2771.0383143056","蒙德 / 蒙德 / 蒙德野外","region-scope","pending","Wiki出处：蒙德野外-白天。点位原说明：【蒙德 达达乌帕谷】。按用户范围规则，将明确“蒙德野外”的曲目挂到蒙德源地区20个普通点位；蒙德城与风龙废墟保留专属音乐。范围推定待核实，未逐点确认实际音乐触发，不外推其它独立地区。 所有音乐与点位关系仍待人工复核。","https://wiki.biligame.com/ys/%E9%A3%8E%E4%B8%8E%E7%89%A7%E6%AD%8C%E4%B9%8B%E5%9F%8E"
"city-winds:1481392464:6291","netease:1481392464","希望之旅","kongying:6291","传送锚点","蒙德","蒙德","【蒙德 坠星山谷】","2023.831645842","-3751.6666717529","蒙德 / 蒙德 / 蒙德野外","region-scope","pending","Wiki出处：蒙德野外-白天。点位原说明：【蒙德 坠星山谷】。按用户范围规则，将明确“蒙德野外”的曲目挂到蒙德源地区20个普通点位；蒙德城与风龙废墟保留专属音乐。范围推定待核实，未逐点确认实际音乐触发，不外推其它独立地区。 所有音乐与点位关系仍待人工复核。","https://wiki.biligame.com/ys/%E9%A3%8E%E4%B8%8E%E7%89%A7%E6%AD%8C%E4%B9%8B%E5%9F%8E"
"city-winds:1481392464:6294","netease:1481392464","希望之旅","kongying:6294","传送锚点","蒙德","蒙德","【蒙德 望风山地】","2699.6673508208","-4596.6666717529","蒙德 / 蒙德 / 蒙德野外","region-scope","pending","Wiki出处：蒙德野外-白天。点位原说明：【蒙德 望风山地】。按用户范围规则，将明确“蒙德野外”的曲目挂到蒙德源地区20个普通点位；蒙德城与风龙废墟保留专属音乐。范围推定待核实，未逐点确认实际音乐触发，不外推其它独立地区。 所有音乐与点位关系仍待人工复核。","https://wiki.biligame.com/ys/%E9%A3%8E%E4%B8%8E%E7%89%A7%E6%AD%8C%E4%B9%8B%E5%9F%8E"
"city-winds:1481392464:7298","netease:1481392464","希望之旅","kongying:7298","传送锚点","蒙德","蒙德","【蒙德 明冠山地】","1107.8334085961","-4265.1667784342","蒙德 / 蒙德 / 蒙德野外","region-scope","pending","Wiki出处：蒙德野外-白天。点位原说明：【蒙德 明冠山地】。按用户范围规则，将明确“蒙德野外”的曲目挂到蒙德源地区20个普通点位；蒙德城与风龙废墟保留专属音乐。范围推定待核实，未逐点确认实际音乐触发，不外推其它独立地区。 所有音乐与点位关系仍待人工复核。","https://wiki.biligame.com/ys/%E9%A3%8E%E4%B8%8E%E7%89%A7%E6%AD%8C%E4%B9%8B%E5%9F%8E"
"city-winds:1481392464:6293","netease:1481392464","希望之旅","kongying:6293","传送锚点","蒙德","蒙德","【蒙德 望风山地】","2223.1673355581","-4452.8333282471","蒙德 / 蒙德 / 蒙德野外","region-scope","pending","Wiki出处：蒙德野外-白天。点位原说明：【蒙德 望风山地】。按用户范围规则，将明确“蒙德野外”的曲目挂到蒙德源地区20个普通点位；蒙德城与风龙废墟保留专属音乐。范围推定待核实，未逐点确认实际音乐触发，不外推其它独立地区。 所有音乐与点位关系仍待人工复核。","https://wiki.biligame.com/ys/%E9%A3%8E%E4%B8%8E%E7%89%A7%E6%AD%8C%E4%B9%8B%E5%9F%8E"
"city-winds:1481392464:115467","netease:1481392464","希望之旅","kongying:115467","传送锚点","蒙德","蒙德","（「月之六」版本新增）
【蒙德 明冠山地】

注：「月之六」版本更新后，完成魔神任务【序章 第三幕】「巨龙与自由之歌」后，自动解锁","954.961542835732","-4657.038389543974","蒙德 / 蒙德 / 蒙德野外","region-scope","pending","Wiki出处：蒙德野外-白天。点位原说明：（「月之六」版本新增）；【蒙德 明冠山地】；；注：「月之六」版本更新后，完成魔神任务【序章 第三幕】「巨龙与自由之歌」后，自动解锁。按用户范围规则，将明确“蒙德野外”的曲目挂到蒙德源地区20个普通点位；蒙德城与风龙废墟保留专属音乐。范围推定待核实，未逐点确认实际音乐触发，不外推其它独立地区。 所有音乐与点位关系仍待人工复核。","https://wiki.biligame.com/ys/%E9%A3%8E%E4%B8%8E%E7%89%A7%E6%AD%8C%E4%B9%8B%E5%9F%8E"
"city-winds:1481392464:6556","netease:1481392464","希望之旅","kongying:6556","七天神像","蒙德","蒙德","【蒙德 风起地】","2218","-3387","蒙德 / 蒙德 / 蒙德野外","region-scope","pending","Wiki出处：蒙德野外-白天。点位原说明：【蒙德 风起地】。按用户范围规则，将明确“蒙德野外”的曲目挂到蒙德源地区20个普通点位；蒙德城与风龙废墟保留专属音乐。范围推定待核实，未逐点确认实际音乐触发，不外推其它独立地区。 所有音乐与点位关系仍待人工复核。","https://wiki.biligame.com/ys/%E9%A3%8E%E4%B8%8E%E7%89%A7%E6%AD%8C%E4%B9%8B%E5%9F%8E"
"city-winds:1481392469:6554","netease:1481392469","万古之风的弃儿","kongying:6554","七天神像","蒙德","蒙德","【蒙德 风龙废墟】","294","-4343.5","蒙德 / 蒙德 / 风龙废墟","place-match","pending","Wiki出处：风龙废墟。点位原说明：【蒙德 风龙废墟】。出处明确风龙废墟，原点位说明匹配四个锚点与一个神像；实际精确音区/触发仍待复核。 所有音乐与点位关系仍待人工复核。","https://wiki.biligame.com/ys/%E9%A3%8E%E4%B8%8E%E7%89%A7%E6%AD%8C%E4%B9%8B%E5%9F%8E"
"city-winds:1481392469:6279","netease:1481392469","万古之风的弃儿","kongying:6279","传送锚点","蒙德","蒙德","【蒙德 风龙废墟】","645.53949671565","-4538.232254391","蒙德 / 蒙德 / 风龙废墟","place-match","pending","Wiki出处：风龙废墟。点位原说明：【蒙德 风龙废墟】。出处明确风龙废墟，原点位说明匹配四个锚点与一个神像；实际精确音区/触发仍待复核。 所有音乐与点位关系仍待人工复核。","https://wiki.biligame.com/ys/%E9%A3%8E%E4%B8%8E%E7%89%A7%E6%AD%8C%E4%B9%8B%E5%9F%8E"
"city-winds:1481392469:6280","netease:1481392469","万古之风的弃儿","kongying:6280","传送锚点","蒙德","蒙德","【蒙德 风龙废墟】","370.90860037652","-4360.9421144686","蒙德 / 蒙德 / 风龙废墟","place-match","pending","Wiki出处：风龙废墟。点位原说明：【蒙德 风龙废墟】。出处明确风龙废墟，原点位说明匹配四个锚点与一个神像；实际精确音区/触发仍待复核。 所有音乐与点位关系仍待人工复核。","https://wiki.biligame.com/ys/%E9%A3%8E%E4%B8%8E%E7%89%A7%E6%AD%8C%E4%B9%8B%E5%9F%8E"
"city-winds:1481392469:6278","netease:1481392469","万古之风的弃儿","kongying:6278","传送锚点","蒙德","蒙德","【蒙德 风龙废墟】","167.76838717003","-4715.1891624725","蒙德 / 蒙德 / 风龙废墟","place-match","pending","Wiki出处：风龙废墟。点位原说明：【蒙德 风龙废墟】。出处明确风龙废墟，原点位说明匹配四个锚点与一个神像；实际精确音区/触发仍待复核。 所有音乐与点位关系仍待人工复核。","https://wiki.biligame.com/ys/%E9%A3%8E%E4%B8%8E%E7%89%A7%E6%AD%8C%E4%B9%8B%E5%9F%8E"
"city-winds:1481392469:6281","netease:1481392469","万古之风的弃儿","kongying:6281","传送锚点","蒙德","蒙德","【蒙德 风龙废墟】","72.500254649975","-4265.5","蒙德 / 蒙德 / 风龙废墟","place-match","pending","Wiki出处：风龙废墟。点位原说明：【蒙德 风龙废墟】。出处明确风龙废墟，原点位说明匹配四个锚点与一个神像；实际精确音区/触发仍待复核。 所有音乐与点位关系仍待人工复核。","https://wiki.biligame.com/ys/%E9%A3%8E%E4%B8%8E%E7%89%A7%E6%AD%8C%E4%B9%8B%E5%9F%8E"
"city-winds:1481390663:6554","netease:1481390663","太古时光的遗孤","kongying:6554","七天神像","蒙德","蒙德","【蒙德 风龙废墟】","294","-4343.5","蒙德 / 蒙德 / 风龙废墟","place-match","pending","Wiki出处：风龙废墟。点位原说明：【蒙德 风龙废墟】。出处明确风龙废墟，原点位说明匹配四个锚点与一个神像；实际精确音区/触发仍待复核。 所有音乐与点位关系仍待人工复核。","https://wiki.biligame.com/ys/%E9%A3%8E%E4%B8%8E%E7%89%A7%E6%AD%8C%E4%B9%8B%E5%9F%8E"
"city-winds:1481390663:6279","netease:1481390663","太古时光的遗孤","kongying:6279","传送锚点","蒙德","蒙德","【蒙德 风龙废墟】","645.53949671565","-4538.232254391","蒙德 / 蒙德 / 风龙废墟","place-match","pending","Wiki出处：风龙废墟。点位原说明：【蒙德 风龙废墟】。出处明确风龙废墟，原点位说明匹配四个锚点与一个神像；实际精确音区/触发仍待复核。 所有音乐与点位关系仍待人工复核。","https://wiki.biligame.com/ys/%E9%A3%8E%E4%B8%8E%E7%89%A7%E6%AD%8C%E4%B9%8B%E5%9F%8E"
"city-winds:1481390663:6280","netease:1481390663","太古时光的遗孤","kongying:6280","传送锚点","蒙德","蒙德","【蒙德 风龙废墟】","370.90860037652","-4360.9421144686","蒙德 / 蒙德 / 风龙废墟","place-match","pending","Wiki出处：风龙废墟。点位原说明：【蒙德 风龙废墟】。出处明确风龙废墟，原点位说明匹配四个锚点与一个神像；实际精确音区/触发仍待复核。 所有音乐与点位关系仍待人工复核。","https://wiki.biligame.com/ys/%E9%A3%8E%E4%B8%8E%E7%89%A7%E6%AD%8C%E4%B9%8B%E5%9F%8E"
"city-winds:1481390663:6278","netease:1481390663","太古时光的遗孤","kongying:6278","传送锚点","蒙德","蒙德","【蒙德 风龙废墟】","167.76838717003","-4715.1891624725","蒙德 / 蒙德 / 风龙废墟","place-match","pending","Wiki出处：风龙废墟。点位原说明：【蒙德 风龙废墟】。出处明确风龙废墟，原点位说明匹配四个锚点与一个神像；实际精确音区/触发仍待复核。 所有音乐与点位关系仍待人工复核。","https://wiki.biligame.com/ys/%E9%A3%8E%E4%B8%8E%E7%89%A7%E6%AD%8C%E4%B9%8B%E5%9F%8E"
"city-winds:1481390663:6281","netease:1481390663","太古时光的遗孤","kongying:6281","传送锚点","蒙德","蒙德","【蒙德 风龙废墟】","72.500254649975","-4265.5","蒙德 / 蒙德 / 风龙废墟","place-match","pending","Wiki出处：风龙废墟。点位原说明：【蒙德 风龙废墟】。出处明确风龙废墟，原点位说明匹配四个锚点与一个神像；实际精确音区/触发仍待复核。 所有音乐与点位关系仍待人工复核。","https://wiki.biligame.com/ys/%E9%A3%8E%E4%B8%8E%E7%89%A7%E6%AD%8C%E4%B9%8B%E5%9F%8E"
"city-winds:1481390661:6557","netease:1481390661","午日的眺望","kongying:6557","七天神像","蒙德","蒙德","【蒙德 星落湖】","2293","-4244","蒙德 / 蒙德 / 未归的息星剧情PV","region-archive","pending","Wiki出处：未归的息星剧情PV。点位原说明：【蒙德 星落湖】。出处为界面/剧情/活动，可能跨区域，没有精确地图地点；按专辑归属放在蒙德默认星落湖神像归档，不认定在那里实际播放。 所有音乐与点位关系仍待人工复核。","https://wiki.biligame.com/ys/%E9%A3%8E%E4%B8%8E%E7%89%A7%E6%AD%8C%E4%B9%8B%E5%9F%8E"
"city-winds:1481392466:6290","netease:1481392466","久住往昔","kongying:6290","传送锚点","蒙德","蒙德","【蒙德 坠星山谷】","2568.5660610573","-3457.1337743964","蒙德 / 蒙德 / 蒙德野外","region-scope","pending","Wiki出处：蒙德野外-白天。点位原说明：【蒙德 坠星山谷】。按用户范围规则，将明确“蒙德野外”的曲目挂到蒙德源地区20个普通点位；蒙德城与风龙废墟保留专属音乐。范围推定待核实，未逐点确认实际音乐触发，不外推其它独立地区。 所有音乐与点位关系仍待人工复核。","https://wiki.biligame.com/ys/%E9%A3%8E%E4%B8%8E%E7%89%A7%E6%AD%8C%E4%B9%8B%E5%9F%8E"
"city-winds:1481392466:6292","netease:1481392466","久住往昔","kongying:6292","传送锚点","蒙德","蒙德","【蒙德 摘星崖】","2540.3336677791","-3883.6666717529","蒙德 / 蒙德 / 蒙德野外","region-scope","pending","Wiki出处：蒙德野外-白天。点位原说明：【蒙德 摘星崖】。按用户范围规则，将明确“蒙德野外”的曲目挂到蒙德源地区20个普通点位；蒙德城与风龙废墟保留专属音乐。范围推定待核实，未逐点确认实际音乐触发，不外推其它独立地区。 所有音乐与点位关系仍待人工复核。","https://wiki.biligame.com/ys/%E9%A3%8E%E4%B8%8E%E7%89%A7%E6%AD%8C%E4%B9%8B%E5%9F%8E"
"city-winds:1481392466:6295","netease:1481392466","久住往昔","kongying:6295","传送锚点","蒙德","蒙德","【蒙德 海岸到嘹望台】","2711.8336677791","-4398.3333435059","蒙德 / 蒙德 / 蒙德野外","region-scope","pending","Wiki出处：蒙德野外-白天。点位原说明：【蒙德 海岸到嘹望台】。按用户范围规则，将明确“蒙德野外”的曲目挂到蒙德源地区20个普通点位；蒙德城与风龙废墟保留专属音乐。范围推定待核实，未逐点确认实际音乐触发，不外推其它独立地区。 所有音乐与点位关系仍待人工复核。","https://wiki.biligame.com/ys/%E9%A3%8E%E4%B8%8E%E7%89%A7%E6%AD%8C%E4%B9%8B%E5%9F%8E"
"city-winds:1481392466:6557","netease:1481392466","久住往昔","kongying:6557","七天神像","蒙德","蒙德","【蒙德 星落湖】","2293","-4244","蒙德 / 蒙德 / 蒙德野外","region-scope","pending","Wiki出处：蒙德野外-白天。点位原说明：【蒙德 星落湖】。按用户范围规则，将明确“蒙德野外”的曲目挂到蒙德源地区20个普通点位；蒙德城与风龙废墟保留专属音乐。范围推定待核实，未逐点确认实际音乐触发，不外推其它独立地区。 所有音乐与点位关系仍待人工复核。","https://wiki.biligame.com/ys/%E9%A3%8E%E4%B8%8E%E7%89%A7%E6%AD%8C%E4%B9%8B%E5%9F%8E"
"city-winds:1481392466:6289","netease:1481392466","久住往昔","kongying:6289","传送锚点","蒙德","蒙德","【蒙德 誓言岬】","3199.3316836234","-2744.2115340797","蒙德 / 蒙德 / 蒙德野外","region-scope","pending","Wiki出处：蒙德野外-白天。点位原说明：【蒙德 誓言岬】。按用户范围规则，将明确“蒙德野外”的曲目挂到蒙德源地区20个普通点位；蒙德城与风龙废墟保留专属音乐。范围推定待核实，未逐点确认实际音乐触发，不外推其它独立地区。 所有音乐与点位关系仍待人工复核。","https://wiki.biligame.com/ys/%E9%A3%8E%E4%B8%8E%E7%89%A7%E6%AD%8C%E4%B9%8B%E5%9F%8E"
"city-winds:1481392466:6284","netease:1481392466","久住往昔","kongying:6284","传送锚点","蒙德","蒙德","【蒙德 苍风高地】","1226.9417838044","-3730.38146687","蒙德 / 蒙德 / 蒙德野外","region-scope","pending","Wiki出处：蒙德野外-白天。点位原说明：【蒙德 苍风高地】。按用户范围规则，将明确“蒙德野外”的曲目挂到蒙德源地区20个普通点位；蒙德城与风龙废墟保留专属音乐。范围推定待核实，未逐点确认实际音乐触发，不外推其它独立地区。 所有音乐与点位关系仍待人工复核。","https://wiki.biligame.com/ys/%E9%A3%8E%E4%B8%8E%E7%89%A7%E6%AD%8C%E4%B9%8B%E5%9F%8E"
"city-winds:1481392466:6555","netease:1481392466","久住往昔","kongying:6555","七天神像","蒙德","蒙德","【蒙德 苍风高地】
击败附近的【狂风之核】可解除【狂风屏障】并激活。","1295","-3297.8333435059","蒙德 / 蒙德 / 蒙德野外","region-scope","pending","Wiki出处：蒙德野外-白天。点位原说明：【蒙德 苍风高地】；击败附近的【狂风之核】可解除【狂风屏障】并激活。。按用户范围规则，将明确“蒙德野外”的曲目挂到蒙德源地区20个普通点位；蒙德城与风龙废墟保留专属音乐。范围推定待核实，未逐点确认实际音乐触发，不外推其它独立地区。 所有音乐与点位关系仍待人工复核。","https://wiki.biligame.com/ys/%E9%A3%8E%E4%B8%8E%E7%89%A7%E6%AD%8C%E4%B9%8B%E5%9F%8E"
"city-winds:1481392466:7290","netease:1481392466","久住往昔","kongying:7290","传送锚点","蒙德","蒙德","【蒙德 苍风高地】","2037.5834085960996","-2950.8350506112","蒙德 / 蒙德 / 蒙德野外","region-scope","pending","Wiki出处：蒙德野外-白天。点位原说明：【蒙德 苍风高地】。按用户范围规则，将明确“蒙德野外”的曲目挂到蒙德源地区20个普通点位；蒙德城与风龙废墟保留专属音乐。范围推定待核实，未逐点确认实际音乐触发，不外推其它独立地区。 所有音乐与点位关系仍待人工复核。","https://wiki.biligame.com/ys/%E9%A3%8E%E4%B8%8E%E7%89%A7%E6%AD%8C%E4%B9%8B%E5%9F%8E"
"city-winds:1481392466:6286","netease:1481392466","久住往昔","kongying:6286","传送锚点","蒙德","蒙德","【蒙德 清泉镇】","1689.178006025","-3482.2398053092","蒙德 / 蒙德 / 蒙德野外","region-scope","pending","Wiki出处：蒙德野外-白天。点位原说明：【蒙德 清泉镇】。按用户范围规则，将明确“蒙德野外”的曲目挂到蒙德源地区20个普通点位；蒙德城与风龙废墟保留专属音乐。范围推定待核实，未逐点确认实际音乐触发，不外推其它独立地区。 所有音乐与点位关系仍待人工复核。","https://wiki.biligame.com/ys/%E9%A3%8E%E4%B8%8E%E7%89%A7%E6%AD%8C%E4%B9%8B%E5%9F%8E"
"city-winds:1481392466:6285","netease:1481392466","久住往昔","kongying:6285","传送锚点","蒙德","蒙德","【蒙德 苍风高地】","800.33069395251","-3309.4839928473","蒙德 / 蒙德 / 蒙德野外","region-scope","pending","Wiki出处：蒙德野外-白天。点位原说明：【蒙德 苍风高地】。按用户范围规则，将明确“蒙德野外”的曲目挂到蒙德源地区20个普通点位；蒙德城与风龙废墟保留专属音乐。范围推定待核实，未逐点确认实际音乐触发，不外推其它独立地区。 所有音乐与点位关系仍待人工复核。","https://wiki.biligame.com/ys/%E9%A3%8E%E4%B8%8E%E7%89%A7%E6%AD%8C%E4%B9%8B%E5%9F%8E"
"city-winds:1481392466:6282","netease:1481392466","久住往昔","kongying:6282","传送锚点","蒙德","蒙德","【蒙德 明冠山地】","479.70576116829","-3994.650456529","蒙德 / 蒙德 / 蒙德野外","region-scope","pending","Wiki出处：蒙德野外-白天。点位原说明：【蒙德 明冠山地】。按用户范围规则，将明确“蒙德野外”的曲目挂到蒙德源地区20个普通点位；蒙德城与风龙废墟保留专属音乐。范围推定待核实，未逐点确认实际音乐触发，不外推其它独立地区。 所有音乐与点位关系仍待人工复核。","https://wiki.biligame.com/ys/%E9%A3%8E%E4%B8%8E%E7%89%A7%E6%AD%8C%E4%B9%8B%E5%9F%8E"
"city-winds:1481392466:6283","netease:1481392466","久住往昔","kongying:6283","传送锚点","蒙德","蒙德","【蒙德 苍风高地】","1040.6326901073","-3884.3439744663","蒙德 / 蒙德 / 蒙德野外","region-scope","pending","Wiki出处：蒙德野外-白天。点位原说明：【蒙德 苍风高地】。按用户范围规则，将明确“蒙德野外”的曲目挂到蒙德源地区20个普通点位；蒙德城与风龙废墟保留专属音乐。范围推定待核实，未逐点确认实际音乐触发，不外推其它独立地区。 所有音乐与点位关系仍待人工复核。","https://wiki.biligame.com/ys/%E9%A3%8E%E4%B8%8E%E7%89%A7%E6%AD%8C%E4%B9%8B%E5%9F%8E"
"city-winds:1481392466:6287","netease:1481392466","久住往昔","kongying:6287","传送锚点","蒙德","蒙德","【蒙德 清泉镇】","1746","-3211.6666564941","蒙德 / 蒙德 / 蒙德野外","region-scope","pending","Wiki出处：蒙德野外-白天。点位原说明：【蒙德 清泉镇】。按用户范围规则，将明确“蒙德野外”的曲目挂到蒙德源地区20个普通点位；蒙德城与风龙废墟保留专属音乐。范围推定待核实，未逐点确认实际音乐触发，不外推其它独立地区。 所有音乐与点位关系仍待人工复核。","https://wiki.biligame.com/ys/%E9%A3%8E%E4%B8%8E%E7%89%A7%E6%AD%8C%E4%B9%8B%E5%9F%8E"
"city-winds:1481392466:6288","netease:1481392466","久住往昔","kongying:6288","传送锚点","蒙德","蒙德","【蒙德 达达乌帕谷】","2444.4300645305","-2771.0383143056","蒙德 / 蒙德 / 蒙德野外","region-scope","pending","Wiki出处：蒙德野外-白天。点位原说明：【蒙德 达达乌帕谷】。按用户范围规则，将明确“蒙德野外”的曲目挂到蒙德源地区20个普通点位；蒙德城与风龙废墟保留专属音乐。范围推定待核实，未逐点确认实际音乐触发，不外推其它独立地区。 所有音乐与点位关系仍待人工复核。","https://wiki.biligame.com/ys/%E9%A3%8E%E4%B8%8E%E7%89%A7%E6%AD%8C%E4%B9%8B%E5%9F%8E"
"city-winds:1481392466:6291","netease:1481392466","久住往昔","kongying:6291","传送锚点","蒙德","蒙德","【蒙德 坠星山谷】","2023.831645842","-3751.6666717529","蒙德 / 蒙德 / 蒙德野外","region-scope","pending","Wiki出处：蒙德野外-白天。点位原说明：【蒙德 坠星山谷】。按用户范围规则，将明确“蒙德野外”的曲目挂到蒙德源地区20个普通点位；蒙德城与风龙废墟保留专属音乐。范围推定待核实，未逐点确认实际音乐触发，不外推其它独立地区。 所有音乐与点位关系仍待人工复核。","https://wiki.biligame.com/ys/%E9%A3%8E%E4%B8%8E%E7%89%A7%E6%AD%8C%E4%B9%8B%E5%9F%8E"
"city-winds:1481392466:6294","netease:1481392466","久住往昔","kongying:6294","传送锚点","蒙德","蒙德","【蒙德 望风山地】","2699.6673508208","-4596.6666717529","蒙德 / 蒙德 / 蒙德野外","region-scope","pending","Wiki出处：蒙德野外-白天。点位原说明：【蒙德 望风山地】。按用户范围规则，将明确“蒙德野外”的曲目挂到蒙德源地区20个普通点位；蒙德城与风龙废墟保留专属音乐。范围推定待核实，未逐点确认实际音乐触发，不外推其它独立地区。 所有音乐与点位关系仍待人工复核。","https://wiki.biligame.com/ys/%E9%A3%8E%E4%B8%8E%E7%89%A7%E6%AD%8C%E4%B9%8B%E5%9F%8E"
"city-winds:1481392466:7298","netease:1481392466","久住往昔","kongying:7298","传送锚点","蒙德","蒙德","【蒙德 明冠山地】","1107.8334085961","-4265.1667784342","蒙德 / 蒙德 / 蒙德野外","region-scope","pending","Wiki出处：蒙德野外-白天。点位原说明：【蒙德 明冠山地】。按用户范围规则，将明确“蒙德野外”的曲目挂到蒙德源地区20个普通点位；蒙德城与风龙废墟保留专属音乐。范围推定待核实，未逐点确认实际音乐触发，不外推其它独立地区。 所有音乐与点位关系仍待人工复核。","https://wiki.biligame.com/ys/%E9%A3%8E%E4%B8%8E%E7%89%A7%E6%AD%8C%E4%B9%8B%E5%9F%8E"
"city-winds:1481392466:6293","netease:1481392466","久住往昔","kongying:6293","传送锚点","蒙德","蒙德","【蒙德 望风山地】","2223.1673355581","-4452.8333282471","蒙德 / 蒙德 / 蒙德野外","region-scope","pending","Wiki出处：蒙德野外-白天。点位原说明：【蒙德 望风山地】。按用户范围规则，将明确“蒙德野外”的曲目挂到蒙德源地区20个普通点位；蒙德城与风龙废墟保留专属音乐。范围推定待核实，未逐点确认实际音乐触发，不外推其它独立地区。 所有音乐与点位关系仍待人工复核。","https://wiki.biligame.com/ys/%E9%A3%8E%E4%B8%8E%E7%89%A7%E6%AD%8C%E4%B9%8B%E5%9F%8E"
"city-winds:1481392466:115467","netease:1481392466","久住往昔","kongying:115467","传送锚点","蒙德","蒙德","（「月之六」版本新增）
【蒙德 明冠山地】

注：「月之六」版本更新后，完成魔神任务【序章 第三幕】「巨龙与自由之歌」后，自动解锁","954.961542835732","-4657.038389543974","蒙德 / 蒙德 / 蒙德野外","region-scope","pending","Wiki出处：蒙德野外-白天。点位原说明：（「月之六」版本新增）；【蒙德 明冠山地】；；注：「月之六」版本更新后，完成魔神任务【序章 第三幕】「巨龙与自由之歌」后，自动解锁。按用户范围规则，将明确“蒙德野外”的曲目挂到蒙德源地区20个普通点位；蒙德城与风龙废墟保留专属音乐。范围推定待核实，未逐点确认实际音乐触发，不外推其它独立地区。 所有音乐与点位关系仍待人工复核。","https://wiki.biligame.com/ys/%E9%A3%8E%E4%B8%8E%E7%89%A7%E6%AD%8C%E4%B9%8B%E5%9F%8E"
"city-winds:1481392466:6556","netease:1481392466","久住往昔","kongying:6556","七天神像","蒙德","蒙德","【蒙德 风起地】","2218","-3387","蒙德 / 蒙德 / 蒙德野外","region-scope","pending","Wiki出处：蒙德野外-白天。点位原说明：【蒙德 风起地】。按用户范围规则，将明确“蒙德野外”的曲目挂到蒙德源地区20个普通点位；蒙德城与风龙废墟保留专属音乐。范围推定待核实，未逐点确认实际音乐触发，不外推其它独立地区。 所有音乐与点位关系仍待人工复核。","https://wiki.biligame.com/ys/%E9%A3%8E%E4%B8%8E%E7%89%A7%E6%AD%8C%E4%B9%8B%E5%9F%8E"
"city-winds:1481392468:6557","netease:1481392468","永恒的回忆","kongying:6557","七天神像","蒙德","蒙德","【蒙德 星落湖】","2293","-4244","蒙德 / 蒙德 / 温迪PV · 四方之风","region-archive","pending","Wiki出处：温迪PV-四方之风。点位原说明：【蒙德 星落湖】。出处为界面/剧情/活动，可能跨区域，没有精确地图地点；按专辑归属放在蒙德默认星落湖神像归档，不认定在那里实际播放。 所有音乐与点位关系仍待人工复核。","https://wiki.biligame.com/ys/%E9%A3%8E%E4%B8%8E%E7%89%A7%E6%AD%8C%E4%B9%8B%E5%9F%8E"
"city-winds:1481390929:6290","netease:1481390929","光辉的涨落","kongying:6290","传送锚点","蒙德","蒙德","【蒙德 坠星山谷】","2568.5660610573","-3457.1337743964","蒙德 / 蒙德 / 蒙德战斗","region-scope","pending","Wiki出处：蒙德战斗。点位原说明：【蒙德 坠星山谷】。出处明确蒙德战斗，按用户范围规则挂到20个普通蒙德点位。保留战斗语境和待核实，不将它写成常驻环境音乐；专属点位不追加泛地区候选。 所有音乐与点位关系仍待人工复核。","https://wiki.biligame.com/ys/%E9%A3%8E%E4%B8%8E%E7%89%A7%E6%AD%8C%E4%B9%8B%E5%9F%8E"
"city-winds:1481390929:6292","netease:1481390929","光辉的涨落","kongying:6292","传送锚点","蒙德","蒙德","【蒙德 摘星崖】","2540.3336677791","-3883.6666717529","蒙德 / 蒙德 / 蒙德战斗","region-scope","pending","Wiki出处：蒙德战斗。点位原说明：【蒙德 摘星崖】。出处明确蒙德战斗，按用户范围规则挂到20个普通蒙德点位。保留战斗语境和待核实，不将它写成常驻环境音乐；专属点位不追加泛地区候选。 所有音乐与点位关系仍待人工复核。","https://wiki.biligame.com/ys/%E9%A3%8E%E4%B8%8E%E7%89%A7%E6%AD%8C%E4%B9%8B%E5%9F%8E"
"city-winds:1481390929:6295","netease:1481390929","光辉的涨落","kongying:6295","传送锚点","蒙德","蒙德","【蒙德 海岸到嘹望台】","2711.8336677791","-4398.3333435059","蒙德 / 蒙德 / 蒙德战斗","region-scope","pending","Wiki出处：蒙德战斗。点位原说明：【蒙德 海岸到嘹望台】。出处明确蒙德战斗，按用户范围规则挂到20个普通蒙德点位。保留战斗语境和待核实，不将它写成常驻环境音乐；专属点位不追加泛地区候选。 所有音乐与点位关系仍待人工复核。","https://wiki.biligame.com/ys/%E9%A3%8E%E4%B8%8E%E7%89%A7%E6%AD%8C%E4%B9%8B%E5%9F%8E"
"city-winds:1481390929:6557","netease:1481390929","光辉的涨落","kongying:6557","七天神像","蒙德","蒙德","【蒙德 星落湖】","2293","-4244","蒙德 / 蒙德 / 蒙德战斗","region-scope","pending","Wiki出处：蒙德战斗。点位原说明：【蒙德 星落湖】。出处明确蒙德战斗，按用户范围规则挂到20个普通蒙德点位。保留战斗语境和待核实，不将它写成常驻环境音乐；专属点位不追加泛地区候选。 所有音乐与点位关系仍待人工复核。","https://wiki.biligame.com/ys/%E9%A3%8E%E4%B8%8E%E7%89%A7%E6%AD%8C%E4%B9%8B%E5%9F%8E"
"city-winds:1481390929:6289","netease:1481390929","光辉的涨落","kongying:6289","传送锚点","蒙德","蒙德","【蒙德 誓言岬】","3199.3316836234","-2744.2115340797","蒙德 / 蒙德 / 蒙德战斗","region-scope","pending","Wiki出处：蒙德战斗。点位原说明：【蒙德 誓言岬】。出处明确蒙德战斗，按用户范围规则挂到20个普通蒙德点位。保留战斗语境和待核实，不将它写成常驻环境音乐；专属点位不追加泛地区候选。 所有音乐与点位关系仍待人工复核。","https://wiki.biligame.com/ys/%E9%A3%8E%E4%B8%8E%E7%89%A7%E6%AD%8C%E4%B9%8B%E5%9F%8E"
"city-winds:1481390929:6284","netease:1481390929","光辉的涨落","kongying:6284","传送锚点","蒙德","蒙德","【蒙德 苍风高地】","1226.9417838044","-3730.38146687","蒙德 / 蒙德 / 蒙德战斗","region-scope","pending","Wiki出处：蒙德战斗。点位原说明：【蒙德 苍风高地】。出处明确蒙德战斗，按用户范围规则挂到20个普通蒙德点位。保留战斗语境和待核实，不将它写成常驻环境音乐；专属点位不追加泛地区候选。 所有音乐与点位关系仍待人工复核。","https://wiki.biligame.com/ys/%E9%A3%8E%E4%B8%8E%E7%89%A7%E6%AD%8C%E4%B9%8B%E5%9F%8E"
"city-winds:1481390929:6555","netease:1481390929","光辉的涨落","kongying:6555","七天神像","蒙德","蒙德","【蒙德 苍风高地】
击败附近的【狂风之核】可解除【狂风屏障】并激活。","1295","-3297.8333435059","蒙德 / 蒙德 / 蒙德战斗","region-scope","pending","Wiki出处：蒙德战斗。点位原说明：【蒙德 苍风高地】；击败附近的【狂风之核】可解除【狂风屏障】并激活。。出处明确蒙德战斗，按用户范围规则挂到20个普通蒙德点位。保留战斗语境和待核实，不将它写成常驻环境音乐；专属点位不追加泛地区候选。 所有音乐与点位关系仍待人工复核。","https://wiki.biligame.com/ys/%E9%A3%8E%E4%B8%8E%E7%89%A7%E6%AD%8C%E4%B9%8B%E5%9F%8E"
"city-winds:1481390929:7290","netease:1481390929","光辉的涨落","kongying:7290","传送锚点","蒙德","蒙德","【蒙德 苍风高地】","2037.5834085960996","-2950.8350506112","蒙德 / 蒙德 / 蒙德战斗","region-scope","pending","Wiki出处：蒙德战斗。点位原说明：【蒙德 苍风高地】。出处明确蒙德战斗，按用户范围规则挂到20个普通蒙德点位。保留战斗语境和待核实，不将它写成常驻环境音乐；专属点位不追加泛地区候选。 所有音乐与点位关系仍待人工复核。","https://wiki.biligame.com/ys/%E9%A3%8E%E4%B8%8E%E7%89%A7%E6%AD%8C%E4%B9%8B%E5%9F%8E"
"city-winds:1481390929:6286","netease:1481390929","光辉的涨落","kongying:6286","传送锚点","蒙德","蒙德","【蒙德 清泉镇】","1689.178006025","-3482.2398053092","蒙德 / 蒙德 / 蒙德战斗","region-scope","pending","Wiki出处：蒙德战斗。点位原说明：【蒙德 清泉镇】。出处明确蒙德战斗，按用户范围规则挂到20个普通蒙德点位。保留战斗语境和待核实，不将它写成常驻环境音乐；专属点位不追加泛地区候选。 所有音乐与点位关系仍待人工复核。","https://wiki.biligame.com/ys/%E9%A3%8E%E4%B8%8E%E7%89%A7%E6%AD%8C%E4%B9%8B%E5%9F%8E"
"city-winds:1481390929:6285","netease:1481390929","光辉的涨落","kongying:6285","传送锚点","蒙德","蒙德","【蒙德 苍风高地】","800.33069395251","-3309.4839928473","蒙德 / 蒙德 / 蒙德战斗","region-scope","pending","Wiki出处：蒙德战斗。点位原说明：【蒙德 苍风高地】。出处明确蒙德战斗，按用户范围规则挂到20个普通蒙德点位。保留战斗语境和待核实，不将它写成常驻环境音乐；专属点位不追加泛地区候选。 所有音乐与点位关系仍待人工复核。","https://wiki.biligame.com/ys/%E9%A3%8E%E4%B8%8E%E7%89%A7%E6%AD%8C%E4%B9%8B%E5%9F%8E"
"city-winds:1481390929:6282","netease:1481390929","光辉的涨落","kongying:6282","传送锚点","蒙德","蒙德","【蒙德 明冠山地】","479.70576116829","-3994.650456529","蒙德 / 蒙德 / 蒙德战斗","region-scope","pending","Wiki出处：蒙德战斗。点位原说明：【蒙德 明冠山地】。出处明确蒙德战斗，按用户范围规则挂到20个普通蒙德点位。保留战斗语境和待核实，不将它写成常驻环境音乐；专属点位不追加泛地区候选。 所有音乐与点位关系仍待人工复核。","https://wiki.biligame.com/ys/%E9%A3%8E%E4%B8%8E%E7%89%A7%E6%AD%8C%E4%B9%8B%E5%9F%8E"
"city-winds:1481390929:6283","netease:1481390929","光辉的涨落","kongying:6283","传送锚点","蒙德","蒙德","【蒙德 苍风高地】","1040.6326901073","-3884.3439744663","蒙德 / 蒙德 / 蒙德战斗","region-scope","pending","Wiki出处：蒙德战斗。点位原说明：【蒙德 苍风高地】。出处明确蒙德战斗，按用户范围规则挂到20个普通蒙德点位。保留战斗语境和待核实，不将它写成常驻环境音乐；专属点位不追加泛地区候选。 所有音乐与点位关系仍待人工复核。","https://wiki.biligame.com/ys/%E9%A3%8E%E4%B8%8E%E7%89%A7%E6%AD%8C%E4%B9%8B%E5%9F%8E"
"city-winds:1481390929:6287","netease:1481390929","光辉的涨落","kongying:6287","传送锚点","蒙德","蒙德","【蒙德 清泉镇】","1746","-3211.6666564941","蒙德 / 蒙德 / 蒙德战斗","region-scope","pending","Wiki出处：蒙德战斗。点位原说明：【蒙德 清泉镇】。出处明确蒙德战斗，按用户范围规则挂到20个普通蒙德点位。保留战斗语境和待核实，不将它写成常驻环境音乐；专属点位不追加泛地区候选。 所有音乐与点位关系仍待人工复核。","https://wiki.biligame.com/ys/%E9%A3%8E%E4%B8%8E%E7%89%A7%E6%AD%8C%E4%B9%8B%E5%9F%8E"
"city-winds:1481390929:6288","netease:1481390929","光辉的涨落","kongying:6288","传送锚点","蒙德","蒙德","【蒙德 达达乌帕谷】","2444.4300645305","-2771.0383143056","蒙德 / 蒙德 / 蒙德战斗","region-scope","pending","Wiki出处：蒙德战斗。点位原说明：【蒙德 达达乌帕谷】。出处明确蒙德战斗，按用户范围规则挂到20个普通蒙德点位。保留战斗语境和待核实，不将它写成常驻环境音乐；专属点位不追加泛地区候选。 所有音乐与点位关系仍待人工复核。","https://wiki.biligame.com/ys/%E9%A3%8E%E4%B8%8E%E7%89%A7%E6%AD%8C%E4%B9%8B%E5%9F%8E"
"city-winds:1481390929:6291","netease:1481390929","光辉的涨落","kongying:6291","传送锚点","蒙德","蒙德","【蒙德 坠星山谷】","2023.831645842","-3751.6666717529","蒙德 / 蒙德 / 蒙德战斗","region-scope","pending","Wiki出处：蒙德战斗。点位原说明：【蒙德 坠星山谷】。出处明确蒙德战斗，按用户范围规则挂到20个普通蒙德点位。保留战斗语境和待核实，不将它写成常驻环境音乐；专属点位不追加泛地区候选。 所有音乐与点位关系仍待人工复核。","https://wiki.biligame.com/ys/%E9%A3%8E%E4%B8%8E%E7%89%A7%E6%AD%8C%E4%B9%8B%E5%9F%8E"
"city-winds:1481390929:6294","netease:1481390929","光辉的涨落","kongying:6294","传送锚点","蒙德","蒙德","【蒙德 望风山地】","2699.6673508208","-4596.6666717529","蒙德 / 蒙德 / 蒙德战斗","region-scope","pending","Wiki出处：蒙德战斗。点位原说明：【蒙德 望风山地】。出处明确蒙德战斗，按用户范围规则挂到20个普通蒙德点位。保留战斗语境和待核实，不将它写成常驻环境音乐；专属点位不追加泛地区候选。 所有音乐与点位关系仍待人工复核。","https://wiki.biligame.com/ys/%E9%A3%8E%E4%B8%8E%E7%89%A7%E6%AD%8C%E4%B9%8B%E5%9F%8E"
"city-winds:1481390929:7298","netease:1481390929","光辉的涨落","kongying:7298","传送锚点","蒙德","蒙德","【蒙德 明冠山地】","1107.8334085961","-4265.1667784342","蒙德 / 蒙德 / 蒙德战斗","region-scope","pending","Wiki出处：蒙德战斗。点位原说明：【蒙德 明冠山地】。出处明确蒙德战斗，按用户范围规则挂到20个普通蒙德点位。保留战斗语境和待核实，不将它写成常驻环境音乐；专属点位不追加泛地区候选。 所有音乐与点位关系仍待人工复核。","https://wiki.biligame.com/ys/%E9%A3%8E%E4%B8%8E%E7%89%A7%E6%AD%8C%E4%B9%8B%E5%9F%8E"
"city-winds:1481390929:6293","netease:1481390929","光辉的涨落","kongying:6293","传送锚点","蒙德","蒙德","【蒙德 望风山地】","2223.1673355581","-4452.8333282471","蒙德 / 蒙德 / 蒙德战斗","region-scope","pending","Wiki出处：蒙德战斗。点位原说明：【蒙德 望风山地】。出处明确蒙德战斗，按用户范围规则挂到20个普通蒙德点位。保留战斗语境和待核实，不将它写成常驻环境音乐；专属点位不追加泛地区候选。 所有音乐与点位关系仍待人工复核。","https://wiki.biligame.com/ys/%E9%A3%8E%E4%B8%8E%E7%89%A7%E6%AD%8C%E4%B9%8B%E5%9F%8E"
"city-winds:1481390929:115467","netease:1481390929","光辉的涨落","kongying:115467","传送锚点","蒙德","蒙德","（「月之六」版本新增）
【蒙德 明冠山地】

注：「月之六」版本更新后，完成魔神任务【序章 第三幕】「巨龙与自由之歌」后，自动解锁","954.961542835732","-4657.038389543974","蒙德 / 蒙德 / 蒙德战斗","region-scope","pending","Wiki出处：蒙德战斗。点位原说明：（「月之六」版本新增）；【蒙德 明冠山地】；；注：「月之六」版本更新后，完成魔神任务【序章 第三幕】「巨龙与自由之歌」后，自动解锁。出处明确蒙德战斗，按用户范围规则挂到20个普通蒙德点位。保留战斗语境和待核实，不将它写成常驻环境音乐；专属点位不追加泛地区候选。 所有音乐与点位关系仍待人工复核。","https://wiki.biligame.com/ys/%E9%A3%8E%E4%B8%8E%E7%89%A7%E6%AD%8C%E4%B9%8B%E5%9F%8E"
"city-winds:1481390929:6556","netease:1481390929","光辉的涨落","kongying:6556","七天神像","蒙德","蒙德","【蒙德 风起地】","2218","-3387","蒙德 / 蒙德 / 蒙德战斗","region-scope","pending","Wiki出处：蒙德战斗。点位原说明：【蒙德 风起地】。出处明确蒙德战斗，按用户范围规则挂到20个普通蒙德点位。保留战斗语境和待核实，不将它写成常驻环境音乐；专属点位不追加泛地区候选。 所有音乐与点位关系仍待人工复核。","https://wiki.biligame.com/ys/%E9%A3%8E%E4%B8%8E%E7%89%A7%E6%AD%8C%E4%B9%8B%E5%9F%8E"
"city-winds:1481392863:6290","netease:1481392863","解决之道","kongying:6290","传送锚点","蒙德","蒙德","【蒙德 坠星山谷】","2568.5660610573","-3457.1337743964","蒙德 / 蒙德 / 蒙德战斗","region-scope","pending","Wiki出处：蒙德战斗。点位原说明：【蒙德 坠星山谷】。出处明确蒙德战斗，按用户范围规则挂到20个普通蒙德点位。保留战斗语境和待核实，不将它写成常驻环境音乐；专属点位不追加泛地区候选。 所有音乐与点位关系仍待人工复核。","https://wiki.biligame.com/ys/%E9%A3%8E%E4%B8%8E%E7%89%A7%E6%AD%8C%E4%B9%8B%E5%9F%8E"
"city-winds:1481392863:6292","netease:1481392863","解决之道","kongying:6292","传送锚点","蒙德","蒙德","【蒙德 摘星崖】","2540.3336677791","-3883.6666717529","蒙德 / 蒙德 / 蒙德战斗","region-scope","pending","Wiki出处：蒙德战斗。点位原说明：【蒙德 摘星崖】。出处明确蒙德战斗，按用户范围规则挂到20个普通蒙德点位。保留战斗语境和待核实，不将它写成常驻环境音乐；专属点位不追加泛地区候选。 所有音乐与点位关系仍待人工复核。","https://wiki.biligame.com/ys/%E9%A3%8E%E4%B8%8E%E7%89%A7%E6%AD%8C%E4%B9%8B%E5%9F%8E"
"city-winds:1481392863:6295","netease:1481392863","解决之道","kongying:6295","传送锚点","蒙德","蒙德","【蒙德 海岸到嘹望台】","2711.8336677791","-4398.3333435059","蒙德 / 蒙德 / 蒙德战斗","region-scope","pending","Wiki出处：蒙德战斗。点位原说明：【蒙德 海岸到嘹望台】。出处明确蒙德战斗，按用户范围规则挂到20个普通蒙德点位。保留战斗语境和待核实，不将它写成常驻环境音乐；专属点位不追加泛地区候选。 所有音乐与点位关系仍待人工复核。","https://wiki.biligame.com/ys/%E9%A3%8E%E4%B8%8E%E7%89%A7%E6%AD%8C%E4%B9%8B%E5%9F%8E"
"city-winds:1481392863:6557","netease:1481392863","解决之道","kongying:6557","七天神像","蒙德","蒙德","【蒙德 星落湖】","2293","-4244","蒙德 / 蒙德 / 蒙德战斗","region-scope","pending","Wiki出处：蒙德战斗。点位原说明：【蒙德 星落湖】。出处明确蒙德战斗，按用户范围规则挂到20个普通蒙德点位。保留战斗语境和待核实，不将它写成常驻环境音乐；专属点位不追加泛地区候选。 所有音乐与点位关系仍待人工复核。","https://wiki.biligame.com/ys/%E9%A3%8E%E4%B8%8E%E7%89%A7%E6%AD%8C%E4%B9%8B%E5%9F%8E"
"city-winds:1481392863:6289","netease:1481392863","解决之道","kongying:6289","传送锚点","蒙德","蒙德","【蒙德 誓言岬】","3199.3316836234","-2744.2115340797","蒙德 / 蒙德 / 蒙德战斗","region-scope","pending","Wiki出处：蒙德战斗。点位原说明：【蒙德 誓言岬】。出处明确蒙德战斗，按用户范围规则挂到20个普通蒙德点位。保留战斗语境和待核实，不将它写成常驻环境音乐；专属点位不追加泛地区候选。 所有音乐与点位关系仍待人工复核。","https://wiki.biligame.com/ys/%E9%A3%8E%E4%B8%8E%E7%89%A7%E6%AD%8C%E4%B9%8B%E5%9F%8E"
"city-winds:1481392863:6284","netease:1481392863","解决之道","kongying:6284","传送锚点","蒙德","蒙德","【蒙德 苍风高地】","1226.9417838044","-3730.38146687","蒙德 / 蒙德 / 蒙德战斗","region-scope","pending","Wiki出处：蒙德战斗。点位原说明：【蒙德 苍风高地】。出处明确蒙德战斗，按用户范围规则挂到20个普通蒙德点位。保留战斗语境和待核实，不将它写成常驻环境音乐；专属点位不追加泛地区候选。 所有音乐与点位关系仍待人工复核。","https://wiki.biligame.com/ys/%E9%A3%8E%E4%B8%8E%E7%89%A7%E6%AD%8C%E4%B9%8B%E5%9F%8E"
"city-winds:1481392863:6555","netease:1481392863","解决之道","kongying:6555","七天神像","蒙德","蒙德","【蒙德 苍风高地】
击败附近的【狂风之核】可解除【狂风屏障】并激活。","1295","-3297.8333435059","蒙德 / 蒙德 / 蒙德战斗","region-scope","pending","Wiki出处：蒙德战斗。点位原说明：【蒙德 苍风高地】；击败附近的【狂风之核】可解除【狂风屏障】并激活。。出处明确蒙德战斗，按用户范围规则挂到20个普通蒙德点位。保留战斗语境和待核实，不将它写成常驻环境音乐；专属点位不追加泛地区候选。 所有音乐与点位关系仍待人工复核。","https://wiki.biligame.com/ys/%E9%A3%8E%E4%B8%8E%E7%89%A7%E6%AD%8C%E4%B9%8B%E5%9F%8E"
"city-winds:1481392863:7290","netease:1481392863","解决之道","kongying:7290","传送锚点","蒙德","蒙德","【蒙德 苍风高地】","2037.5834085960996","-2950.8350506112","蒙德 / 蒙德 / 蒙德战斗","region-scope","pending","Wiki出处：蒙德战斗。点位原说明：【蒙德 苍风高地】。出处明确蒙德战斗，按用户范围规则挂到20个普通蒙德点位。保留战斗语境和待核实，不将它写成常驻环境音乐；专属点位不追加泛地区候选。 所有音乐与点位关系仍待人工复核。","https://wiki.biligame.com/ys/%E9%A3%8E%E4%B8%8E%E7%89%A7%E6%AD%8C%E4%B9%8B%E5%9F%8E"
"city-winds:1481392863:6286","netease:1481392863","解决之道","kongying:6286","传送锚点","蒙德","蒙德","【蒙德 清泉镇】","1689.178006025","-3482.2398053092","蒙德 / 蒙德 / 蒙德战斗","region-scope","pending","Wiki出处：蒙德战斗。点位原说明：【蒙德 清泉镇】。出处明确蒙德战斗，按用户范围规则挂到20个普通蒙德点位。保留战斗语境和待核实，不将它写成常驻环境音乐；专属点位不追加泛地区候选。 所有音乐与点位关系仍待人工复核。","https://wiki.biligame.com/ys/%E9%A3%8E%E4%B8%8E%E7%89%A7%E6%AD%8C%E4%B9%8B%E5%9F%8E"
"city-winds:1481392863:6285","netease:1481392863","解决之道","kongying:6285","传送锚点","蒙德","蒙德","【蒙德 苍风高地】","800.33069395251","-3309.4839928473","蒙德 / 蒙德 / 蒙德战斗","region-scope","pending","Wiki出处：蒙德战斗。点位原说明：【蒙德 苍风高地】。出处明确蒙德战斗，按用户范围规则挂到20个普通蒙德点位。保留战斗语境和待核实，不将它写成常驻环境音乐；专属点位不追加泛地区候选。 所有音乐与点位关系仍待人工复核。","https://wiki.biligame.com/ys/%E9%A3%8E%E4%B8%8E%E7%89%A7%E6%AD%8C%E4%B9%8B%E5%9F%8E"
"city-winds:1481392863:6282","netease:1481392863","解决之道","kongying:6282","传送锚点","蒙德","蒙德","【蒙德 明冠山地】","479.70576116829","-3994.650456529","蒙德 / 蒙德 / 蒙德战斗","region-scope","pending","Wiki出处：蒙德战斗。点位原说明：【蒙德 明冠山地】。出处明确蒙德战斗，按用户范围规则挂到20个普通蒙德点位。保留战斗语境和待核实，不将它写成常驻环境音乐；专属点位不追加泛地区候选。 所有音乐与点位关系仍待人工复核。","https://wiki.biligame.com/ys/%E9%A3%8E%E4%B8%8E%E7%89%A7%E6%AD%8C%E4%B9%8B%E5%9F%8E"
"city-winds:1481392863:6283","netease:1481392863","解决之道","kongying:6283","传送锚点","蒙德","蒙德","【蒙德 苍风高地】","1040.6326901073","-3884.3439744663","蒙德 / 蒙德 / 蒙德战斗","region-scope","pending","Wiki出处：蒙德战斗。点位原说明：【蒙德 苍风高地】。出处明确蒙德战斗，按用户范围规则挂到20个普通蒙德点位。保留战斗语境和待核实，不将它写成常驻环境音乐；专属点位不追加泛地区候选。 所有音乐与点位关系仍待人工复核。","https://wiki.biligame.com/ys/%E9%A3%8E%E4%B8%8E%E7%89%A7%E6%AD%8C%E4%B9%8B%E5%9F%8E"
"city-winds:1481392863:6287","netease:1481392863","解决之道","kongying:6287","传送锚点","蒙德","蒙德","【蒙德 清泉镇】","1746","-3211.6666564941","蒙德 / 蒙德 / 蒙德战斗","region-scope","pending","Wiki出处：蒙德战斗。点位原说明：【蒙德 清泉镇】。出处明确蒙德战斗，按用户范围规则挂到20个普通蒙德点位。保留战斗语境和待核实，不将它写成常驻环境音乐；专属点位不追加泛地区候选。 所有音乐与点位关系仍待人工复核。","https://wiki.biligame.com/ys/%E9%A3%8E%E4%B8%8E%E7%89%A7%E6%AD%8C%E4%B9%8B%E5%9F%8E"
"city-winds:1481392863:6288","netease:1481392863","解决之道","kongying:6288","传送锚点","蒙德","蒙德","【蒙德 达达乌帕谷】","2444.4300645305","-2771.0383143056","蒙德 / 蒙德 / 蒙德战斗","region-scope","pending","Wiki出处：蒙德战斗。点位原说明：【蒙德 达达乌帕谷】。出处明确蒙德战斗，按用户范围规则挂到20个普通蒙德点位。保留战斗语境和待核实，不将它写成常驻环境音乐；专属点位不追加泛地区候选。 所有音乐与点位关系仍待人工复核。","https://wiki.biligame.com/ys/%E9%A3%8E%E4%B8%8E%E7%89%A7%E6%AD%8C%E4%B9%8B%E5%9F%8E"
"city-winds:1481392863:6291","netease:1481392863","解决之道","kongying:6291","传送锚点","蒙德","蒙德","【蒙德 坠星山谷】","2023.831645842","-3751.6666717529","蒙德 / 蒙德 / 蒙德战斗","region-scope","pending","Wiki出处：蒙德战斗。点位原说明：【蒙德 坠星山谷】。出处明确蒙德战斗，按用户范围规则挂到20个普通蒙德点位。保留战斗语境和待核实，不将它写成常驻环境音乐；专属点位不追加泛地区候选。 所有音乐与点位关系仍待人工复核。","https://wiki.biligame.com/ys/%E9%A3%8E%E4%B8%8E%E7%89%A7%E6%AD%8C%E4%B9%8B%E5%9F%8E"
"city-winds:1481392863:6294","netease:1481392863","解决之道","kongying:6294","传送锚点","蒙德","蒙德","【蒙德 望风山地】","2699.6673508208","-4596.6666717529","蒙德 / 蒙德 / 蒙德战斗","region-scope","pending","Wiki出处：蒙德战斗。点位原说明：【蒙德 望风山地】。出处明确蒙德战斗，按用户范围规则挂到20个普通蒙德点位。保留战斗语境和待核实，不将它写成常驻环境音乐；专属点位不追加泛地区候选。 所有音乐与点位关系仍待人工复核。","https://wiki.biligame.com/ys/%E9%A3%8E%E4%B8%8E%E7%89%A7%E6%AD%8C%E4%B9%8B%E5%9F%8E"
"city-winds:1481392863:7298","netease:1481392863","解决之道","kongying:7298","传送锚点","蒙德","蒙德","【蒙德 明冠山地】","1107.8334085961","-4265.1667784342","蒙德 / 蒙德 / 蒙德战斗","region-scope","pending","Wiki出处：蒙德战斗。点位原说明：【蒙德 明冠山地】。出处明确蒙德战斗，按用户范围规则挂到20个普通蒙德点位。保留战斗语境和待核实，不将它写成常驻环境音乐；专属点位不追加泛地区候选。 所有音乐与点位关系仍待人工复核。","https://wiki.biligame.com/ys/%E9%A3%8E%E4%B8%8E%E7%89%A7%E6%AD%8C%E4%B9%8B%E5%9F%8E"
"city-winds:1481392863:6293","netease:1481392863","解决之道","kongying:6293","传送锚点","蒙德","蒙德","【蒙德 望风山地】","2223.1673355581","-4452.8333282471","蒙德 / 蒙德 / 蒙德战斗","region-scope","pending","Wiki出处：蒙德战斗。点位原说明：【蒙德 望风山地】。出处明确蒙德战斗，按用户范围规则挂到20个普通蒙德点位。保留战斗语境和待核实，不将它写成常驻环境音乐；专属点位不追加泛地区候选。 所有音乐与点位关系仍待人工复核。","https://wiki.biligame.com/ys/%E9%A3%8E%E4%B8%8E%E7%89%A7%E6%AD%8C%E4%B9%8B%E5%9F%8E"
"city-winds:1481392863:115467","netease:1481392863","解决之道","kongying:115467","传送锚点","蒙德","蒙德","（「月之六」版本新增）
【蒙德 明冠山地】

注：「月之六」版本更新后，完成魔神任务【序章 第三幕】「巨龙与自由之歌」后，自动解锁","954.961542835732","-4657.038389543974","蒙德 / 蒙德 / 蒙德战斗","region-scope","pending","Wiki出处：蒙德战斗。点位原说明：（「月之六」版本新增）；【蒙德 明冠山地】；；注：「月之六」版本更新后，完成魔神任务【序章 第三幕】「巨龙与自由之歌」后，自动解锁。出处明确蒙德战斗，按用户范围规则挂到20个普通蒙德点位。保留战斗语境和待核实，不将它写成常驻环境音乐；专属点位不追加泛地区候选。 所有音乐与点位关系仍待人工复核。","https://wiki.biligame.com/ys/%E9%A3%8E%E4%B8%8E%E7%89%A7%E6%AD%8C%E4%B9%8B%E5%9F%8E"
"city-winds:1481392863:6556","netease:1481392863","解决之道","kongying:6556","七天神像","蒙德","蒙德","【蒙德 风起地】","2218","-3387","蒙德 / 蒙德 / 蒙德战斗","region-scope","pending","Wiki出处：蒙德战斗。点位原说明：【蒙德 风起地】。出处明确蒙德战斗，按用户范围规则挂到20个普通蒙德点位。保留战斗语境和待核实，不将它写成常驻环境音乐；专属点位不追加泛地区候选。 所有音乐与点位关系仍待人工复核。","https://wiki.biligame.com/ys/%E9%A3%8E%E4%B8%8E%E7%89%A7%E6%AD%8C%E4%B9%8B%E5%9F%8E"
"city-winds:1481392859:6557","netease:1481392859","亘古的韵律","kongying:6557","七天神像","蒙德","蒙德","【蒙德 星落湖】","2293","-4244","蒙德 / 蒙德 / 西风之鹰的庙宇","region-archive","pending","Wiki出处：西风之鹰的庙宇。点位原说明：【蒙德 星落湖】。保留Wiki原名；详情页404、现有锚点说明无同名。仅按蒙德篇归档，秘境名称/方位待核对。 所有音乐与点位关系仍待人工复核。","https://wiki.biligame.com/ys/%E9%A3%8E%E4%B8%8E%E7%89%A7%E6%AD%8C%E4%B9%8B%E5%9F%8E"
"city-winds:1481392861:6558","netease:1481392861","无尽的回响","kongying:6558","七天神像","蒙德","龙脊雪山","【蒙德 覆雪之路】","1895.1668262582","-2392.5","蒙德 / 龙脊雪山 / 芬德尼尔之顶","region-archive","pending","Wiki出处：芬德尼尔之顶。点位原说明：【蒙德 覆雪之路】。秘境页面所属地区为龙脊雪山。无秘境同名锚点，归档到该源地区唯一神像，非覆雪之路常驻BGM。 所有音乐与点位关系仍待人工复核。","https://wiki.biligame.com/ys/%E9%A3%8E%E4%B8%8E%E7%89%A7%E6%AD%8C%E4%B9%8B%E5%9F%8E"
"city-winds:1481390944:6614","netease:1481390944","冲啊！无畏的勇士","kongying:6614","七天神像","璃月","璃月","【璃月 遁玉陵】","-786.00025464997","-359.5","璃月 / 璃月 / 太山府","region-archive","pending","Wiki出处：太山府。点位原说明：【璃月 遁玉陵】。秘境页面明确属于璃月；无同名锚点，挂在源地区璃月的五个神像。没有推定到更细真实音区。 所有音乐与点位关系仍待人工复核。","https://wiki.biligame.com/ys/%E9%A3%8E%E4%B8%8E%E7%89%A7%E6%AD%8C%E4%B9%8B%E5%9F%8E"
"city-winds:1481390944:6613","netease:1481390944","冲啊！无畏的勇士","kongying:6613","七天神像","璃月","璃月","【璃月 云来海】","190.6668415208701","-805.5833282470703","璃月 / 璃月 / 太山府","region-archive","pending","Wiki出处：太山府。点位原说明：【璃月 云来海】。秘境页面明确属于璃月；无同名锚点，挂在源地区璃月的五个神像。没有推定到更细真实音区。 所有音乐与点位关系仍待人工复核。","https://wiki.biligame.com/ys/%E9%A3%8E%E4%B8%8E%E7%89%A7%E6%AD%8C%E4%B9%8B%E5%9F%8E"
"city-winds:1481390944:6611","netease:1481390944","冲啊！无畏的勇士","kongying:6611","七天神像","璃月","璃月","【璃月 荻花洲】","190.66657160822","-2528.1666717529","璃月 / 璃月 / 太山府","region-archive","pending","Wiki出处：太山府。点位原说明：【璃月 荻花洲】。秘境页面明确属于璃月；无同名锚点，挂在源地区璃月的五个神像。没有推定到更细真实音区。 所有音乐与点位关系仍待人工复核。","https://wiki.biligame.com/ys/%E9%A3%8E%E4%B8%8E%E7%89%A7%E6%AD%8C%E4%B9%8B%E5%9F%8E"
"city-winds:1481390944:6615","netease:1481390944","冲啊！无畏的勇士","kongying:6615","七天神像","璃月","璃月","【璃月 庆云顶】","-1433.5","-1839.1666717529","璃月 / 璃月 / 太山府","region-archive","pending","Wiki出处：太山府。点位原说明：【璃月 庆云顶】。秘境页面明确属于璃月；无同名锚点，挂在源地区璃月的五个神像。没有推定到更细真实音区。 所有音乐与点位关系仍待人工复核。","https://wiki.biligame.com/ys/%E9%A3%8E%E4%B8%8E%E7%89%A7%E6%AD%8C%E4%B9%8B%E5%9F%8E"
"city-winds:1481390944:6612","netease:1481390944","冲啊！无畏的勇士","kongying:6612","七天神像","璃月","璃月","【璃月 琼玑野】","872","-1656.1666870117","璃月 / 璃月 / 太山府","region-archive","pending","Wiki出处：太山府。点位原说明：【璃月 琼玑野】。秘境页面明确属于璃月；无同名锚点，挂在源地区璃月的五个神像。没有推定到更细真实音区。 所有音乐与点位关系仍待人工复核。","https://wiki.biligame.com/ys/%E9%A3%8E%E4%B8%8E%E7%89%A7%E6%AD%8C%E4%B9%8B%E5%9F%8E"
"city-winds:1481390947:6557","netease:1481390947","水滴的节拍","kongying:6557","七天神像","蒙德","蒙德","【蒙德 星落湖】","2293","-4244","蒙德 / 蒙德 / 塞西莉亚苗圃","region-archive","pending","Wiki出处：塞西莉亚苗圃。点位原说明：【蒙德 星落湖】。秘境页面所属地区为蒙德；无同名点位，用蒙德默认归档神像，不将星落湖当秘境所在地。 所有音乐与点位关系仍待人工复核。","https://wiki.biligame.com/ys/%E9%A3%8E%E4%B8%8E%E7%89%A7%E6%AD%8C%E4%B9%8B%E5%9F%8E"
"city-winds:1481390943:6614","netease:1481390943","魔导的深秘","kongying:6614","七天神像","璃月","璃月","【璃月 遁玉陵】","-786.00025464997","-359.5","璃月 / 璃月 / 震雷连山密宫","region-archive","pending","Wiki出处：雷震连山秘宫。点位原说明：【璃月 遁玉陵】。专辑页“雷震连山秘宫”为不存在的红链。另页“震雷连山密宫”明确属于璃月；名称规范化为候选，保留原文字并待人工确认。 所有音乐与点位关系仍待人工复核。","https://wiki.biligame.com/ys/%E9%A3%8E%E4%B8%8E%E7%89%A7%E6%AD%8C%E4%B9%8B%E5%9F%8E"
"city-winds:1481390943:6613","netease:1481390943","魔导的深秘","kongying:6613","七天神像","璃月","璃月","【璃月 云来海】","190.6668415208701","-805.5833282470703","璃月 / 璃月 / 震雷连山密宫","region-archive","pending","Wiki出处：雷震连山秘宫。点位原说明：【璃月 云来海】。专辑页“雷震连山秘宫”为不存在的红链。另页“震雷连山密宫”明确属于璃月；名称规范化为候选，保留原文字并待人工确认。 所有音乐与点位关系仍待人工复核。","https://wiki.biligame.com/ys/%E9%A3%8E%E4%B8%8E%E7%89%A7%E6%AD%8C%E4%B9%8B%E5%9F%8E"
"city-winds:1481390943:6611","netease:1481390943","魔导的深秘","kongying:6611","七天神像","璃月","璃月","【璃月 荻花洲】","190.66657160822","-2528.1666717529","璃月 / 璃月 / 震雷连山密宫","region-archive","pending","Wiki出处：雷震连山秘宫。点位原说明：【璃月 荻花洲】。专辑页“雷震连山秘宫”为不存在的红链。另页“震雷连山密宫”明确属于璃月；名称规范化为候选，保留原文字并待人工确认。 所有音乐与点位关系仍待人工复核。","https://wiki.biligame.com/ys/%E9%A3%8E%E4%B8%8E%E7%89%A7%E6%AD%8C%E4%B9%8B%E5%9F%8E"
"city-winds:1481390943:6615","netease:1481390943","魔导的深秘","kongying:6615","七天神像","璃月","璃月","【璃月 庆云顶】","-1433.5","-1839.1666717529","璃月 / 璃月 / 震雷连山密宫","region-archive","pending","Wiki出处：雷震连山秘宫。点位原说明：【璃月 庆云顶】。专辑页“雷震连山秘宫”为不存在的红链。另页“震雷连山密宫”明确属于璃月；名称规范化为候选，保留原文字并待人工确认。 所有音乐与点位关系仍待人工复核。","https://wiki.biligame.com/ys/%E9%A3%8E%E4%B8%8E%E7%89%A7%E6%AD%8C%E4%B9%8B%E5%9F%8E"
"city-winds:1481390943:6612","netease:1481390943","魔导的深秘","kongying:6612","七天神像","璃月","璃月","【璃月 琼玑野】","872","-1656.1666870117","璃月 / 璃月 / 震雷连山密宫","region-archive","pending","Wiki出处：雷震连山秘宫。点位原说明：【璃月 琼玑野】。专辑页“雷震连山秘宫”为不存在的红链。另页“震雷连山密宫”明确属于璃月；名称规范化为候选，保留原文字并待人工确认。 所有音乐与点位关系仍待人工复核。","https://wiki.biligame.com/ys/%E9%A3%8E%E4%B8%8E%E7%89%A7%E6%AD%8C%E4%B9%8B%E5%9F%8E"
"city-winds:1481390950:6557","netease:1481390950","无数的逆境","kongying:6557","七天神像","蒙德","蒙德","【蒙德 星落湖】","2293","-4244","蒙德 / 蒙德 / 冒险等级突破副本、深渊","region-archive","pending","Wiki出处：冒险等级突破副本、深渊。点位原说明：【蒙德 星落湖】。出处可能为多个副本或独立场景，当前无对应传送锚点；仅按专辑归属归档，实际所在地区待确认。 所有音乐与点位关系仍待人工复核。","https://wiki.biligame.com/ys/%E9%A3%8E%E4%B8%8E%E7%89%A7%E6%AD%8C%E4%B9%8B%E5%9F%8E"
"city-winds:1481392821:6557","netease:1481392821","不休的风航","kongying:6557","七天神像","蒙德","蒙德","【蒙德 星落湖】","2293","-4244","蒙德 / 蒙德 / 主线任务（战斗/具体地点未定）","region-archive","pending","Wiki出处：主线任务。点位原说明：【蒙德 星落湖】。出处只写主线任务，不推断具体地区或常驻BGM；按蒙德篇专辑归档。 所有音乐与点位关系仍待人工复核。","https://wiki.biligame.com/ys/%E9%A3%8E%E4%B8%8E%E7%89%A7%E6%AD%8C%E4%B9%8B%E5%9F%8E"
"city-winds:1481392824:6626","netease:1481392824","乘风前行","kongying:6626","传送锚点","蒙德","蒙德","【蒙德 蒙德城】","1695","-3861","蒙德 / 蒙德 / 蒙德城内 · 特瓦林（剧情战斗）","parent-place-match","pending","Wiki出处：特瓦林(蒙德城内)。点位原说明：【蒙德 蒙德城】。出处直接列特瓦林(蒙德城内)，只能匹配城级锚点；非城内常驻音乐。 所有音乐与点位关系仍待人工复核。","https://wiki.biligame.com/ys/%E9%A3%8E%E4%B8%8E%E7%89%A7%E6%AD%8C%E4%B9%8B%E5%9F%8E"
"city-winds:1481392824:6625","netease:1481392824","乘风前行","kongying:6625","传送锚点","蒙德","蒙德","【蒙德 蒙德城】","1524.5","-3838.5","蒙德 / 蒙德 / 蒙德城内 · 特瓦林（剧情战斗）","parent-place-match","pending","Wiki出处：特瓦林(蒙德城内)。点位原说明：【蒙德 蒙德城】。出处直接列特瓦林(蒙德城内)，只能匹配城级锚点；非城内常驻音乐。 所有音乐与点位关系仍待人工复核。","https://wiki.biligame.com/ys/%E9%A3%8E%E4%B8%8E%E7%89%A7%E6%AD%8C%E4%B9%8B%E5%9F%8E"
"city-winds:1481390930:6555","netease:1481390930","冰风回荡","kongying:6555","七天神像","蒙德","蒙德","【蒙德 苍风高地】
击败附近的【狂风之核】可解除【狂风屏障】并激活。","1295","-3297.8333435059","蒙德 / 蒙德 / 北风狼战斗","region-archive","pending","Wiki出处：北风狼第一阶段。点位原说明：【蒙德 苍风高地】；击败附近的【狂风之核】可解除【狂风屏障】并激活。。出处只明确北风狼阶段；当前锚点说明无北风狼/奔狼领，借苍风高地神像归档，不给副本捏造坐标。 所有音乐与点位关系仍待人工复核。","https://wiki.biligame.com/ys/%E9%A3%8E%E4%B8%8E%E7%89%A7%E6%AD%8C%E4%B9%8B%E5%9F%8E"
"city-winds:1481392864:6555","netease:1481392864","冰封交响曲","kongying:6555","七天神像","蒙德","蒙德","【蒙德 苍风高地】
击败附近的【狂风之核】可解除【狂风屏障】并激活。","1295","-3297.8333435059","蒙德 / 蒙德 / 北风狼战斗","region-archive","pending","Wiki出处：北风狼第二阶段。点位原说明：【蒙德 苍风高地】；击败附近的【狂风之核】可解除【狂风屏障】并激活。。出处只明确北风狼阶段；当前锚点说明无北风狼/奔狼领，借苍风高地神像归档，不给副本捏造坐标。 所有音乐与点位关系仍待人工复核。","https://wiki.biligame.com/ys/%E9%A3%8E%E4%B8%8E%E7%89%A7%E6%AD%8C%E4%B9%8B%E5%9F%8E"
